ace-can-ill	TFAP2C
ace-can-ill	HGF
ace-can-ill	NAMPT
ace-can-ill	VIM
ace-can-ill	CD38
ace-can-ill	CRYAB
ace-can-ill	CDH9
ace-can-ill	HES1
ace-can-ill	IGFBP5
ace-can-ill	DLX2
ace-can-ill	TTR
ace-can-ill	PDGFRA
ace-can-ill	BRIP1
ace-can-ill	KIF11
ace-can-ill	TRHDE
ace-can-ill	PROX1
ace-can-ill	CUX2
ace-can-ill	THSD4
ace-can-ill	MOB3B
ace-can-ill	FBN2
ace-can-ill	CDH20
ace-can-ill	PALMD
ace-can-ill	CD44
ace-can-ill	DGKD
ace-can-ill	SEMA3C
ace-can-ill	RUNX1T1
ace-can-ill	SLCO1C1
ace-can-ill	BEST3
ace-can-ill	ASCL1
ace-can-ill	SRRM4
ace-can-ill	NXPH2
ace-can-ill	HES6
ace-can-ill	GLRA3
ace-can-ill	DAAM2
ace-can-ill	EGFR
ace-can-ill	ST18
ace-can-ill	CRH
ace-can-ill	SLC1A2
ace-can-ill	ZNF385D
ace-can-ill	GADL1
ace-can-ill	GJA1
ace-can-ill	TCTEX1D1
ace-can-ill	STK32B
ace-can-ill	FEZF2
ace-can-ill	SST
ace-can-ill	SLC6A1
ace-can-ill	KIT
ace-can-ill	PREX2
ace-can-ill	C21orf58
ace-can-ill	NEUROD1
ace-can-ill	IGFBP7
ace-can-ill	EOMES
ace-can-ill	PRSS12
ace-can-ill	ITGA2
ace-can-ill	ENPP6
ace-can-ill	BMPER
ace-can-ill	COL1A2
ace-can-ill	PDZRN4
ace-can-ill	PPP1R16B
ace-can-ill	CALB2
ace-can-ill	FOS
ace-can-ill	KCNS3
ace-can-ill	RETREG1
ace-can-ill	NWD2
ace-can-ill	CPED1
ace-can-ill	UGT8
ace-can-ill	DPY19L1
ace-can-ill	CARHSP1
ace-can-ill	FGFBP3
ace-can-ill	EBF1
ace-can-ill	METAP1D
ace-can-ill	SLC9A9
ace-can-ill	TAC1
ace-can-ill	NHLH2
ace-can-ill	TSHZ1
ace-can-ill	KCNH5
ace-can-ill	GLIS3
ace-can-ill	RIT2
ace-can-ill	ATP10B
ace-can-ill	EYA2
ace-can-ill	ADAMTSL1
ace-can-ill	POU3F2
ace-can-ill	PCP4
ace-can-ill	SV2B
ace-can-ill	HS3ST4
ace-can-ill	CPNE8
ace-can-ill	ZNF804B
ace-can-ill	CCK
ace-can-ill	EPHA3
ace-can-ill	SLA
ace-can-ill	GLUL
ace-can-ill	RUNX1
ace-can-ill	NR3C2
ace-can-ill	SMC4
ace-can-ill	KNL1
ace-can-ill	CAMK2A
ace-can-ill	ZNF536
ace-can-ill	DLL3
ace-can-ill	APOLD1
ace-can-ill	BCL11B
ace-can-ill	SPOCK3
ace-can-ill	CREB5
ace-can-ill	CFAP299
ace-can-ill	GAD1
ace-can-ill	KCNIP4
ace-can-ill	KLHL14
ace-can-ill	FAM107A
ace-can-ill	STAT1
ace-can-ill	IFI6
ace-can-ill	COL4A5
ace-can-ill	GRM3
ace-can-ill	GRIN3A
ace-can-ill	SLC35F3
ace-can-ill	VIP
ace-can-ill	ASPM
ace-can-ill	TNR
ace-can-ill	MOXD1
ace-can-ill	NKAIN2
ace-can-ill	BNIP3
ace-can-ill	TCERG1L
ace-can-ill	EBF3
ace-can-ill	EPHA7
ace-can-ill	TCF7L2
ace-can-ill	SORCS3
ace-can-ill	VAV3
ace-can-ill	OLFM3
ace-can-ill	KCNQ5
ace-can-ill	COL24A1
ace-can-ill	HCRTR2
ace-can-ill	BCAS1
ace-can-ill	TSHZ2
ace-can-ill	IFIT1
ace-can-ill	IFIT3
ace-can-ill	SPATA6
ace-can-ill	CHRDL1
ace-can-ill	VEGFA
ace-can-ill	IL1RAPL2
ace-can-ill	KLHL4
ace-can-ill	ITM2A
ace-can-ill	PBX3
ace-can-ill	ID3
ace-can-ill	NRP1
ace-can-ill	SVIL
ace-can-ill	COL4A1
ace-can-ill	APBB1IP
ace-can-ill	GAD2
ace-can-ill	RORB
ace-can-ill	GPC5
ace-can-ill	KLHL1
ace-can-ill	KITLG
ace-can-ill	ARX
ace-can-ill	LHFPL6
ace-can-ill	SFRP1
ace-can-ill	MAB21L1
ace-can-ill	CNTLN
ace-can-ill	CD99
ace-can-ill	ADARB2
ace-can-ill	RRM2
ace-can-ill	DOCK8
ace-can-ill	OLIG1
ace-can-ill	SEMA5A
ace-can-ill	AQP4
ace-can-ill	MOBP
ace-can-ill	GPX3
ace-can-ill	ALK
ace-can-ill	GRIK1
ace-can-ill	TFPI
ace-can-ill	ZBBX
ace-can-ill	ABLIM1
ace-can-ill	SPP1
ace-can-ill	GLI3
ace-can-ill	KIAA1217
ace-can-ill	GRIN2A
ace-can-ill	ITIH5
ace-can-ill	CCBE1
ace-can-ill	MX1
ace-can-ill	PTCHD4
ace-can-ill	MAP3K1
ace-can-ill	COLEC12
ace-can-ill	PCBP3
ace-can-ill	DIAPH3
ace-can-ill	DSCAM
ace-can-ill	PCDH11Y
ace-can-ill	LINC02487
ace-can-ill	RGS6
ace-can-ill	HMGA2
ace-can-ill	LTBP1
ace-can-ill	SLIT3
ace-can-ill	ETV1
ace-can-ill	MYT1L
ace-can-ill	CEBPD
ace-can-ill	COBLL1
ace-can-ill	NECAB1
ace-can-ill	TFRC
ace-can-ill	NFIA-AS2
ace-can-ill	LAMA2
ace-can-ill	LNCAROD
ace-can-ill	TOP2A
ace-can-ill	LHFPL3
ace-can-ill	COL12A1
ace-can-ill	ENPP2
ace-can-ill	VWC2L
ace-can-ill	SEMA3E
ace-can-ill	TNS3
ace-can-ill	RELN
ace-can-ill	CPNE4
ace-can-ill	DLX6-AS1
ace-can-ill	ABCA8
ace-can-ill	RBMS3
ace-can-ill	MDGA1
ace-can-ill	DIO2
ace-can-ill	HMGB2
ace-can-ill	SGO1-AS1
ace-can-ill	CLMP
ace-can-ill	CCN1
ace-can-ill	NELL2
ace-can-ill	LRRC9
ace-can-ill	FN1
ace-can-ill	CFAP43
ace-can-ill	SULF1
ace-can-ill	TAC3
ace-can-ill	RARB
ace-can-ill	SYNPR
ace-can-ill	CADPS2
ace-can-ill	CNTNAP2
ace-can-ill	ARMC3
ace-can-ill	CENPF
ace-can-ill	GPR39
ace-can-ill	SPATA17
ace-can-ill	RNF220
ace-can-ill	SULF2
ace-can-ill	EVA1C
ace-can-ill	GPR17
ace-can-ill	ZIC1
ace-can-ill	ABCB1
ace-can-ill	FYB2
ace-can-ill	LRIG1
ace-can-ill	MLIP
ace-can-ill	CDH12
ace-can-ill	FAM160A1
ace-can-ill	CCSER1
ace-can-ill	LINC02147
ace-can-ill	INPP4B
ace-can-ill	CDH18
ace-can-ill	CXCL14
ace-can-ill	RALYL
ace-can-ill	ANGPT1
ace-can-ill	FBXO32
ace-can-ill	POU6F2
ace-can-ill	EBF2
ace-can-ill	MAML2
ace-can-ill	KIRREL3
ace-can-ill	TNC
ace-can-ill	DOCK10
ace-can-ill	CCDC175
ace-can-ill	RIPOR2
ace-can-ill	ST8SIA5
ace-can-ill	PLS3
ace-can-ill	LINC01965
ace-can-ill	LINC00609
ace-can-ill	LINC01619
ace-can-ill	HOPX
ace-can-ill	DPF3
ace-can-ill	TSHR
ace-can-ill	CA10
ace-can-ill	SPON1
ace-can-ill	RBFOX3
ace-can-ill	CBLN2
ace-can-ill	KCNQ1OT1
ace-can-ill	ZFP36
ace-can-ill	NXPH1
ace-can-ill	OBI1-AS1
ace-can-ill	FAM106A
ace-can-ill	NEFL
ace-can-ill	LRMDA
ace-can-ill	CNTNAP4
ace-can-ill	OPCML
ace-can-ill	DACH1
ace-can-ill	LHX1
ace-can-ill	SATB2
ace-can-ill	AGBL1
ace-can-ill	FLT1
ace-can-ill	EOGT
ace-can-ill	NEAT1
ace-can-ill	SP8
ace-can-ill	CLDN5
ace-can-ill	PCDH15
ace-can-ill	PCSK6
ace-can-ill	NR2F2-AS1
ace-can-ill	PLP1
ace-can-ill	LHX1-DT
ace-can-ill	DISC1
ace-can-ill	SORCS1
ace-can-ill	LIPG
ace-can-ill	ISG15
ace-can-ill	LINC01170
ace-can-ill	SATB1-AS1
ace-can-ill	CFAP54
ace-can-ill	RMST
ace-can-ill	NOTCH1
ace-can-ill	Blank-1
ace-can-ill	Blank-2
ace-can-ill	Blank-3
ace-can-ill	Blank-4
ace-can-ill	Blank-5
ace-can-ill	Blank-6
ace-can-ill	Blank-7
ace-can-ill	Blank-8
ace-can-ill	Blank-9
ace-can-ill	Blank-10
ace-can-ill	Blank-11
ace-can-ill	Blank-12
ace-can-ill	Blank-13
ace-can-ill	Blank-14
ace-can-ill	Blank-15
ace-can-imp	TFAP2C
ace-can-imp	HGF
ace-can-imp	NAMPT
ace-can-imp	VIM
ace-can-imp	CD38
ace-can-imp	CRYAB
ace-can-imp	CDH9
ace-can-imp	HES1
ace-can-imp	IGFBP5
ace-can-imp	DLX2
ace-can-imp	TTR
ace-can-imp	PDGFRA
ace-can-imp	BRIP1
ace-can-imp	KIF11
ace-can-imp	TRHDE
ace-can-imp	PROX1
ace-can-imp	CUX2
ace-can-imp	THSD4
ace-can-imp	MOB3B
ace-can-imp	FBN2
ace-can-imp	CDH20
ace-can-imp	PALMD
ace-can-imp	CD44
ace-can-imp	DGKD
ace-can-imp	SEMA3C
ace-can-imp	RUNX1T1
ace-can-imp	SLCO1C1
ace-can-imp	BEST3
ace-can-imp	ASCL1
ace-can-imp	SRRM4
ace-can-imp	NXPH2
ace-can-imp	HES6
ace-can-imp	GLRA3
ace-can-imp	DAAM2
ace-can-imp	EGFR
ace-can-imp	ST18
ace-can-imp	CRH
ace-can-imp	SLC1A2
ace-can-imp	ZNF385D
ace-can-imp	GADL1
ace-can-imp	GJA1
ace-can-imp	TCTEX1D1
ace-can-imp	STK32B
ace-can-imp	FEZF2
ace-can-imp	SST
ace-can-imp	SLC6A1
ace-can-imp	KIT
ace-can-imp	PREX2
ace-can-imp	C21orf58
ace-can-imp	NEUROD1
ace-can-imp	IGFBP7
ace-can-imp	EOMES
ace-can-imp	PRSS12
ace-can-imp	ITGA2
ace-can-imp	ENPP6
ace-can-imp	BMPER
ace-can-imp	COL1A2
ace-can-imp	PDZRN4
ace-can-imp	PPP1R16B
ace-can-imp	CALB2
ace-can-imp	FOS
ace-can-imp	KCNS3
ace-can-imp	RETREG1
ace-can-imp	NWD2
ace-can-imp	CPED1
ace-can-imp	UGT8
ace-can-imp	DPY19L1
ace-can-imp	CARHSP1
ace-can-imp	FGFBP3
ace-can-imp	EBF1
ace-can-imp	METAP1D
ace-can-imp	SLC9A9
ace-can-imp	TAC1
ace-can-imp	NHLH2
ace-can-imp	TSHZ1
ace-can-imp	KCNH5
ace-can-imp	GLIS3
ace-can-imp	RIT2
ace-can-imp	ATP10B
ace-can-imp	EYA2
ace-can-imp	ADAMTSL1
ace-can-imp	POU3F2
ace-can-imp	PCP4
ace-can-imp	SV2B
ace-can-imp	HS3ST4
ace-can-imp	CPNE8
ace-can-imp	ZNF804B
ace-can-imp	CCK
ace-can-imp	EPHA3
ace-can-imp	SLA
ace-can-imp	GLUL
ace-can-imp	RUNX1
ace-can-imp	NR3C2
ace-can-imp	SMC4
ace-can-imp	KNL1
ace-can-imp	CAMK2A
ace-can-imp	ZNF536
ace-can-imp	DLL3
ace-can-imp	APOLD1
ace-can-imp	BCL11B
ace-can-imp	SPOCK3
ace-can-imp	CREB5
ace-can-imp	CFAP299
ace-can-imp	GAD1
ace-can-imp	KCNIP4
ace-can-imp	KLHL14
ace-can-imp	FAM107A
ace-can-imp	STAT1
ace-can-imp	IFI6
ace-can-imp	COL4A5
ace-can-imp	GRM3
ace-can-imp	GRIN3A
ace-can-imp	SLC35F3
ace-can-imp	VIP
ace-can-imp	ASPM
ace-can-imp	TNR
ace-can-imp	MOXD1
ace-can-imp	NKAIN2
ace-can-imp	BNIP3
ace-can-imp	TCERG1L
ace-can-imp	EBF3
ace-can-imp	EPHA7
ace-can-imp	TCF7L2
ace-can-imp	SORCS3
ace-can-imp	VAV3
ace-can-imp	OLFM3
ace-can-imp	KCNQ5
ace-can-imp	COL24A1
ace-can-imp	HCRTR2
ace-can-imp	BCAS1
ace-can-imp	TSHZ2
ace-can-imp	IFIT1
ace-can-imp	IFIT3
ace-can-imp	SPATA6
ace-can-imp	CHRDL1
ace-can-imp	VEGFA
ace-can-imp	IL1RAPL2
ace-can-imp	KLHL4
ace-can-imp	ITM2A
ace-can-imp	PBX3
ace-can-imp	ID3
ace-can-imp	NRP1
ace-can-imp	SVIL
ace-can-imp	COL4A1
ace-can-imp	APBB1IP
ace-can-imp	GAD2
ace-can-imp	RORB
ace-can-imp	GPC5
ace-can-imp	KLHL1
ace-can-imp	KITLG
ace-can-imp	ARX
ace-can-imp	LHFPL6
ace-can-imp	SFRP1
ace-can-imp	MAB21L1
ace-can-imp	CNTLN
ace-can-imp	CD99
ace-can-imp	ADARB2
ace-can-imp	RRM2
ace-can-imp	DOCK8
ace-can-imp	OLIG1
ace-can-imp	SEMA5A
ace-can-imp	AQP4
ace-can-imp	MOBP
ace-can-imp	GPX3
ace-can-imp	ALK
ace-can-imp	GRIK1
ace-can-imp	TFPI
ace-can-imp	ZBBX
ace-can-imp	ABLIM1
ace-can-imp	SPP1
ace-can-imp	GLI3
ace-can-imp	KIAA1217
ace-can-imp	GRIN2A
ace-can-imp	ITIH5
ace-can-imp	CCBE1
ace-can-imp	MX1
ace-can-imp	PTCHD4
ace-can-imp	MAP3K1
ace-can-imp	COLEC12
ace-can-imp	PCBP3
ace-can-imp	DIAPH3
ace-can-imp	DSCAM
ace-can-imp	PCDH11Y
ace-can-imp	LINC02487
ace-can-imp	RGS6
ace-can-imp	HMGA2
ace-can-imp	LTBP1
ace-can-imp	SLIT3
ace-can-imp	ETV1
ace-can-imp	MYT1L
ace-can-imp	CEBPD
ace-can-imp	COBLL1
ace-can-imp	NECAB1
ace-can-imp	TFRC
ace-can-imp	NFIA-AS2
ace-can-imp	LAMA2
ace-can-imp	LNCAROD
ace-can-imp	TOP2A
ace-can-imp	LHFPL3
ace-can-imp	COL12A1
ace-can-imp	ENPP2
ace-can-imp	VWC2L
ace-can-imp	SEMA3E
ace-can-imp	TNS3
ace-can-imp	RELN
ace-can-imp	CPNE4
ace-can-imp	DLX6-AS1
ace-can-imp	ABCA8
ace-can-imp	RBMS3
ace-can-imp	MDGA1
ace-can-imp	DIO2
ace-can-imp	HMGB2
ace-can-imp	SGO1-AS1
ace-can-imp	CLMP
ace-can-imp	CCN1
ace-can-imp	NELL2
ace-can-imp	LRRC9
ace-can-imp	FN1
ace-can-imp	CFAP43
ace-can-imp	SULF1
ace-can-imp	TAC3
ace-can-imp	RARB
ace-can-imp	SYNPR
ace-can-imp	CADPS2
ace-can-imp	CNTNAP2
ace-can-imp	ARMC3
ace-can-imp	CENPF
ace-can-imp	GPR39
ace-can-imp	SPATA17
ace-can-imp	RNF220
ace-can-imp	SULF2
ace-can-imp	EVA1C
ace-can-imp	GPR17
ace-can-imp	ZIC1
ace-can-imp	ABCB1
ace-can-imp	FYB2
ace-can-imp	LRIG1
ace-can-imp	MLIP
ace-can-imp	CDH12
ace-can-imp	FAM160A1
ace-can-imp	CCSER1
ace-can-imp	LINC02147
ace-can-imp	INPP4B
ace-can-imp	CDH18
ace-can-imp	CXCL14
ace-can-imp	RALYL
ace-can-imp	ANGPT1
ace-can-imp	FBXO32
ace-can-imp	POU6F2
ace-can-imp	EBF2
ace-can-imp	MAML2
ace-can-imp	KIRREL3
ace-can-imp	TNC
ace-can-imp	DOCK10
ace-can-imp	CCDC175
ace-can-imp	RIPOR2
ace-can-imp	ST8SIA5
ace-can-imp	PLS3
ace-can-imp	LINC01965
ace-can-imp	LINC00609
ace-can-imp	LINC01619
ace-can-imp	HOPX
ace-can-imp	DPF3
ace-can-imp	TSHR
ace-can-imp	CA10
ace-can-imp	SPON1
ace-can-imp	RBFOX3
ace-can-imp	CBLN2
ace-can-imp	KCNQ1OT1
ace-can-imp	ZFP36
ace-can-imp	NXPH1
ace-can-imp	OBI1-AS1
ace-can-imp	FAM106A
ace-can-imp	NEFL
ace-can-imp	LRMDA
ace-can-imp	CNTNAP4
ace-can-imp	OPCML
ace-can-imp	DACH1
ace-can-imp	LHX1
ace-can-imp	SATB2
ace-can-imp	AGBL1
ace-can-imp	FLT1
ace-can-imp	EOGT
ace-can-imp	NEAT1
ace-can-imp	SP8
ace-can-imp	CLDN5
ace-can-imp	PCDH15
ace-can-imp	PCSK6
ace-can-imp	NR2F2-AS1
ace-can-imp	PLP1
ace-can-imp	LHX1-DT
ace-can-imp	DISC1
ace-can-imp	SORCS1
ace-can-imp	LIPG
ace-can-imp	ISG15
ace-can-imp	LINC01170
ace-can-imp	SATB1-AS1
ace-can-imp	CFAP54
ace-can-imp	RMST
ace-can-imp	NOTCH1
ace-can-imp	Blank-1
ace-can-imp	Blank-2
ace-can-imp	Blank-3
ace-can-imp	Blank-4
ace-can-imp	Blank-5
ace-can-imp	Blank-6
ace-can-imp	Blank-7
ace-can-imp	Blank-8
ace-can-imp	Blank-9
ace-can-imp	Blank-10
ace-can-imp	Blank-11
ace-can-imp	Blank-12
ace-can-imp	Blank-13
ace-can-imp	Blank-14
ace-can-imp	Blank-15
ace-can-ink	TFAP2C
ace-can-ink	HGF
ace-can-ink	NAMPT
ace-can-ink	VIM
ace-can-ink	CD38
ace-can-ink	CRYAB
ace-can-ink	CDH9
ace-can-ink	HES1
ace-can-ink	IGFBP5
ace-can-ink	DLX2
ace-can-ink	TTR
ace-can-ink	PDGFRA
ace-can-ink	BRIP1
ace-can-ink	KIF11
ace-can-ink	TRHDE
ace-can-ink	PROX1
ace-can-ink	CUX2
ace-can-ink	THSD4
ace-can-ink	MOB3B
ace-can-ink	FBN2
ace-can-ink	CDH20
ace-can-ink	PALMD
ace-can-ink	CD44
ace-can-ink	DGKD
ace-can-ink	SEMA3C
ace-can-ink	RUNX1T1
ace-can-ink	SLCO1C1
ace-can-ink	BEST3
ace-can-ink	ASCL1
ace-can-ink	SRRM4
ace-can-ink	NXPH2
ace-can-ink	HES6
ace-can-ink	GLRA3
ace-can-ink	DAAM2
ace-can-ink	EGFR
ace-can-ink	ST18
ace-can-ink	CRH
ace-can-ink	SLC1A2
ace-can-ink	ZNF385D
ace-can-ink	GADL1
ace-can-ink	GJA1
ace-can-ink	TCTEX1D1
ace-can-ink	STK32B
ace-can-ink	FEZF2
ace-can-ink	SST
ace-can-ink	SLC6A1
ace-can-ink	KIT
ace-can-ink	PREX2
ace-can-ink	C21orf58
ace-can-ink	NEUROD1
ace-can-ink	IGFBP7
ace-can-ink	EOMES
ace-can-ink	PRSS12
ace-can-ink	ITGA2
ace-can-ink	ENPP6
ace-can-ink	BMPER
ace-can-ink	COL1A2
ace-can-ink	PDZRN4
ace-can-ink	PPP1R16B
ace-can-ink	CALB2
ace-can-ink	FOS
ace-can-ink	KCNS3
ace-can-ink	RETREG1
ace-can-ink	NWD2
ace-can-ink	CPED1
ace-can-ink	UGT8
ace-can-ink	DPY19L1
ace-can-ink	CARHSP1
ace-can-ink	FGFBP3
ace-can-ink	EBF1
ace-can-ink	METAP1D
ace-can-ink	SLC9A9
ace-can-ink	TAC1
ace-can-ink	NHLH2
ace-can-ink	TSHZ1
ace-can-ink	KCNH5
ace-can-ink	GLIS3
ace-can-ink	RIT2
ace-can-ink	ATP10B
ace-can-ink	EYA2
ace-can-ink	ADAMTSL1
ace-can-ink	POU3F2
ace-can-ink	PCP4
ace-can-ink	SV2B
ace-can-ink	HS3ST4
ace-can-ink	CPNE8
ace-can-ink	ZNF804B
ace-can-ink	CCK
ace-can-ink	EPHA3
ace-can-ink	SLA
ace-can-ink	GLUL
ace-can-ink	RUNX1
ace-can-ink	NR3C2
ace-can-ink	SMC4
ace-can-ink	KNL1
ace-can-ink	CAMK2A
ace-can-ink	ZNF536
ace-can-ink	DLL3
ace-can-ink	APOLD1
ace-can-ink	BCL11B
ace-can-ink	SPOCK3
ace-can-ink	CREB5
ace-can-ink	CFAP299
ace-can-ink	GAD1
ace-can-ink	KCNIP4
ace-can-ink	KLHL14
ace-can-ink	FAM107A
ace-can-ink	STAT1
ace-can-ink	IFI6
ace-can-ink	COL4A5
ace-can-ink	GRM3
ace-can-ink	GRIN3A
ace-can-ink	SLC35F3
ace-can-ink	VIP
ace-can-ink	ASPM
ace-can-ink	TNR
ace-can-ink	MOXD1
ace-can-ink	NKAIN2
ace-can-ink	BNIP3
ace-can-ink	TCERG1L
ace-can-ink	EBF3
ace-can-ink	EPHA7
ace-can-ink	TCF7L2
ace-can-ink	SORCS3
ace-can-ink	VAV3
ace-can-ink	OLFM3
ace-can-ink	KCNQ5
ace-can-ink	COL24A1
ace-can-ink	HCRTR2
ace-can-ink	BCAS1
ace-can-ink	TSHZ2
ace-can-ink	IFIT1
ace-can-ink	IFIT3
ace-can-ink	SPATA6
ace-can-ink	CHRDL1
ace-can-ink	VEGFA
ace-can-ink	IL1RAPL2
ace-can-ink	KLHL4
ace-can-ink	ITM2A
ace-can-ink	PBX3
ace-can-ink	ID3
ace-can-ink	NRP1
ace-can-ink	SVIL
ace-can-ink	COL4A1
ace-can-ink	APBB1IP
ace-can-ink	GAD2
ace-can-ink	RORB
ace-can-ink	GPC5
ace-can-ink	KLHL1
ace-can-ink	KITLG
ace-can-ink	ARX
ace-can-ink	LHFPL6
ace-can-ink	SFRP1
ace-can-ink	MAB21L1
ace-can-ink	CNTLN
ace-can-ink	CD99
ace-can-ink	ADARB2
ace-can-ink	RRM2
ace-can-ink	DOCK8
ace-can-ink	OLIG1
ace-can-ink	SEMA5A
ace-can-ink	AQP4
ace-can-ink	MOBP
ace-can-ink	GPX3
ace-can-ink	ALK
ace-can-ink	GRIK1
ace-can-ink	TFPI
ace-can-ink	ZBBX
ace-can-ink	ABLIM1
ace-can-ink	SPP1
ace-can-ink	GLI3
ace-can-ink	KIAA1217
ace-can-ink	GRIN2A
ace-can-ink	ITIH5
ace-can-ink	CCBE1
ace-can-ink	MX1
ace-can-ink	PTCHD4
ace-can-ink	MAP3K1
ace-can-ink	COLEC12
ace-can-ink	PCBP3
ace-can-ink	DIAPH3
ace-can-ink	DSCAM
ace-can-ink	PCDH11Y
ace-can-ink	LINC02487
ace-can-ink	RGS6
ace-can-ink	HMGA2
ace-can-ink	LTBP1
ace-can-ink	SLIT3
ace-can-ink	ETV1
ace-can-ink	MYT1L
ace-can-ink	CEBPD
ace-can-ink	COBLL1
ace-can-ink	NECAB1
ace-can-ink	TFRC
ace-can-ink	NFIA-AS2
ace-can-ink	LAMA2
ace-can-ink	LNCAROD
ace-can-ink	TOP2A
ace-can-ink	LHFPL3
ace-can-ink	COL12A1
ace-can-ink	ENPP2
ace-can-ink	VWC2L
ace-can-ink	SEMA3E
ace-can-ink	TNS3
ace-can-ink	RELN
ace-can-ink	CPNE4
ace-can-ink	DLX6-AS1
ace-can-ink	ABCA8
ace-can-ink	RBMS3
ace-can-ink	MDGA1
ace-can-ink	DIO2
ace-can-ink	HMGB2
ace-can-ink	SGO1-AS1
ace-can-ink	CLMP
ace-can-ink	CCN1
ace-can-ink	NELL2
ace-can-ink	LRRC9
ace-can-ink	FN1
ace-can-ink	CFAP43
ace-can-ink	SULF1
ace-can-ink	TAC3
ace-can-ink	RARB
ace-can-ink	SYNPR
ace-can-ink	CADPS2
ace-can-ink	CNTNAP2
ace-can-ink	ARMC3
ace-can-ink	CENPF
ace-can-ink	GPR39
ace-can-ink	SPATA17
ace-can-ink	RNF220
ace-can-ink	SULF2
ace-can-ink	EVA1C
ace-can-ink	GPR17
ace-can-ink	ZIC1
ace-can-ink	ABCB1
ace-can-ink	FYB2
ace-can-ink	LRIG1
ace-can-ink	MLIP
ace-can-ink	CDH12
ace-can-ink	FAM160A1
ace-can-ink	CCSER1
ace-can-ink	LINC02147
ace-can-ink	INPP4B
ace-can-ink	CDH18
ace-can-ink	CXCL14
ace-can-ink	RALYL
ace-can-ink	ANGPT1
ace-can-ink	FBXO32
ace-can-ink	POU6F2
ace-can-ink	EBF2
ace-can-ink	MAML2
ace-can-ink	KIRREL3
ace-can-ink	TNC
ace-can-ink	DOCK10
ace-can-ink	CCDC175
ace-can-ink	RIPOR2
ace-can-ink	ST8SIA5
ace-can-ink	PLS3
ace-can-ink	LINC01965
ace-can-ink	LINC00609
ace-can-ink	LINC01619
ace-can-ink	HOPX
ace-can-ink	DPF3
ace-can-ink	TSHR
ace-can-ink	CA10
ace-can-ink	SPON1
ace-can-ink	RBFOX3
ace-can-ink	CBLN2
ace-can-ink	KCNQ1OT1
ace-can-ink	ZFP36
ace-can-ink	NXPH1
ace-can-ink	OBI1-AS1
ace-can-ink	FAM106A
ace-can-ink	NEFL
ace-can-ink	LRMDA
ace-can-ink	CNTNAP4
ace-can-ink	OPCML
ace-can-ink	DACH1
ace-can-ink	LHX1
ace-can-ink	SATB2
ace-can-ink	AGBL1
ace-can-ink	FLT1
ace-can-ink	EOGT
ace-can-ink	NEAT1
ace-can-ink	SP8
ace-can-ink	CLDN5
ace-can-ink	PCDH15
ace-can-ink	PCSK6
ace-can-ink	NR2F2-AS1
ace-can-ink	PLP1
ace-can-ink	LHX1-DT
ace-can-ink	DISC1
ace-can-ink	SORCS1
ace-can-ink	LIPG
ace-can-ink	ISG15
ace-can-ink	LINC01170
ace-can-ink	SATB1-AS1
ace-can-ink	CFAP54
ace-can-ink	RMST
ace-can-ink	NOTCH1
ace-can-ink	Blank-1
ace-can-ink	Blank-2
ace-can-ink	Blank-3
ace-can-ink	Blank-4
ace-can-ink	Blank-5
ace-can-ink	Blank-6
ace-can-ink	Blank-7
ace-can-ink	Blank-8
ace-can-ink	Blank-9
ace-can-ink	Blank-10
ace-can-ink	Blank-11
ace-can-ink	Blank-12
ace-can-ink	Blank-13
ace-can-ink	Blank-14
ace-can-ink	Blank-15
ace-den-fix	Prkcq
ace-den-fix	Col5a1
ace-den-fix	Grik3
ace-den-fix	Igfbp2
ace-den-fix	Osr1
ace-den-fix	Syt6
ace-den-fix	Cntnap3
ace-den-fix	Lmo3
ace-den-fix	Ntn1
ace-den-fix	Otp
ace-den-fix	Calb1
ace-den-fix	Vwa5b1
ace-den-fix	Ptprm
ace-den-fix	Rxfp3
ace-den-fix	Cpne8
ace-den-fix	Igfbp6
ace-den-fix	Isl1
ace-den-fix	Shisa6
ace-den-fix	C230014O12Rik
ace-den-fix	Hspg2
ace-den-fix	Pitx2
ace-den-fix	Pparg
ace-den-fix	Calb2
ace-den-fix	Cxcl14
ace-den-fix	Rgs4
ace-den-fix	Slc17a6
ace-den-fix	Fstl5
ace-den-fix	Dock5
ace-den-fix	Kcnk9
ace-den-fix	Stxbp6
ace-den-fix	Nfib
ace-den-fix	Gfap
ace-den-fix	Gja1
ace-den-fix	Igf1
ace-den-fix	Ramp1
ace-den-fix	Tcf7l2
ace-den-fix	Rbp4
ace-den-fix	Serpinb8
ace-den-fix	Rorb
ace-den-fix	Adamts9
ace-den-fix	Ccbe1
ace-den-fix	Nos1
ace-den-fix	Emx2
ace-den-fix	Nhlh2
ace-den-fix	Aqp4
ace-den-fix	Blank-36
ace-den-fix	Blank-49
ace-den-fix	Slc7a10
ace-den-fix	Grin2c
ace-den-fix	Grm3
ace-den-fix	Slc1a3
ace-den-fix	Pvalb
ace-den-fix	Igfbp4
ace-den-fix	Adcy2
ace-den-fix	Epha4
ace-den-fix	Serpine2
ace-den-fix	Bmpr1b
ace-den-fix	Gsta4
ace-den-fix	Fras1
ace-den-fix	Col27a1
ace-den-fix	Nrn1
ace-den-fix	Sox5
ace-den-fix	Npnt
ace-den-fix	Foxa1
ace-den-fix	Lgr6
ace-den-fix	Slc32a1
ace-den-fix	Tmie
ace-den-fix	Adamts19
ace-den-fix	Foxo1
ace-den-fix	Ndnf
ace-den-fix	Pou3f3
ace-den-fix	Lhfp
ace-den-fix	Cdh20
ace-den-fix	Agt
ace-den-fix	Ldb2
ace-den-fix	Kcng2
ace-den-fix	Cacng3
ace-den-fix	Zbtb16
ace-den-fix	Sox2
ace-den-fix	Lpar1
ace-den-fix	Wnt7b
ace-den-fix	Mpped2
ace-den-fix	Pcp4l1
ace-den-fix	Hopx
ace-den-fix	Spock3
ace-den-fix	A830036E02Rik
ace-den-fix	Adra1b
ace-den-fix	Lsp1
ace-den-fix	Sulf2
ace-den-fix	Lypd1
ace-den-fix	Mrpl16
ace-den-fix	Cbln2
ace-den-fix	Zfhx4
ace-den-fix	Zeb2
ace-den-fix	Unc13c
ace-den-fix	Rgs6
ace-den-fix	Dchs2
ace-den-fix	Sox6
ace-den-fix	Tafa2
ace-den-fix	Zfp521
ace-den-fix	Lrp4
ace-den-fix	St6galnac5
ace-den-fix	Gpr39
ace-den-fix	Oprk1
ace-den-fix	C030029H02Rik
ace-den-fix	Blank-43
ace-den-fix	Scn4b
ace-den-fix	Ust
ace-den-fix	Moxd1
ace-den-fix	Kcng1
ace-den-fix	Pou6f2
ace-den-fix	2900052N01Rik
ace-den-fix	Fgf10
ace-den-fix	Lama1
ace-den-fix	Cd24a
ace-den-fix	Sp8
ace-den-fix	Dcn
ace-den-fix	Chst9
ace-den-fix	Sorcs3
ace-den-fix	Col18a1
ace-den-fix	Hoxb3
ace-den-fix	Igf2
ace-den-fix	Fli1
ace-den-fix	Kcnab3
ace-den-fix	Tox
ace-den-fix	Opalin
ace-den-fix	Cntn6
ace-den-fix	Ebf3
ace-den-fix	Six3
ace-den-fix	Ebf2
ace-den-fix	Frzb
ace-den-fix	Calcb
ace-den-fix	Hoxb5
ace-den-fix	Elfn1
ace-den-fix	Gpr88
ace-den-fix	Tox3
ace-den-fix	Arhgap36
ace-den-fix	Blank-25
ace-den-fix	Abi3bp
ace-den-fix	Dlk1
ace-den-fix	Cdh9
ace-den-fix	Sox10
ace-den-fix	Fibcd1
ace-den-fix	Epha3
ace-den-fix	Kit
ace-den-fix	Ccdc3
ace-den-fix	Nr4a3
ace-den-fix	Acta2
ace-den-fix	Zic4
ace-den-fix	Rxfp1
ace-den-fix	Ltbp1
ace-den-fix	Cd36
ace-den-fix	Fxyd6
ace-den-fix	Pax5
ace-den-fix	Pax8
ace-den-fix	Onecut3
ace-den-fix	Adcyap1
ace-den-fix	Slc38a1
ace-den-fix	Chrm2
ace-den-fix	Ngb
ace-den-fix	Gad2
ace-den-fix	Cnr1
ace-den-fix	Cgnl1
ace-den-fix	Cbln4
ace-den-fix	Medag
ace-den-fix	Vcan
ace-den-fix	Syndig1
ace-den-fix	Baiap3
ace-den-fix	Tac2
ace-den-fix	Slc7a11
ace-den-fix	Stac
ace-den-fix	Cldn5
ace-den-fix	Ccn3
ace-den-fix	Kif11
ace-den-fix	Nts
ace-den-fix	Vwc2l
ace-den-fix	Col11a1
ace-den-fix	Mog
ace-den-fix	Tmem215
ace-den-fix	Tfap2d
ace-den-fix	Svep1
ace-den-fix	Glra2
ace-den-fix	Sv2b
ace-den-fix	Whrn
ace-den-fix	Maf
ace-den-fix	Blank-12
ace-den-fix	Clic6
ace-den-fix	Ramp3
ace-den-fix	Syndig1l
ace-den-fix	Bmp4
ace-den-fix	Ighm
ace-den-fix	Tnc
ace-den-fix	Drd1
ace-den-fix	Irx2
ace-den-fix	Osbpl3
ace-den-fix	Ctss
ace-den-fix	Scgn
ace-den-fix	Kcnj5
ace-den-fix	Dach1
ace-den-fix	Blank-20
ace-den-fix	Mkx
ace-den-fix	Fyb
ace-den-fix	Rasgrp1
ace-den-fix	Popdc3
ace-den-fix	Pth2r
ace-den-fix	Vegfc
ace-den-fix	Slc6a5
ace-den-fix	Penk
ace-den-fix	Nrp1
ace-den-fix	Shox2
ace-den-fix	Htr7
ace-den-fix	Unc5d
ace-den-fix	Grm8
ace-den-fix	Zfp536
ace-den-fix	Zic1
ace-den-fix	Ror1
ace-den-fix	Kctd8
ace-den-fix	Eya2
ace-den-fix	Bcl11b
ace-den-fix	Mab21l2
ace-den-fix	Slc17a7
ace-den-fix	Adamts2
ace-den-fix	Dgkk
ace-den-fix	Galnt18
ace-den-fix	Prkd1
ace-den-fix	Cidea
ace-den-fix	Creb3l1
ace-den-fix	C1ql1
ace-den-fix	Hs3st4
ace-den-fix	Ecel1
ace-den-fix	Pdgfd
ace-den-fix	Nxph1
ace-den-fix	Lhfpl5
ace-den-fix	Ebf1
ace-den-fix	Klk6
ace-den-fix	Ccnd2
ace-den-fix	Glra3
ace-den-fix	Evx2
ace-den-fix	Rab3b
ace-den-fix	Man1a
ace-den-fix	Aqp1
ace-den-fix	Ccn4
ace-den-fix	Phox2b
ace-den-fix	Lpl
ace-den-fix	Cd34
ace-den-fix	Lhx1
ace-den-fix	Slc17a8
ace-den-fix	Wif1
ace-den-fix	Sntg2
ace-den-fix	Slc6a3
ace-den-fix	Cartpt
ace-den-fix	Ptk2b
ace-den-fix	Angpt1
ace-den-fix	Chodl
ace-den-fix	Aqp6
ace-den-fix	Smoc2
ace-den-fix	Clic5
ace-den-fix	Arhgap28
ace-den-fix	Vit
ace-den-fix	Fbn2
ace-den-fix	Kazald1
ace-den-fix	Mcm6
ace-den-fix	Cd247
ace-den-fix	Nr4a2
ace-den-fix	Hdc
ace-den-fix	Pdyn
ace-den-fix	Tacr3
ace-den-fix	Pax7
ace-den-fix	Sema3c
ace-den-fix	Rspo1
ace-den-fix	Fosl2
ace-den-fix	Bmp3
ace-den-fix	Nr2f2
ace-den-fix	Crym
ace-den-fix	Hpgd
ace-den-fix	Gpr83
ace-den-fix	Tent5a
ace-den-fix	Tgfbr2
ace-den-fix	Cdh6
ace-den-fix	Htr2a
ace-den-fix	Lmo1
ace-den-fix	Trhr
ace-den-fix	Zic5
ace-den-fix	Kcnh8
ace-den-fix	Egln3
ace-den-fix	Tbcc
ace-den-fix	Parm1
ace-den-fix	Necab1
ace-den-fix	Drd5
ace-den-fix	Esyt3
ace-den-fix	Scn7a
ace-den-fix	Pde3a
ace-den-fix	Cftr
ace-den-fix	Spon1
ace-den-fix	Piezo2
ace-den-fix	Egr2
ace-den-fix	Il31ra
ace-den-fix	Hoxb8
ace-den-fix	Ckap2l
ace-den-fix	Ppp1r17
ace-den-fix	Dmrt2
ace-den-fix	Oxtr
ace-den-fix	Zfpm2
ace-den-fix	Arhgap15
ace-den-fix	Oprd1
ace-den-fix	Vwc2
ace-den-fix	Lamp5
ace-den-fix	Gpr149
ace-den-fix	Dsg2
ace-den-fix	Gpr4
ace-den-fix	Crh
ace-den-fix	C1ql3
ace-den-fix	Marcksl1
ace-den-fix	Gli2
ace-den-fix	Casr
ace-den-fix	Scn5a
ace-den-fix	Galr1
ace-den-fix	Agtr1a
ace-den-fix	Nkx2-4
ace-den-fix	Sema5a
ace-den-fix	A630012P03Rik
ace-den-fix	Wls
ace-den-fix	Megf11
ace-den-fix	Gpc3
ace-den-fix	Lancl3
ace-den-fix	Slit3
ace-den-fix	Chat
ace-den-fix	Nptx2
ace-den-fix	Tnnt1
ace-den-fix	Sema3e
ace-den-fix	Otof
ace-den-fix	Hmcn1
ace-den-fix	Pdzrn3
ace-den-fix	Ethe1
ace-den-fix	Kl
ace-den-fix	En1
ace-den-fix	Mmel1
ace-den-fix	Syt17
ace-den-fix	Gpx3
ace-den-fix	Pappa
ace-den-fix	Hs3st2
ace-den-fix	Barhl2
ace-den-fix	Gda
ace-den-fix	Htr1d
ace-den-fix	Ret
ace-den-fix	Col8a1
ace-den-fix	Sp9
ace-den-fix	Nr2f1
ace-den-fix	Ctxn3
ace-den-fix	Plpp4
ace-den-fix	Hs3st3b1
ace-den-fix	Nxph4
ace-den-fix	Slc5a7
ace-den-fix	Egflam
ace-den-fix	Grem1
ace-den-fix	Samd5
ace-den-fix	Rprm
ace-den-fix	Abcc9
ace-den-fix	Arhgap25
ace-den-fix	Kcnip1
ace-den-fix	Pde1a
ace-den-fix	Col23a1
ace-den-fix	Bnc2
ace-den-fix	Nxph2
ace-den-fix	Gata3
ace-den-fix	Kitl
ace-den-fix	Car4
ace-den-fix	Mecom
ace-den-fix	Tshz2
ace-den-fix	Nfix
ace-den-fix	Gli3
ace-den-fix	Pax6
ace-den-fix	Lypd6
ace-den-fix	Shroom3
ace-den-fix	Fbln2
ace-den-fix	Igsf1
ace-den-fix	Met
ace-den-fix	Skor1
ace-den-fix	Meis1
ace-den-fix	Bcl11a
ace-den-fix	Tmem132c
ace-den-fix	Kcnmb2
ace-den-fix	Egfem1
ace-den-fix	Adamtsl1
ace-den-fix	Tbx3
ace-den-fix	Prlr
ace-den-fix	Apela
ace-den-fix	Pde11a
ace-den-fix	Gfra1
ace-den-fix	Fign
ace-den-fix	Pif1
ace-den-fix	Ung
ace-den-fix	Pou4f1
ace-den-fix	Myo5b
ace-den-fix	Tcerg1l
ace-den-fix	Reln
ace-den-fix	Sv2c
ace-den-fix	Prkg2
ace-den-fix	Glis3
ace-den-fix	Nwd2
ace-den-fix	Sla
ace-den-fix	Corin
ace-den-fix	Cbln1
ace-den-fix	Vsx2
ace-den-fix	Mdga1
ace-den-fix	Ttc6
ace-den-fix	Slit2
ace-den-fix	Ptger3
ace-den-fix	Nkx2-1
ace-den-fix	Edaradd
ace-den-fix	B230323A14Rik
ace-den-fix	Htr1b
ace-den-fix	Hgf
ace-den-fix	Tacr1
ace-den-fix	Kcnj8
ace-den-fix	Cyp26b1
ace-den-fix	Lhx8
ace-den-fix	Htr3a
ace-den-fix	Kcns3
ace-den-fix	Crhbp
ace-den-fix	Adgrv1
ace-den-fix	Pnoc
ace-den-fix	Adgrf5
ace-den-fix	Rspo2
ace-den-fix	St3gal1
ace-den-fix	Gm30564
ace-den-fix	Drd3
ace-den-fix	Cdkn1a
ace-den-fix	Qpct
ace-den-fix	Gal
ace-den-fix	Blank-1
ace-den-fix	Blank-3
ace-den-fix	Blank-5
ace-den-fix	Blank-6
ace-den-fix	Blank-7
ace-den-fix	Blank-14
ace-den-fix	Blank-21
ace-den-fix	Blank-24
ace-den-fix	Blank-26
ace-den-fix	Blank-27
ace-den-fix	Blank-29
ace-den-fix	Blank-30
ace-den-fix	Blank-31
ace-den-fix	Blank-35
ace-den-fix	Blank-37
ace-den-fix	Blank-39
ace-den-fix	Blank-40
ace-den-fix	Blank-41
ace-den-fix	Blank-42
ace-den-fix	Blank-44
ace-den-fix	Blank-46
ace-den-fix	Blank-47
ace-den-fix	Blank-50
ace-den-fix	Dbh
ace-den-fix	Npas1
ace-den-fix	Fam163a
ace-den-fix	Vip
ace-den-fix	Slc6a4
ace-den-fix	Galnt14
ace-den-fix	Tfap2b
ace-den-fix	Cnih3
ace-den-fix	Npy2r
ace-den-fix	Col24a1
ace-den-fix	Tal1
ace-den-fix	Slc30a3
ace-den-fix	Rwdd2a
ace-den-fix	Npbwr1
ace-den-fix	Igfbpl1
ace-den-fix	Ttc29
ace-den-fix	Spin2c
ace-den-fix	Pou3f1
ace-den-fix	Trhde
ace-den-fix	Tll1
ace-den-fix	Chn2
ace-den-fix	Calcr
ace-den-fix	Mctp2
ace-den-fix	Gpr139
ace-den-fix	Tafa4
ace-den-fix	Qrfpr
ace-den-fix	Caln1
ace-den-fix	Syt2
ace-den-fix	Tafa1
ace-den-fix	Klhl14
ace-den-fix	Barhl1
ace-den-fix	Dmbx1
ace-den-fix	Ntng1
ace-den-fix	Ddc
ace-den-fix	Dio3
ace-den-fix	Ndst4
ace-den-fix	Grp
ace-den-fix	Chrm3
ace-den-fix	Prrxl1
ace-den-fix	4930509J09Rik
ace-den-fix	Ankfn1
ace-den-fix	Grik1
ace-den-fix	D130009I18Rik
ace-den-fix	Blank-2
ace-den-fix	Blank-8
ace-den-fix	Blank-9
ace-den-fix	Blank-10
ace-den-fix	Blank-13
ace-den-fix	Blank-15
ace-den-fix	Blank-17
ace-den-fix	Blank-19
ace-den-fix	Blank-22
ace-den-fix	Blank-38
ace-den-fix	Lhx2
ace-den-fix	Eomes
ace-den-fix	Hcrtr2
ace-den-fix	Lncenc1
ace-den-fix	Otx2
ace-den-fix	St18
ace-den-fix	9330158H04Rik
ace-den-fix	Rmst
ace-den-fix	Blank-11
ace-den-fix	Blank-16
ace-den-fix	Blank-32
ace-den-fix	Cited1
ace-den-fix	Drd2
ace-den-fix	Syt10
ace-den-fix	Blank-18
ace-den-fix	Trpc7
ace-den-fix	Grpr
ace-den-fix	Dscaml1
ace-den-fix	Grm1
ace-den-fix	Lhx9
ace-den-fix	Sox14
ace-den-fix	Gpr101
ace-den-fix	Npsr1
ace-den-fix	Irs4
ace-den-fix	Synpr
ace-den-fix	Foxb1
ace-den-fix	Prok2
ace-den-fix	Foxa2
ace-den-fix	Gabrq
ace-den-fix	G630016G05Rik
ace-den-fix	Adra1a
ace-den-fix	Onecut2
ace-den-fix	Prom1
ace-den-fix	D130079A08Rik
ace-den-fix	Blank-4
ace-den-fix	Blank-28
ace-den-fix	Blank-33
ace-den-fix	Blank-34
ace-den-fix	Blank-45
ace-den-fix	Th
ace-den-fix	Cpa6
ace-den-fix	Chrnb3
ace-den-fix	Blank-23
ace-den-fix	Blank-48
ace-den-fly	Slc17a7
ace-den-fly	Igfbp6
ace-den-fly	Sema5a
ace-den-fly	Cdh12
ace-den-fly	Timp3
ace-den-fly	Cdh13
ace-den-fly	Penk
ace-den-fly	Col1a1
ace-den-fly	Mpped1
ace-den-fly	Scube1
ace-den-fly	Hcrtr1
ace-den-fly	Col6a1
ace-den-fly	Cxcl12
ace-den-fly	Rorb
ace-den-fly	Prkcd
ace-den-fly	Sox6
ace-den-fly	Hs3st2
ace-den-fly	Gja1
ace-den-fly	Galr1
ace-den-fly	Thsd7b
ace-den-fly	Cntnap4
ace-den-fly	Galnt14
ace-den-fly	Sstr2
ace-den-fly	Gpc3
ace-den-fly	Prdm12
ace-den-fly	Syt17
ace-den-fly	Cntn4
ace-den-fly	Mal
ace-den-fly	Slc6a1
ace-den-fly	Cbln1
ace-den-fly	Hopx
ace-den-fly	Blank-28
ace-den-fly	Blank-53
ace-den-fly	Blank-64
ace-den-fly	Blank-119
ace-den-fly	Blank-131
ace-den-fly	Blank-171
ace-den-fly	Prss12
ace-den-fly	Reln
ace-den-fly	Dmkn
ace-den-fly	Kcng1
ace-den-fly	Fosb
ace-den-fly	Rgs12
ace-den-fly	Vwc2l
ace-den-fly	Col25a1
ace-den-fly	Kcnk2
ace-den-fly	Nog
ace-den-fly	Tcf7l2
ace-den-fly	Zfhx4
ace-den-fly	Atp1b2
ace-den-fly	Rph3a
ace-den-fly	Blank-54
ace-den-fly	Blank-66
ace-den-fly	Blank-97
ace-den-fly	Rxfp1
ace-den-fly	Egln3
ace-den-fly	Crispld2
ace-den-fly	Sp8
ace-den-fly	Lratd2
ace-den-fly	Ccdc80
ace-den-fly	Ptprm
ace-den-fly	Nxph4
ace-den-fly	Cux2
ace-den-fly	Lamp5
ace-den-fly	Aqp4
ace-den-fly	Ctss
ace-den-fly	Igf2
ace-den-fly	Gad2
ace-den-fly	Lmo1
ace-den-fly	Calb1
ace-den-fly	Col14a1
ace-den-fly	Unc13c
ace-den-fly	Igfbp4
ace-den-fly	Cdh20
ace-den-fly	Rab3b
ace-den-fly	Cplx3
ace-den-fly	Nr2f2
ace-den-fly	Lama3
ace-den-fly	Ust
ace-den-fly	Pxdc1
ace-den-fly	Wipf3
ace-den-fly	Ptprt
ace-den-fly	Ramp1
ace-den-fly	Ptpru
ace-den-fly	Egr2
ace-den-fly	Egfr
ace-den-fly	Trp53i11
ace-den-fly	Pdlim5
ace-den-fly	Col23a1
ace-den-fly	Thbs2
ace-den-fly	Cemip
ace-den-fly	Itgb8
ace-den-fly	Phactr2
ace-den-fly	Ubash3b
ace-den-fly	Ccdc3
ace-den-fly	Brinp3
ace-den-fly	Cnr1
ace-den-fly	Adamts4
ace-den-fly	Pou3f3
ace-den-fly	Lhx6
ace-den-fly	Pvalb
ace-den-fly	Cxcl14
ace-den-fly	Rspo1
ace-den-fly	Blnk
ace-den-fly	Hpse
ace-den-fly	Slc30a3
ace-den-fly	Serpinf1
ace-den-fly	Ntn1
ace-den-fly	Deptor
ace-den-fly	Ank1
ace-den-fly	Tpbg
ace-den-fly	Rgs16
ace-den-fly	Bcl6
ace-den-fly	Whrn
ace-den-fly	Gpc4
ace-den-fly	Bmp3
ace-den-fly	Abca8b
ace-den-fly	Cpne9
ace-den-fly	Nr4a3
ace-den-fly	Coch
ace-den-fly	Tgfb3
ace-den-fly	Per2
ace-den-fly	Ak4
ace-den-fly	Akap13
ace-den-fly	Smad3
ace-den-fly	Zfp703
ace-den-fly	Abi3bp
ace-den-fly	Ankrd6
ace-den-fly	Abcb6
ace-den-fly	Chrna6
ace-den-fly	Ddit4l
ace-den-fly	Otx1
ace-den-fly	Hrk
ace-den-fly	Zbtb8a
ace-den-fly	Neurod2
ace-den-fly	Gad1
ace-den-fly	Tpm2
ace-den-fly	Pdlim3
ace-den-fly	Zic1
ace-den-fly	Nfib
ace-den-fly	Foxg1
ace-den-fly	Arx
ace-den-fly	Tmem176b
ace-den-fly	Necab1
ace-den-fly	Rmst
ace-den-fly	Sfta3-ps
ace-den-fly	Nrp1
ace-den-fly	C1ql3
ace-den-fly	Nnat
ace-den-fly	Id2
ace-den-fly	Otx2
ace-den-fly	Mafb
ace-den-fly	Pcp4l1
ace-den-fly	Tspan9
ace-den-fly	Tanc1
ace-den-fly	Mfge8
ace-den-fly	Ccn3
ace-den-fly	Tmem132c
ace-den-fly	Ntf3
ace-den-fly	Pdyn
ace-den-fly	Serpine2
ace-den-fly	Nrn1
ace-den-fly	Gpx3
ace-den-fly	Ucp2
ace-den-fly	Gfap
ace-den-fly	S1pr1
ace-den-fly	Igfbp2
ace-den-fly	Spp1
ace-den-fly	Dipk1b
ace-den-fly	Dcn
ace-den-fly	Tshz1
ace-den-fly	Arhgef19
ace-den-fly	Rassf4
ace-den-fly	Wnt5a
ace-den-fly	Sytl5
ace-den-fly	Endou
ace-den-fly	Pard3b
ace-den-fly	Ctsz
ace-den-fly	Cgnl1
ace-den-fly	Cyp26b1
ace-den-fly	Cacng3
ace-den-fly	Hs3st1
ace-den-fly	Cd83
ace-den-fly	Tshz3
ace-den-fly	Fxyd6
ace-den-fly	Chrm3
ace-den-fly	Arhgap36
ace-den-fly	Mdga1
ace-den-fly	Adcy2
ace-den-fly	Kcnc2
ace-den-fly	Id4
ace-den-fly	Adgrf5
ace-den-fly	Grin2a
ace-den-fly	Bnc2
ace-den-fly	Kcnip1
ace-den-fly	Ano3
ace-den-fly	Clmp
ace-den-fly	Tbx3
ace-den-fly	Fosl2
ace-den-fly	Sema6d
ace-den-fly	Sorcs3
ace-den-fly	Car2
ace-den-fly	Baiap2
ace-den-fly	Zcchc12
ace-den-fly	Epha5
ace-den-fly	Oxtr
ace-den-fly	Kirrel3
ace-den-fly	Vcan
ace-den-fly	Col8a1
ace-den-fly	Lpar1
ace-den-fly	Npy1r
ace-den-fly	Nefm
ace-den-fly	Slc1a3
ace-den-fly	Enpp2
ace-den-fly	Rasgrp1
ace-den-fly	Fndc5
ace-den-fly	Pdk2
ace-den-fly	Itm2a
ace-den-fly	Mmd2
ace-den-fly	Osr1
ace-den-fly	Blank-12
ace-den-fly	Blank-24
ace-den-fly	Blank-25
ace-den-fly	Blank-34
ace-den-fly	Blank-41
ace-den-fly	Blank-50
ace-den-fly	Blank-52
ace-den-fly	Blank-62
ace-den-fly	Blank-86
ace-den-fly	Blank-92
ace-den-fly	Blank-98
ace-den-fly	Blank-107
ace-den-fly	Blank-113
ace-den-fly	Blank-126
ace-den-fly	Blank-129
ace-den-fly	Blank-132
ace-den-fly	Blank-154
ace-den-fly	Blank-168
ace-den-fly	Blank-180
ace-den-fly	Blank-181
ace-den-fly	Blank-194
ace-den-fly	Blank-198
ace-den-fly	Prox1
ace-den-fly	Acta2
ace-den-fly	Syt6
ace-den-fly	Parm1
ace-den-fly	St6galnac5
ace-den-fly	Il1rapl2
ace-den-fly	Barx2
ace-den-fly	Sertm1
ace-den-fly	Slc25a13
ace-den-fly	Rnf152
ace-den-fly	Tmtc4
ace-den-fly	Pth2r
ace-den-fly	Caln1
ace-den-fly	Rbm24
ace-den-fly	Rspo2
ace-den-fly	Serpinb8
ace-den-fly	Ndnf
ace-den-fly	Tbr1
ace-den-fly	Cartpt
ace-den-fly	Rgs6
ace-den-fly	Nr4a2
ace-den-fly	Etv1
ace-den-fly	Cnih3
ace-den-fly	Ngf
ace-den-fly	Zfpm2
ace-den-fly	Chrm1
ace-den-fly	Psmb8
ace-den-fly	Dbx2
ace-den-fly	Smoc2
ace-den-fly	Myh8
ace-den-fly	Ldb2
ace-den-fly	Hs6st3
ace-den-fly	Fos
ace-den-fly	Fbln1
ace-den-fly	Chrdl1
ace-den-fly	A830009L08Rik
ace-den-fly	Gsx2
ace-den-fly	Oprm1
ace-den-fly	Stum
ace-den-fly	Pde1a
ace-den-fly	Tmem215
ace-den-fly	AW551984
ace-den-fly	Maob
ace-den-fly	Car8
ace-den-fly	Rgs4
ace-den-fly	Gabra1
ace-den-fly	Blank-0
ace-den-fly	Blank-26
ace-den-fly	Blank-140
ace-den-fly	Blank-142
ace-den-fly	Sulf1
ace-den-fly	A2ml1
ace-den-fly	Gucy1a1
ace-den-fly	Cpne8
ace-den-fly	Brs3
ace-den-fly	Slc23a3
ace-den-fly	Sox10
ace-den-fly	Cpne4
ace-den-fly	Blank-72
ace-den-fly	Cbln2
ace-den-fly	Th
ace-den-fly	Trpc3
ace-den-fly	Frzb
ace-den-fly	Gsx1
ace-den-fly	Lmx1a
ace-den-fly	Mc4r
ace-den-fly	Tmem255a
ace-den-fly	Blank-114
ace-den-fly	Blank-197
ace-den-fly	Nptx2
ace-den-fly	Nts
ace-den-fly	Trh
ace-den-fly	Clic5
ace-den-fly	Rgs5
ace-den-fly	Cdh9
ace-den-fly	Rxrg
ace-den-fly	Tekt5
ace-den-fly	Blank-23
ace-den-fly	Grm8
ace-den-fly	Rprml
ace-den-fly	Slc17a6
ace-den-fly	Hs3st4
ace-den-fly	Gda
ace-den-fly	Crym
ace-den-fly	Neurod6
ace-den-fly	Blank-16
ace-den-fly	Blank-19
ace-den-fly	Moxd1
ace-den-fly	Syndig1
ace-den-fly	Kitl
ace-den-fly	Otp
ace-den-fly	Plpp4
ace-den-fly	Lypd6
ace-den-fly	Foxp2
ace-den-fly	Abcd4
ace-den-fly	Tafa1
ace-den-fly	Grp
ace-den-fly	Rprm
ace-den-fly	Ramp3
ace-den-fly	Nnmt
ace-den-fly	Npsr1
ace-den-fly	Nkx2-4
ace-den-fly	Fezf1
ace-den-fly	Ecel1
ace-den-fly	Blank-43
ace-den-fly	Blank-58
ace-den-fly	Blank-193
ace-den-fly	Blank-200
ace-den-fly	Grik1
ace-den-fly	Rasd1
ace-den-fly	Ctsc
ace-den-fly	Blank-11
ace-den-fly	Sema3e
ace-den-fly	Dtl
ace-den-fly	Isl1
ace-den-fly	Ngb
ace-den-fly	Arhgap25
ace-den-fly	Blank-94
ace-den-fly	Arhgap24
ace-den-fly	Blank-178
ace-den-fly	Fezf2
ace-den-fly	Chat
ace-den-fly	Igfn1
ace-den-fly	Pcsk5
ace-den-fly	Fign
ace-den-fly	Erbb4
ace-den-fly	Syndig1l
ace-den-fly	Blank-177
ace-den-fly	Zeb2
ace-den-fly	Pou6f2
ace-den-fly	Blank-106
ace-den-fly	Calb2
ace-den-fly	Blank-144
ace-den-fly	Pnoc
ace-den-fly	Tafa2
ace-den-fly	Blank-145
ace-den-fly	Pld5
ace-den-fly	Cd24a
ace-den-fly	Lypd1
ace-den-fly	Kcnj8
ace-den-fly	Cldn5
ace-den-fly	Otof
ace-den-fly	Tshz2
ace-den-fly	Nxph2
ace-den-fly	Pcdh8
ace-den-fly	Unc5b
ace-den-fly	Nos1
ace-den-fly	Luzp2
ace-den-fly	Ror1
ace-den-fly	Thsd7a
ace-den-fly	Cacng5
ace-den-fly	Col15a1
ace-den-fly	5031425F14Rik
ace-den-fly	Clrn1
ace-den-fly	Pou3f1
ace-den-fly	C1qtnf7
ace-den-fly	Ceacam9
ace-den-fly	Npy2r
ace-den-fly	Cobll1
ace-den-fly	Olfm3
ace-den-fly	Asic4
ace-den-fly	Slco5a1
ace-den-fly	Chn2
ace-den-fly	Prss23
ace-den-fly	Syt10
ace-den-fly	Nxph1
ace-den-fly	Cspg4
ace-den-fly	Lancl3
ace-den-fly	Sv2c
ace-den-fly	Chrm2
ace-den-fly	Npnt
ace-den-fly	Baz1a
ace-den-fly	Myh7
ace-den-fly	Gpr88
ace-den-fly	Adamts3
ace-den-fly	Neu2
ace-den-fly	Sla
ace-den-fly	Mog
ace-den-fly	Tacr3
ace-den-fly	Tac1
ace-den-fly	Pax6
ace-den-fly	Ctxn3
ace-den-fly	Ntn5
ace-den-fly	Nmbr
ace-den-fly	Pitx2
ace-den-fly	Tox
ace-den-fly	Sox2ot
ace-den-fly	Dlx1
ace-den-fly	G630016G05Rik
ace-den-fly	Stxbp6
ace-den-fly	C1ql2
ace-den-fly	Crh
ace-den-fly	Sp9
ace-den-fly	Satb2
ace-den-fly	Gata3
ace-den-fly	Ddc
ace-den-fly	Gpr101
ace-den-fly	Ebf1
ace-den-fly	Pantr1
ace-den-fly	Lhx5
ace-den-fly	St18
ace-den-fly	Sema3c
ace-den-fly	9430021M05Rik
ace-den-fly	Calcr
ace-den-fly	Lypd6b
ace-den-fly	Pkib
ace-den-fly	Syt2
ace-den-fly	Pcdh20
ace-den-fly	Spock3
ace-den-fly	Cpne7
ace-den-fly	Htr2c
ace-den-fly	Atp6ap1l
ace-den-fly	Npas1
ace-den-fly	Tcerg1l
ace-den-fly	Vipr2
ace-den-fly	Tmem196
ace-den-fly	Frmd7
ace-den-fly	Zfhx3
ace-den-fly	Kctd8
ace-den-fly	Lpl
ace-den-fly	Inpp4b
ace-den-fly	Qrfpr
ace-den-fly	Ebf2
ace-den-fly	Defb1
ace-den-fly	Prkcq
ace-den-fly	Clic1
ace-den-fly	Sox5
ace-den-fly	Nell1
ace-den-fly	Asb4
ace-den-fly	Bcl11b
ace-den-fly	Fstl5
ace-den-fly	Htr1f
ace-den-fly	Cd36
ace-den-fly	Cntn6
ace-den-fly	Tmem35a
ace-den-fly	Lmo3
ace-den-fly	Slc35d3
ace-den-fly	Mgat4c
ace-den-fly	Mir124-2hg
ace-den-fly	Gabrg1
ace-den-fly	Adamts5
ace-den-fly	Ptprc
ace-den-fly	Dlx6os1
ace-den-fly	Alk
ace-den-fly	Esr1
ace-den-fly	Mpped2
ace-den-fly	Igf1
ace-den-fly	Scn4b
ace-den-fly	Tnfaip8
ace-den-fly	Ly6g6e
ace-den-fly	Clstn2
ace-den-fly	Pcsk1
ace-den-fly	Me3
ace-den-fly	Pdlim1
ace-den-fly	Wnt2
ace-den-fly	Tox3
ace-den-fly	Synpr
ace-den-fly	Ppp1r17
ace-den-fly	Rasgef1c
ace-den-fly	Mrap2
ace-den-fly	Prr16
ace-den-fly	Car3
ace-den-fly	Blank-1
ace-den-fly	Blank-2
ace-den-fly	Blank-3
ace-den-fly	Blank-4
ace-den-fly	Blank-7
ace-den-fly	Blank-14
ace-den-fly	Blank-18
ace-den-fly	Blank-31
ace-den-fly	Blank-33
ace-den-fly	Blank-37
ace-den-fly	Blank-39
ace-den-fly	Blank-40
ace-den-fly	Blank-42
ace-den-fly	Blank-46
ace-den-fly	Blank-47
ace-den-fly	Blank-48
ace-den-fly	Blank-49
ace-den-fly	Blank-59
ace-den-fly	Blank-61
ace-den-fly	Blank-63
ace-den-fly	Blank-68
ace-den-fly	Blank-70
ace-den-fly	Blank-71
ace-den-fly	Blank-73
ace-den-fly	Blank-74
ace-den-fly	Blank-79
ace-den-fly	Blank-80
ace-den-fly	Blank-85
ace-den-fly	Blank-87
ace-den-fly	Blank-91
ace-den-fly	Blank-95
ace-den-fly	Blank-96
ace-den-fly	Blank-100
ace-den-fly	Blank-104
ace-den-fly	Blank-105
ace-den-fly	Blank-108
ace-den-fly	Blank-110
ace-den-fly	Blank-111
ace-den-fly	Blank-115
ace-den-fly	Blank-116
ace-den-fly	Blank-117
ace-den-fly	Blank-118
ace-den-fly	Blank-120
ace-den-fly	Blank-121
ace-den-fly	Blank-122
ace-den-fly	Blank-123
ace-den-fly	Blank-125
ace-den-fly	Blank-127
ace-den-fly	Blank-128
ace-den-fly	Blank-134
ace-den-fly	Blank-135
ace-den-fly	Blank-141
ace-den-fly	Blank-146
ace-den-fly	Blank-149
ace-den-fly	Blank-150
ace-den-fly	Blank-151
ace-den-fly	Blank-155
ace-den-fly	Blank-156
ace-den-fly	Blank-157
ace-den-fly	Blank-158
ace-den-fly	Blank-159
ace-den-fly	Blank-160
ace-den-fly	Blank-161
ace-den-fly	Blank-167
ace-den-fly	Blank-173
ace-den-fly	Blank-184
ace-den-fly	Blank-185
ace-den-fly	Blank-187
ace-den-fly	Blank-188
ace-den-fly	Blank-190
ace-den-fly	Blank-192
ace-den-fly	Blank-195
ace-den-fly	Blank-196
ace-den-fly	Blank-201
ace-den-fly	Gpc6
ace-den-fly	Cbln4
ace-den-fly	Col24a1
ace-den-fly	Flrt3
ace-den-fly	Grm1
ace-den-fly	Shisa9
ace-den-fly	Tunar
ace-den-fly	Fst
ace-den-fly	Unc5d
ace-den-fly	Ptprk
ace-den-fly	Slc17a8
ace-den-fly	Ndst4
ace-den-fly	Trhr
ace-den-fly	Trp73
ace-den-fly	Cdh7
ace-den-fly	Bcl11a
ace-den-fly	Prlr
ace-den-fly	Gal
ace-den-fly	Lhx8
ace-den-fly	Trhde
ace-den-fly	Bsx
ace-den-fly	Grem1
ace-den-fly	Mme
ace-den-fly	Shisal2b
ace-den-fly	Mybpc1
ace-den-fly	Pamr1
ace-den-fly	Tnmd
ace-den-fly	Cckar
ace-den-fly	Lrrc38
ace-den-fly	Crhbp
ace-den-fly	Calca
ace-den-fly	Blank-5
ace-den-fly	Blank-13
ace-den-fly	Blank-15
ace-den-fly	Blank-17
ace-den-fly	Blank-20
ace-den-fly	Blank-21
ace-den-fly	Blank-22
ace-den-fly	Blank-27
ace-den-fly	Blank-44
ace-den-fly	Blank-45
ace-den-fly	Blank-51
ace-den-fly	Blank-55
ace-den-fly	Blank-57
ace-den-fly	Blank-65
ace-den-fly	Blank-76
ace-den-fly	Blank-78
ace-den-fly	Blank-93
ace-den-fly	Blank-99
ace-den-fly	Blank-124
ace-den-fly	Blank-136
ace-den-fly	Blank-137
ace-den-fly	Blank-139
ace-den-fly	Blank-152
ace-den-fly	Blank-163
ace-den-fly	Blank-166
ace-den-fly	Blank-170
ace-den-fly	Blank-174
ace-den-fly	Blank-176
ace-den-fly	Blank-179
ace-den-fly	Blank-182
ace-den-fly	Blank-183
ace-den-fly	Blank-189
ace-den-fly	Blank-191
ace-den-fly	Blank-199
ace-den-fly	Vip
ace-den-fly	Prokr2
ace-den-fly	Slc26a4
ace-den-fly	Hcrtr2
ace-den-fly	Fancd2
ace-den-fly	Kcnk4
ace-den-fly	Six3
ace-den-fly	D930028M14Rik
ace-den-fly	Rxfp3
ace-den-fly	Zfp804b
ace-den-fly	Lhx1
ace-den-fly	Blank-9
ace-den-fly	Blank-10
ace-den-fly	Blank-30
ace-den-fly	Blank-32
ace-den-fly	Blank-35
ace-den-fly	Blank-36
ace-den-fly	Blank-38
ace-den-fly	Blank-60
ace-den-fly	Blank-67
ace-den-fly	Blank-69
ace-den-fly	Blank-75
ace-den-fly	Blank-77
ace-den-fly	Blank-81
ace-den-fly	Blank-83
ace-den-fly	Blank-84
ace-den-fly	Blank-89
ace-den-fly	Blank-109
ace-den-fly	Blank-112
ace-den-fly	Blank-138
ace-den-fly	Blank-147
ace-den-fly	Blank-148
ace-den-fly	Blank-153
ace-den-fly	Blank-162
ace-den-fly	Blank-164
ace-den-fly	Blank-165
ace-den-fly	Blank-172
ace-den-fly	Blank-175
ace-den-fly	Chodl
ace-den-fly	Krt80
ace-den-fly	Pbk
ace-den-fly	Blank-8
ace-den-fly	Blank-29
ace-den-fly	Blank-82
ace-den-fly	Blank-88
ace-den-fly	Blank-103
ace-den-fly	Blank-130
ace-den-fly	Blank-186
ace-den-fly	Hpse2
ace-den-fly	Blank-6
ace-den-fly	Blank-56
ace-den-fly	Blank-90
ace-den-fly	Blank-101
ace-den-fly	Blank-102
ace-den-fly	Blank-143
ace-den-fly	Blank-133
ace-den-fly	Blank-169
ace-den-fly	Dlk1
ace-den-fly	Oprk1
ace-den-fog	Rxfp1
ace-den-fog	Crispld2
ace-den-fog	Lypd1
ace-den-fog	Reln
ace-den-fog	Cux2
ace-den-fog	Barx2
ace-den-fog	Sertm1
ace-den-fog	Dmkn
ace-den-fog	Cbln4
ace-den-fog	Kcng1
ace-den-fog	Ptpru
ace-den-fog	Ubash3b
ace-den-fog	Ccdc3
ace-den-fog	Brinp3
ace-den-fog	Ceacam9
ace-den-fog	Cdh13
ace-den-fog	Rspo1
ace-den-fog	Hpse
ace-den-fog	Tpbg
ace-den-fog	Rgs12
ace-den-fog	Cspg4
ace-den-fog	Vwc2l
ace-den-fog	Pth2r
ace-den-fog	Caln1
ace-den-fog	Trpc3
ace-den-fog	Gpr88
ace-den-fog	Zfp703
ace-den-fog	Trhr
ace-den-fog	Cpne4
ace-den-fog	Hcrtr1
ace-den-fog	Dtl
ace-den-fog	Cxcl12
ace-den-fog	Tacr3
ace-den-fog	Pcsk5
ace-den-fog	Nr4a2
ace-den-fog	Zfhx4
ace-den-fog	Tafa2
ace-den-fog	Grp
ace-den-fog	Nnat
ace-den-fog	Sox6
ace-den-fog	Arhgap25
ace-den-fog	Hs3st2
ace-den-fog	Ccn3
ace-den-fog	Ldb2
ace-den-fog	Igfbp2
ace-den-fog	Gsx1
ace-den-fog	Shisal2b
ace-den-fog	Id4
ace-den-fog	Galnt14
ace-den-fog	AW551984
ace-den-fog	Mpped2
ace-den-fog	Sorcs3
ace-den-fog	Zcchc12
ace-den-fog	Oxtr
ace-den-fog	Col8a1
ace-den-fog	Nefm
ace-den-fog	Pdk2
ace-den-fog	Blank-1
ace-den-fog	Blank-7
ace-den-fog	Blank-10
ace-den-fog	Blank-11
ace-den-fog	Blank-24
ace-den-fog	Blank-26
ace-den-fog	Blank-33
ace-den-fog	Blank-40
ace-den-fog	Blank-50
ace-den-fog	Blank-54
ace-den-fog	Blank-63
ace-den-fog	Blank-64
ace-den-fog	Blank-66
ace-den-fog	Blank-70
ace-den-fog	Blank-72
ace-den-fog	Blank-93
ace-den-fog	Blank-98
ace-den-fog	Blank-100
ace-den-fog	Blank-113
ace-den-fog	Blank-120
ace-den-fog	Blank-149
ace-den-fog	Blank-153
ace-den-fog	Blank-155
ace-den-fog	Blank-171
ace-den-fog	Blank-187
ace-den-fog	Blank-194
ace-den-fog	Blank-195
ace-den-fog	Rgs5
ace-den-fog	Fezf2
ace-den-fog	Lamp5
ace-den-fog	Igfbp6
ace-den-fog	Prss23
ace-den-fog	Npsr1
ace-den-fog	Slc30a3
ace-den-fog	Rbm24
ace-den-fog	Neu2
ace-den-fog	Ntn5
ace-den-fog	Nkx2-4
ace-den-fog	G630016G05Rik
ace-den-fog	Ebf1
ace-den-fog	Calcr
ace-den-fog	Tanc1
ace-den-fog	Gja1
ace-den-fog	Thsd7b
ace-den-fog	Ctsz
ace-den-fog	Sstr2
ace-den-fog	Kcnip1
ace-den-fog	Ano3
ace-den-fog	Pou6f2
ace-den-fog	Mal
ace-den-fog	Blank-21
ace-den-fog	Blank-53
ace-den-fog	Blank-80
ace-den-fog	Blank-87
ace-den-fog	Blank-117
ace-den-fog	Blank-142
ace-den-fog	Blank-145
ace-den-fog	Blank-157
ace-den-fog	Blank-174
ace-den-fog	Blank-186
ace-den-fog	Blank-200
ace-den-fog	Syt6
ace-den-fog	Egr2
ace-den-fog	Flrt3
ace-den-fog	Fst
ace-den-fog	Penk
ace-den-fog	Ank1
ace-den-fog	Chrna6
ace-den-fog	Krt80
ace-den-fog	Neurod2
ace-den-fog	Tac1
ace-den-fog	Pdlim3
ace-den-fog	Etv1
ace-den-fog	Smoc2
ace-den-fog	Atp6ap1l
ace-den-fog	Ucp2
ace-den-fog	Dcn
ace-den-fog	Mme
ace-den-fog	Oprm1
ace-den-fog	Cd83
ace-den-fog	Bcl11b
ace-den-fog	Gucy1a1
ace-den-fog	Clic5
ace-den-fog	Slc23a3
ace-den-fog	Mrap2
ace-den-fog	Blank-28
ace-den-fog	Blank-71
ace-den-fog	Blank-86
ace-den-fog	Blank-94
ace-den-fog	Blank-97
ace-den-fog	Blank-119
ace-den-fog	Blank-132
ace-den-fog	Blank-156
ace-den-fog	Blank-160
ace-den-fog	Blank-180
ace-den-fog	Sulf1
ace-den-fog	St6galnac5
ace-den-fog	Phactr2
ace-den-fog	Slc26a4
ace-den-fog	Fancd2
ace-den-fog	Nts
ace-den-fog	Lhx8
ace-den-fog	9430021M05Rik
ace-den-fog	Lypd6b
ace-den-fog	Tcerg1l
ace-den-fog	Cyp26b1
ace-den-fog	Sox5
ace-den-fog	Fstl5
ace-den-fog	Prdm12
ace-den-fog	Hopx
ace-den-fog	Blank-0
ace-den-fog	Blank-5
ace-den-fog	Blank-9
ace-den-fog	Blank-20
ace-den-fog	Blank-85
ace-den-fog	Blank-108
ace-den-fog	Blank-133
ace-den-fog	Blank-136
ace-den-fog	Blank-162
ace-den-fog	Blank-189
ace-den-fog	Il1rapl2
ace-den-fog	Ust
ace-den-fog	Nnmt
ace-den-fog	Fosb
ace-den-fog	Lhx6
ace-den-fog	Slc17a8
ace-den-fog	Gpc4
ace-den-fog	Cpne9
ace-den-fog	Kcnk2
ace-den-fog	Abi3bp
ace-den-fog	Adamts3
ace-den-fog	Mog
ace-den-fog	Rorb
ace-den-fog	Slc17a6
ace-den-fog	Tcf7l2
ace-den-fog	Dlx1
ace-den-fog	Pcp4l1
ace-den-fog	A2ml1
ace-den-fog	Pbk
ace-den-fog	Pard3b
ace-den-fog	Fign
ace-den-fog	Alk
ace-den-fog	Epha5
ace-den-fog	Car8
ace-den-fog	Cntn4
ace-den-fog	Wnt2
ace-den-fog	Blank-22
ace-den-fog	Blank-43
ace-den-fog	Blank-67
ace-den-fog	Blank-109
ace-den-fog	Blank-118
ace-den-fog	Blank-168
ace-den-fog	Sp8
ace-den-fog	Gad2
ace-den-fog	Rab3b
ace-den-fog	Nr2f2
ace-den-fog	Thbs2
ace-den-fog	Pvalb
ace-den-fog	Rprml
ace-den-fog	Col1a1
ace-den-fog	Mpped1
ace-den-fog	Baz1a
ace-den-fog	Nog
ace-den-fog	Nfib
ace-den-fog	Zeb2
ace-den-fog	Hs3st4
ace-den-fog	Ntf3
ace-den-fog	Pdyn
ace-den-fog	Ctsc
ace-den-fog	Ramp3
ace-den-fog	Mdga1
ace-den-fog	Htr1f
ace-den-fog	Syt17
ace-den-fog	Kirrel3
ace-den-fog	Tmem255a
ace-den-fog	Vcan
ace-den-fog	Me3
ace-den-fog	Pdlim1
ace-den-fog	Atp1b2
ace-den-fog	Ppp1r17
ace-den-fog	Blank-159
ace-den-fog	Blank-165
ace-den-fog	Blank-197
ace-den-fog	Cd24a
ace-den-fog	Tshz2
ace-den-fog	Clrn1
ace-den-fog	Rgs16
ace-den-fog	Chrm2
ace-den-fog	Serpinb8
ace-den-fog	Pax6
ace-den-fog	Sema3c
ace-den-fog	Syt2
ace-den-fog	Frmd7
ace-den-fog	Zfhx3
ace-den-fog	Cgnl1
ace-den-fog	Prr16
ace-den-fog	Blank-13
ace-den-fog	Blank-25
ace-den-fog	Blank-39
ace-den-fog	Blank-103
ace-den-fog	Sema5a
ace-den-fog	Syndig1l
ace-den-fog	Abcd4
ace-den-fog	Spock3
ace-den-fog	Pde1a
ace-den-fog	Gabrg1
ace-den-fog	Lrrc38
ace-den-fog	Rasgef1c
ace-den-fog	Car3
ace-den-fog	Blank-95
ace-den-fog	Blank-134
ace-den-fog	C1qtnf7
ace-den-fog	Tunar
ace-den-fog	Rnf152
ace-den-fog	Myh7
ace-den-fog	Fezf1
ace-den-fog	Arx
ace-den-fog	Gfap
ace-den-fog	Gpc3
ace-den-fog	Npy1r
ace-den-fog	Rph3a
ace-den-fog	Blank-92
ace-den-fog	Blank-107
ace-den-fog	Blank-167
ace-den-fog	Igfbp4
ace-den-fog	Cdh9
ace-den-fog	Grm1
ace-den-fog	S1pr1
ace-den-fog	Prkcq
ace-den-fog	Maob
ace-den-fog	Blank-23
ace-den-fog	Blank-115
ace-den-fog	Blank-173
ace-den-fog	Blank-198
ace-den-fog	Igf2
ace-den-fog	Asb4
ace-den-fog	Blank-35
ace-den-fog	Blank-129
ace-den-fog	Necab1
ace-den-fog	Chrdl1
ace-den-fog	Sema6d
ace-den-fog	Rasgrp1
ace-den-fog	Blank-3
ace-den-fog	Blank-19
ace-den-fog	Blank-177
ace-den-fog	Pou3f3
ace-den-fog	Col25a1
ace-den-fog	Scube1
ace-den-fog	Kcnc2
ace-den-fog	Car2
ace-den-fog	Blank-44
ace-den-fog	Nxph4
ace-den-fog	Slc17a7
ace-den-fog	Cnih3
ace-den-fog	Tshz1
ace-den-fog	Itm2a
ace-den-fog	Blank-46
ace-den-fog	Calb2
ace-den-fog	Sox10
ace-den-fog	Calb1
ace-den-fog	Parm1
ace-den-fog	Pcdh8
ace-den-fog	Nos1
ace-den-fog	Cbln2
ace-den-fog	Cdh12
ace-den-fog	Trp53i11
ace-den-fog	Unc5d
ace-den-fog	Adamts4
ace-den-fog	Asic4
ace-den-fog	Chn2
ace-den-fog	Serpinf1
ace-den-fog	Lancl3
ace-den-fog	Whrn
ace-den-fog	Ankrd6
ace-den-fog	Abcb6
ace-den-fog	Otx1
ace-den-fog	Arhgap24
ace-den-fog	Hrk
ace-den-fog	Sox2ot
ace-den-fog	D930028M14Rik
ace-den-fog	Gata3
ace-den-fog	Zfpm2
ace-den-fog	Lhx1
ace-den-fog	Htr2c
ace-den-fog	Npas1
ace-den-fog	Dipk1b
ace-den-fog	Endou
ace-den-fog	Cacng3
ace-den-fog	Cntnap4
ace-den-fog	Hs3st1
ace-den-fog	Fxyd6
ace-den-fog	Adgrf5
ace-den-fog	Grin2a
ace-den-fog	Mir124-2hg
ace-den-fog	Dlx6os1
ace-den-fog	Pcsk1
ace-den-fog	Tox3
ace-den-fog	Enpp2
ace-den-fog	Slc6a1
ace-den-fog	Cbln1
ace-den-fog	Fndc5
ace-den-fog	Blank-17
ace-den-fog	Blank-124
ace-den-fog	Egln3
ace-den-fog	Ccdc80
ace-den-fog	Ptprm
ace-den-fog	Aqp4
ace-den-fog	Acta2
ace-den-fog	Col14a1
ace-den-fog	Gpc6
ace-den-fog	Unc5b
ace-den-fog	Cplx3
ace-den-fog	Luzp2
ace-den-fog	Ror1
ace-den-fog	Pxdc1
ace-den-fog	Col15a1
ace-den-fog	Egfr
ace-den-fog	Shisa9
ace-den-fog	Pdlim5
ace-den-fog	Timp3
ace-den-fog	Olfm3
ace-den-fog	Cxcl14
ace-den-fog	Ntn1
ace-den-fog	Bcl6
ace-den-fog	Bmp3
ace-den-fog	Tgfb3
ace-den-fog	Ak4
ace-den-fog	Smad3
ace-den-fog	Col6a1
ace-den-fog	Zbtb8a
ace-den-fog	Hcrtr2
ace-den-fog	Kcnk4
ace-den-fog	Tmem176b
ace-den-fog	Prkcd
ace-den-fog	Satb2
ace-den-fog	Sfta3-ps
ace-den-fog	Id2
ace-den-fog	Mafb
ace-den-fog	Tspan9
ace-den-fog	Mfge8
ace-den-fog	Bsx
ace-den-fog	Gpx3
ace-den-fog	Spp1
ace-den-fog	Fos
ace-den-fog	Arhgef19
ace-den-fog	Fbln1
ace-den-fog	Adcy2
ace-den-fog	Slc35d3
ace-den-fog	Bnc2
ace-den-fog	Clmp
ace-den-fog	Fosl2
ace-den-fog	Scn4b
ace-den-fog	Slc1a3
ace-den-fog	Synpr
ace-den-fog	Foxp2
ace-den-fog	Blank-12
ace-den-fog	Blank-176
ace-den-fog	Prox1
ace-den-fog	Lratd2
ace-den-fog	Ctss
ace-den-fog	Cldn5
ace-den-fog	Otof
ace-den-fog	Nxph2
ace-den-fog	Cdh20
ace-den-fog	Cacng5
ace-den-fog	Sema3e
ace-den-fog	Ptprt
ace-den-fog	Ramp1
ace-den-fog	Col23a1
ace-den-fog	Itgb8
ace-den-fog	Syt10
ace-den-fog	Deptor
ace-den-fog	Erbb4
ace-den-fog	Tmtc4
ace-den-fog	Sv2c
ace-den-fog	Rxrg
ace-den-fog	Abca8b
ace-den-fog	Npnt
ace-den-fog	Per2
ace-den-fog	Ddit4l
ace-den-fog	Trp73
ace-den-fog	Rasd1
ace-den-fog	Rgs6
ace-den-fog	St18
ace-den-fog	Psmb8
ace-den-fog	Serpine2
ace-den-fog	Nrn1
ace-den-fog	Vipr2
ace-den-fog	Wnt5a
ace-den-fog	Sytl5
ace-den-fog	Grem1
ace-den-fog	Lmx1a
ace-den-fog	Stum
ace-den-fog	Clic1
ace-den-fog	Trh
ace-den-fog	Ngb
ace-den-fog	Tbx3
ace-den-fog	Clstn2
ace-den-fog	Lpar1
ace-den-fog	Mmd2
ace-den-fog	Neurod6
ace-den-fog	Pld5
ace-den-fog	Moxd1
ace-den-fog	Grik1
ace-den-fog	Prss12
ace-den-fog	Kcnj8
ace-den-fog	Lmo1
ace-den-fog	Unc13c
ace-den-fog	Lama3
ace-den-fog	Wipf3
ace-den-fog	Cemip
ace-den-fog	Pou3f1
ace-den-fog	Cnr1
ace-den-fog	Npy2r
ace-den-fog	Slc25a13
ace-den-fog	Cobll1
ace-den-fog	Prokr2
ace-den-fog	Slco5a1
ace-den-fog	Th
ace-den-fog	Nxph1
ace-den-fog	Blnk
ace-den-fog	Syndig1
ace-den-fog	Ptprk
ace-den-fog	Chat
ace-den-fog	Ndst4
ace-den-fog	Rspo2
ace-den-fog	Nr4a3
ace-den-fog	Coch
ace-den-fog	Igfn1
ace-den-fog	Akap13
ace-den-fog	Nptx2
ace-den-fog	Kitl
ace-den-fog	Sla
ace-den-fog	Gad1
ace-den-fog	Tpm2
ace-den-fog	Ndnf
ace-den-fog	Cdh7
ace-den-fog	Ctxn3
ace-den-fog	Nmbr
ace-den-fog	Isl1
ace-den-fog	Zic1
ace-den-fog	Six3
ace-den-fog	Pitx2
ace-den-fog	Dlk1
ace-den-fog	Foxg1
ace-den-fog	Tbr1
ace-den-fog	Cartpt
ace-den-fog	Tox
ace-den-fog	Bcl11a
ace-den-fog	Tafa1
ace-den-fog	Pnoc
ace-den-fog	Stxbp6
ace-den-fog	Tekt5
ace-den-fog	Prlr
ace-den-fog	C1ql2
ace-den-fog	Crh
ace-den-fog	Rmst
ace-den-fog	Gal
ace-den-fog	Sp9
ace-den-fog	Rprm
ace-den-fog	Nrp1
ace-den-fog	C1ql3
ace-den-fog	Ddc
ace-den-fog	Gpr101
ace-den-fog	Ecel1
ace-den-fog	Pantr1
ace-den-fog	Lhx5
ace-den-fog	Chrm1
ace-den-fog	Trhde
ace-den-fog	Otx2
ace-den-fog	Plpp4
ace-den-fog	Dbx2
ace-den-fog	Tmem132c
ace-den-fog	Galr1
ace-den-fog	Cpne7
ace-den-fog	Hs6st3
ace-den-fog	Gda
ace-den-fog	Tmem196
ace-den-fog	Rassf4
ace-den-fog	A830009L08Rik
ace-den-fog	Gsx2
ace-den-fog	Kctd8
ace-den-fog	Lpl
ace-den-fog	Inpp4b
ace-den-fog	Qrfpr
ace-den-fog	Ebf2
ace-den-fog	Mc4r
ace-den-fog	Lypd6
ace-den-fog	Tshz3
ace-den-fog	Tmem215
ace-den-fog	Arhgap36
ace-den-fog	Cd36
ace-den-fog	Tmem35a
ace-den-fog	Lmo3
ace-den-fog	Cpne8
ace-den-fog	Adamts5
ace-den-fog	Ptprc
ace-den-fog	Mybpc1
ace-den-fog	Esr1
ace-den-fog	Igf1
ace-den-fog	Baiap2
ace-den-fog	Pamr1
ace-den-fog	Oprk1
ace-den-fog	Ly6g6e
ace-den-fog	Tnmd
ace-den-fog	Cckar
ace-den-fog	Rgs4
ace-den-fog	Crhbp
ace-den-fog	Gabra1
ace-den-fog	Osr1
ace-den-fog	Blank-4
ace-den-fog	Blank-6
ace-den-fog	Blank-8
ace-den-fog	Blank-14
ace-den-fog	Blank-15
ace-den-fog	Blank-18
ace-den-fog	Blank-34
ace-den-fog	Blank-42
ace-den-fog	Blank-48
ace-den-fog	Blank-49
ace-den-fog	Blank-51
ace-den-fog	Blank-55
ace-den-fog	Blank-57
ace-den-fog	Blank-60
ace-den-fog	Blank-61
ace-den-fog	Blank-62
ace-den-fog	Blank-68
ace-den-fog	Blank-74
ace-den-fog	Blank-75
ace-den-fog	Blank-76
ace-den-fog	Blank-77
ace-den-fog	Blank-82
ace-den-fog	Blank-83
ace-den-fog	Blank-89
ace-den-fog	Blank-91
ace-den-fog	Blank-104
ace-den-fog	Blank-105
ace-den-fog	Blank-116
ace-den-fog	Blank-121
ace-den-fog	Blank-122
ace-den-fog	Blank-123
ace-den-fog	Blank-125
ace-den-fog	Blank-126
ace-den-fog	Blank-127
ace-den-fog	Blank-128
ace-den-fog	Blank-131
ace-den-fog	Blank-135
ace-den-fog	Blank-138
ace-den-fog	Blank-144
ace-den-fog	Blank-146
ace-den-fog	Blank-148
ace-den-fog	Blank-150
ace-den-fog	Blank-151
ace-den-fog	Blank-154
ace-den-fog	Blank-179
ace-den-fog	Blank-181
ace-den-fog	Blank-182
ace-den-fog	Blank-183
ace-den-fog	Blank-184
ace-den-fog	Blank-193
ace-den-fog	Blank-196
ace-den-fog	Blank-201
ace-den-fog	Vip
ace-den-fog	5031425F14Rik
ace-den-fog	Grm8
ace-den-fog	Frzb
ace-den-fog	Ngf
ace-den-fog	Rxfp3
ace-den-fog	Pkib
ace-den-fog	Pcdh20
ace-den-fog	Myh8
ace-den-fog	Nell1
ace-den-fog	Chrm3
ace-den-fog	Crym
ace-den-fog	Cntn6
ace-den-fog	Mgat4c
ace-den-fog	Tnfaip8
ace-den-fog	Calca
ace-den-fog	Blank-2
ace-den-fog	Blank-16
ace-den-fog	Blank-29
ace-den-fog	Blank-31
ace-den-fog	Blank-32
ace-den-fog	Blank-36
ace-den-fog	Blank-38
ace-den-fog	Blank-41
ace-den-fog	Blank-45
ace-den-fog	Blank-47
ace-den-fog	Blank-56
ace-den-fog	Blank-58
ace-den-fog	Blank-59
ace-den-fog	Blank-65
ace-den-fog	Blank-69
ace-den-fog	Blank-73
ace-den-fog	Blank-78
ace-den-fog	Blank-79
ace-den-fog	Blank-81
ace-den-fog	Blank-84
ace-den-fog	Blank-90
ace-den-fog	Blank-99
ace-den-fog	Blank-102
ace-den-fog	Blank-106
ace-den-fog	Blank-110
ace-den-fog	Blank-111
ace-den-fog	Blank-112
ace-den-fog	Blank-114
ace-den-fog	Blank-137
ace-den-fog	Blank-139
ace-den-fog	Blank-140
ace-den-fog	Blank-141
ace-den-fog	Blank-147
ace-den-fog	Blank-169
ace-den-fog	Blank-172
ace-den-fog	Blank-175
ace-den-fog	Blank-178
ace-den-fog	Blank-188
ace-den-fog	Blank-190
ace-den-fog	Blank-192
ace-den-fog	Blank-199
ace-den-fog	Thsd7a
ace-den-fog	Col24a1
ace-den-fog	Otp
ace-den-fog	Zfp804b
ace-den-fog	Defb1
ace-den-fog	Brs3
ace-den-fog	Blank-27
ace-den-fog	Blank-30
ace-den-fog	Blank-52
ace-den-fog	Blank-88
ace-den-fog	Blank-96
ace-den-fog	Blank-101
ace-den-fog	Blank-143
ace-den-fog	Blank-152
ace-den-fog	Blank-158
ace-den-fog	Blank-161
ace-den-fog	Blank-163
ace-den-fog	Blank-164
ace-den-fog	Blank-170
ace-den-fog	Blank-185
ace-den-fog	Blank-191
ace-den-fog	Blank-130
ace-den-fog	Blank-37
ace-den-fog	Chodl
ace-den-fog	Hpse2
ace-den-fog	Blank-166
ace-den-hen	Clic6
ace-den-hen	Rgs4
ace-den-hen	Prkcq
ace-den-hen	Grm1
ace-den-hen	Spon1
ace-den-hen	Lhx9
ace-den-hen	Sp8
ace-den-hen	Nfib
ace-den-hen	Slc17a7
ace-den-hen	Nxph2
ace-den-hen	Pax6
ace-den-hen	Emx2
ace-den-hen	Zfp536
ace-den-hen	Epha4
ace-den-hen	Calb1
ace-den-hen	Nr4a3
ace-den-hen	Lama1
ace-den-hen	Igfbp2
ace-den-hen	Kctd8
ace-den-hen	Cnr1
ace-den-hen	Mmel1
ace-den-hen	Abi3bp
ace-den-hen	Tnc
ace-den-hen	Osbpl3
ace-den-hen	Tmem132c
ace-den-hen	Gad2
ace-den-hen	Slc17a6
ace-den-hen	Col27a1
ace-den-hen	Cbln2
ace-den-hen	Blank-10
ace-den-hen	Man1a
ace-den-hen	Cpne8
ace-den-hen	Ptk2b
ace-den-hen	Serpine2
ace-den-hen	Rwdd2a
ace-den-hen	Tfap2d
ace-den-hen	A630012P03Rik
ace-den-hen	Cd36
ace-den-hen	Fxyd6
ace-den-hen	Blank-31
ace-den-hen	Sox14
ace-den-hen	Tnnt1
ace-den-hen	Mkx
ace-den-hen	Maf
ace-den-hen	Chrm2
ace-den-hen	Ebf2
ace-den-hen	Lhx8
ace-den-hen	Kit
ace-den-hen	Vwa5b1
ace-den-hen	Cd24a
ace-den-hen	Dach1
ace-den-hen	Irx2
ace-den-hen	Lhfpl5
ace-den-hen	Pou4f1
ace-den-hen	Hspg2
ace-den-hen	Nwd2
ace-den-hen	Cbln1
ace-den-hen	Unc13c
ace-den-hen	Pvalb
ace-den-hen	Ntn1
ace-den-hen	Igfbpl1
ace-den-hen	Osr1
ace-den-hen	Ramp1
ace-den-hen	Otx2
ace-den-hen	Dlk1
ace-den-hen	Blank-13
ace-den-hen	Cidea
ace-den-hen	Lrp4
ace-den-hen	Hpgd
ace-den-hen	Parm1
ace-den-hen	Dsg2
ace-den-hen	Arhgap25
ace-den-hen	Kcng1
ace-den-hen	Prkg2
ace-den-hen	Blank-20
ace-den-hen	Lmo1
ace-den-hen	Kcnk9
ace-den-hen	Gpr4
ace-den-hen	Wls
ace-den-hen	Oprk1
ace-den-hen	Blank-38
ace-den-hen	Scgn
ace-den-hen	Tmie
ace-den-hen	Foxo1
ace-den-hen	Hopx
ace-den-hen	Blank-8
ace-den-hen	Blank-21
ace-den-hen	Galnt14
ace-den-hen	Ndnf
ace-den-hen	Lamp5
ace-den-hen	Dcn
ace-den-hen	Rbp4
ace-den-hen	Grm8
ace-den-hen	Nos1
ace-den-hen	Sv2c
ace-den-hen	Pde3a
ace-den-hen	Chst9
ace-den-hen	Col18a1
ace-den-hen	Pde11a
ace-den-hen	Adra1b
ace-den-hen	Lypd1
ace-den-hen	Prrxl1
ace-den-hen	Blank-49
ace-den-hen	Tfap2b
ace-den-hen	Syt10
ace-den-hen	Tgfbr2
ace-den-hen	Onecut3
ace-den-hen	Lancl3
ace-den-hen	Htr3a
ace-den-hen	Kcns3
ace-den-hen	Sox10
ace-den-hen	Th
ace-den-hen	Zic1
ace-den-hen	Penk
ace-den-hen	Medag
ace-den-hen	Bnc2
ace-den-hen	Aqp1
ace-den-hen	Pax5
ace-den-hen	Kazald1
ace-den-hen	Glra2
ace-den-hen	Gda
ace-den-hen	Corin
ace-den-hen	Nhlh2
ace-den-hen	Igfbp6
ace-den-hen	Sorcs3
ace-den-hen	Syt17
ace-den-hen	Syt6
ace-den-hen	Kcnip1
ace-den-hen	Meis1
ace-den-hen	Sla
ace-den-hen	Blank-25
ace-den-hen	Creb3l1
ace-den-hen	Kcnh8
ace-den-hen	Slc6a5
ace-den-hen	Scn4b
ace-den-hen	Htr7
ace-den-hen	Fras1
ace-den-hen	Ptprm
ace-den-hen	Hoxb8
ace-den-hen	Eya2
ace-den-hen	Whrn
ace-den-hen	Syndig1
ace-den-hen	Ntng1
ace-den-hen	Mctp2
ace-den-hen	Gabrq
ace-den-hen	Glis3
ace-den-hen	Ptger3
ace-den-hen	Chrm3
ace-den-hen	Cdkn1a
ace-den-hen	Otp
ace-den-hen	Pth2r
ace-den-hen	Oxtr
ace-den-hen	Ust
ace-den-hen	Samd5
ace-den-hen	Lncenc1
ace-den-hen	Spock3
ace-den-hen	C230014O12Rik
ace-den-hen	Adcy2
ace-den-hen	Slc6a3
ace-den-hen	Zfpm2
ace-den-hen	Gja1
ace-den-hen	Opalin
ace-den-hen	Cartpt
ace-den-hen	Slc32a1
ace-den-hen	Chat
ace-den-hen	Pou6f2
ace-den-hen	Ngb
ace-den-hen	Hdc
ace-den-hen	Pou3f3
ace-den-hen	Sema5a
ace-den-hen	Rasgrp1
ace-den-hen	Blank-34
ace-den-hen	Grm3
ace-den-hen	Ramp3
ace-den-hen	Elfn1
ace-den-hen	Sv2b
ace-den-hen	Moxd1
ace-den-hen	Kitl
ace-den-hen	Rorb
ace-den-hen	Kcnmb2
ace-den-hen	Tbx3
ace-den-hen	Dgkk
ace-den-hen	Blank-43
ace-den-hen	Wif1
ace-den-hen	Grpr
ace-den-hen	Stxbp6
ace-den-hen	Gpr149
ace-den-hen	Mdga1
ace-den-hen	Npy2r
ace-den-hen	Hoxb5
ace-den-hen	Nxph1
ace-den-hen	Synpr
ace-den-hen	Slc38a1
ace-den-hen	Foxa2
ace-den-hen	Pcp4l1
ace-den-hen	Syt2
ace-den-hen	Dmrt2
ace-den-hen	Agt
ace-den-hen	Ighm
ace-den-hen	Grp
ace-den-hen	Rgs6
ace-den-hen	Tacr1
ace-den-hen	Blank-18
ace-den-hen	Drd5
ace-den-hen	Scn7a
ace-den-hen	Vcan
ace-den-hen	Lsp1
ace-den-hen	St6galnac5
ace-den-hen	Col11a1
ace-den-hen	Baiap3
ace-den-hen	Igf2
ace-den-hen	Nrp1
ace-den-hen	Calcb
ace-den-hen	Lmo3
ace-den-hen	Mrpl16
ace-den-hen	Aqp4
ace-den-hen	Slc30a3
ace-den-hen	Dmbx1
ace-den-hen	Rxfp3
ace-den-hen	Mpped2
ace-den-hen	4930509J09Rik
ace-den-hen	Igfbp4
ace-den-hen	Necab1
ace-den-hen	Trhde
ace-den-hen	Ccnd2
ace-den-hen	Rspo1
ace-den-hen	Slit3
ace-den-hen	Nkx2-4
ace-den-hen	Syndig1l
ace-den-hen	Htr1b
ace-den-hen	Nts
ace-den-hen	Glra3
ace-den-hen	Grin2c
ace-den-hen	Rab3b
ace-den-hen	Ccn4
ace-den-hen	Slc1a3
ace-den-hen	Kif11
ace-den-hen	Fam163a
ace-den-hen	Fli1
ace-den-hen	Cd34
ace-den-hen	Kcnab3
ace-den-hen	Lhx1
ace-den-hen	Sntg2
ace-den-hen	Slc6a4
ace-den-hen	Cxcl14
ace-den-hen	Trpc7
ace-den-hen	Angpt1
ace-den-hen	Aqp6
ace-den-hen	Smoc2
ace-den-hen	Clic5
ace-den-hen	Arhgap28
ace-den-hen	Vit
ace-den-hen	Fbn2
ace-den-hen	Tac2
ace-den-hen	Cnih3
ace-den-hen	Ccdc3
ace-den-hen	Nr4a2
ace-den-hen	Col5a1
ace-den-hen	Frzb
ace-den-hen	Pdyn
ace-den-hen	Slc7a11
ace-den-hen	Tacr3
ace-den-hen	Grik3
ace-den-hen	Fosl2
ace-den-hen	Nr2f2
ace-den-hen	Crym
ace-den-hen	Vegfc
ace-den-hen	Gpr83
ace-den-hen	Dscaml1
ace-den-hen	Tent5a
ace-den-hen	Gsta4
ace-den-hen	Isl1
ace-den-hen	Cdh6
ace-den-hen	Nrn1
ace-den-hen	Fstl5
ace-den-hen	Sox5
ace-den-hen	Zic5
ace-den-hen	Dock5
ace-den-hen	Egln3
ace-den-hen	Ror1
ace-den-hen	Tbcc
ace-den-hen	Esyt3
ace-den-hen	Npnt
ace-den-hen	Svep1
ace-den-hen	Foxa1
ace-den-hen	Piezo2
ace-den-hen	Ttc29
ace-den-hen	Ccn3
ace-den-hen	Ppp1r17
ace-den-hen	Adamts19
ace-den-hen	Vwc2
ace-den-hen	C1ql1
ace-den-hen	Pdgfd
ace-den-hen	Lhfp
ace-den-hen	Npsr1
ace-den-hen	Crh
ace-den-hen	Marcksl1
ace-den-hen	Gli2
ace-den-hen	Cdh20
ace-den-hen	Casr
ace-den-hen	Epha3
ace-den-hen	Scn5a
ace-den-hen	Galr1
ace-den-hen	Bcl11b
ace-den-hen	Tll1
ace-den-hen	Zic4
ace-den-hen	Agtr1a
ace-den-hen	Gfap
ace-den-hen	Chn2
ace-den-hen	Irs4
ace-den-hen	Megf11
ace-den-hen	Gpc3
ace-den-hen	Ldb2
ace-den-hen	Cgnl1
ace-den-hen	Sema3e
ace-den-hen	Hmcn1
ace-den-hen	Pdzrn3
ace-den-hen	Rxfp1
ace-den-hen	Kl
ace-den-hen	Ebf1
ace-den-hen	Cacng3
ace-den-hen	Cbln4
ace-den-hen	Cntn6
ace-den-hen	Col8a1
ace-den-hen	Fyb
ace-den-hen	Nr2f1
ace-den-hen	Cntnap3
ace-den-hen	Ctxn3
ace-den-hen	Zbtb16
ace-den-hen	Hoxb3
ace-den-hen	Plpp4
ace-den-hen	Hs3st3b1
ace-den-hen	Igf1
ace-den-hen	Egflam
ace-den-hen	Grem1
ace-den-hen	Bmp4
ace-den-hen	Abcc9
ace-den-hen	Pde1a
ace-den-hen	Col23a1
ace-den-hen	Hs3st4
ace-den-hen	Galnt18
ace-den-hen	Lpar1
ace-den-hen	Klk6
ace-den-hen	Tshz2
ace-den-hen	Tox3
ace-den-hen	Nfix
ace-den-hen	Gli3
ace-den-hen	Caln1
ace-den-hen	Tcf7l2
ace-den-hen	Ltbp1
ace-den-hen	Lypd6
ace-den-hen	Shroom3
ace-den-hen	Adamts9
ace-den-hen	Arhgap36
ace-den-hen	Met
ace-den-hen	Ctss
ace-den-hen	Skor1
ace-den-hen	Egfem1
ace-den-hen	Adamtsl1
ace-den-hen	Shisa6
ace-den-hen	Apela
ace-den-hen	A830036E02Rik
ace-den-hen	Ccbe1
ace-den-hen	Fign
ace-den-hen	Ung
ace-den-hen	Adamts2
ace-den-hen	Sulf2
ace-den-hen	St18
ace-den-hen	Adra1a
ace-den-hen	Tcerg1l
ace-den-hen	Unc5d
ace-den-hen	Vsx2
ace-den-hen	Ttc6
ace-den-hen	Dio3
ace-den-hen	Slit2
ace-den-hen	Pitx2
ace-den-hen	Zfhx4
ace-den-hen	Zeb2
ace-den-hen	Nkx2-1
ace-den-hen	Dchs2
ace-den-hen	Prom1
ace-den-hen	Pparg
ace-den-hen	Kcnj8
ace-den-hen	Cyp26b1
ace-den-hen	Sox6
ace-den-hen	C030029H02Rik
ace-den-hen	Rmst
ace-den-hen	Drd1
ace-den-hen	Adgrv1
ace-den-hen	Pnoc
ace-den-hen	Rspo2
ace-den-hen	St3gal1
ace-den-hen	Qpct
ace-den-hen	Zfp521
ace-den-hen	Blank-1
ace-den-hen	Blank-6
ace-den-hen	Blank-9
ace-den-hen	Blank-14
ace-den-hen	Blank-19
ace-den-hen	Blank-22
ace-den-hen	Blank-24
ace-den-hen	Blank-27
ace-den-hen	Blank-30
ace-den-hen	Blank-36
ace-den-hen	Blank-40
ace-den-hen	Blank-42
ace-den-hen	Blank-47
ace-den-hen	Blank-48
ace-den-hen	Lhx2
ace-den-hen	Dbh
ace-den-hen	Slc7a10
ace-den-hen	Evx2
ace-den-hen	Npas1
ace-den-hen	Prkd1
ace-den-hen	Calb2
ace-den-hen	Phox2b
ace-den-hen	Lpl
ace-den-hen	Popdc3
ace-den-hen	Slc17a8
ace-den-hen	Chodl
ace-den-hen	Mcm6
ace-den-hen	Fibcd1
ace-den-hen	Col24a1
ace-den-hen	Bmpr1b
ace-den-hen	Tal1
ace-den-hen	Pax7
ace-den-hen	Sema3c
ace-den-hen	Bmp3
ace-den-hen	Kcnj5
ace-den-hen	Eomes
ace-den-hen	Stac
ace-den-hen	Cpa6
ace-den-hen	Htr2a
ace-den-hen	Trhr
ace-den-hen	Acta2
ace-den-hen	Tox
ace-den-hen	Cldn5
ace-den-hen	Npbwr1
ace-den-hen	Lgr6
ace-den-hen	Cftr
ace-den-hen	Egr2
ace-den-hen	Spin2c
ace-den-hen	Cited1
ace-den-hen	Il31ra
ace-den-hen	Ckap2l
ace-den-hen	Pou3f1
ace-den-hen	Arhgap15
ace-den-hen	Oprd1
ace-den-hen	Gpr101
ace-den-hen	C1ql3
ace-den-hen	Hcrtr2
ace-den-hen	Nptx2
ace-den-hen	Calcr
ace-den-hen	Drd2
ace-den-hen	Ethe1
ace-den-hen	Mab21l2
ace-den-hen	Kcng2
ace-den-hen	En1
ace-den-hen	Gpx3
ace-den-hen	Pappa
ace-den-hen	Hs3st2
ace-den-hen	Barhl2
ace-den-hen	Htr1d
ace-den-hen	Ret
ace-den-hen	Sp9
ace-den-hen	Qrfpr
ace-den-hen	Nxph4
ace-den-hen	Slc5a7
ace-den-hen	Sox2
ace-den-hen	Rprm
ace-den-hen	Prok2
ace-den-hen	Mog
ace-den-hen	Gata3
ace-den-hen	Car4
ace-den-hen	Mecom
ace-den-hen	Wnt7b
ace-den-hen	Serpinb8
ace-den-hen	Fbln2
ace-den-hen	Bcl11a
ace-den-hen	Barhl1
ace-den-hen	Prlr
ace-den-hen	Gfra1
ace-den-hen	Pif1
ace-den-hen	Ddc
ace-den-hen	Myo5b
ace-den-hen	Gpr39
ace-den-hen	Reln
ace-den-hen	Ecel1
ace-den-hen	9330158H04Rik
ace-den-hen	Shox2
ace-den-hen	Ebf3
ace-den-hen	Ndst4
ace-den-hen	Six3
ace-den-hen	Onecut2
ace-den-hen	Tmem215
ace-den-hen	B230323A14Rik
ace-den-hen	2900052N01Rik
ace-den-hen	Hgf
ace-den-hen	Ankfn1
ace-den-hen	Tafa2
ace-den-hen	Crhbp
ace-den-hen	Adgrf5
ace-den-hen	Grik1
ace-den-hen	Cdh9
ace-den-hen	D130009I18Rik
ace-den-hen	Gm30564
ace-den-hen	Drd3
ace-den-hen	Gal
ace-den-hen	Blank-2
ace-den-hen	Blank-3
ace-den-hen	Blank-4
ace-den-hen	Blank-5
ace-den-hen	Blank-7
ace-den-hen	Blank-11
ace-den-hen	Blank-15
ace-den-hen	Blank-16
ace-den-hen	Blank-17
ace-den-hen	Blank-23
ace-den-hen	Blank-28
ace-den-hen	Blank-29
ace-den-hen	Blank-32
ace-den-hen	Blank-35
ace-den-hen	Blank-39
ace-den-hen	Blank-41
ace-den-hen	Blank-44
ace-den-hen	Blank-46
ace-den-hen	Blank-50
ace-den-hen	Vip
ace-den-hen	Vwc2l
ace-den-hen	Chrnb3
ace-den-hen	Adcyap1
ace-den-hen	Foxb1
ace-den-hen	Gpr139
ace-den-hen	Tafa4
ace-den-hen	Gpr88
ace-den-hen	Igsf1
ace-den-hen	Tafa1
ace-den-hen	Klhl14
ace-den-hen	Edaradd
ace-den-hen	D130079A08Rik
ace-den-hen	Blank-12
ace-den-hen	Blank-26
ace-den-hen	Blank-33
ace-den-hen	Blank-37
ace-den-hen	Blank-45
ace-den-hen	Cd247
ace-den-hen	Pax8
ace-den-hen	Otof
ace-den-hen	Fgf10
ace-den-hen	G630016G05Rik
ace-dim-nut	Prkcq
ace-dim-nut	Tfap2d
ace-dim-nut	Cldn5
ace-dim-nut	Chn2
ace-dim-nut	Abi3bp
ace-dim-nut	Grem1
ace-dim-nut	Pcp4l1
ace-dim-nut	Igfbp2
ace-dim-nut	Pou4f1
ace-dim-nut	Kcns3
ace-dim-nut	Dcn
ace-dim-nut	Ttc29
ace-dim-nut	Zfp536
ace-dim-nut	Blank-36
ace-dim-nut	Reln
ace-dim-nut	Blank-20
ace-dim-nut	Blank-50
ace-dim-nut	Igf2
ace-dim-nut	Ccnd2
ace-dim-nut	Th
ace-dim-nut	Grin2c
ace-dim-nut	Aqp1
ace-dim-nut	Kit
ace-dim-nut	Fli1
ace-dim-nut	Cd34
ace-dim-nut	Igfbp4
ace-dim-nut	Lhx1
ace-dim-nut	Ntn1
ace-dim-nut	Cartpt
ace-dim-nut	Clic6
ace-dim-nut	Igfbp6
ace-dim-nut	Smoc2
ace-dim-nut	Arhgap28
ace-dim-nut	Vit
ace-dim-nut	Fbn2
ace-dim-nut	Tac2
ace-dim-nut	Nrp1
ace-dim-nut	Epha4
ace-dim-nut	Mcm6
ace-dim-nut	Col5a1
ace-dim-nut	Creb3l1
ace-dim-nut	Lrp4
ace-dim-nut	Pdyn
ace-dim-nut	Pax7
ace-dim-nut	Fosl2
ace-dim-nut	Nr2f2
ace-dim-nut	Calcb
ace-dim-nut	Gpr83
ace-dim-nut	Gsta4
ace-dim-nut	Zic1
ace-dim-nut	Tgfbr2
ace-dim-nut	Col27a1
ace-dim-nut	Cdh6
ace-dim-nut	Ptprm
ace-dim-nut	Egln3
ace-dim-nut	Ror1
ace-dim-nut	Tbcc
ace-dim-nut	Esyt3
ace-dim-nut	Svep1
ace-dim-nut	Kcnk9
ace-dim-nut	Slc32a1
ace-dim-nut	Spon1
ace-dim-nut	Ccn3
ace-dim-nut	Tmie
ace-dim-nut	Ndnf
ace-dim-nut	Vwc2
ace-dim-nut	Osr1
ace-dim-nut	Cnr1
ace-dim-nut	C1ql1
ace-dim-nut	Pdgfd
ace-dim-nut	Cd24a
ace-dim-nut	Lhfp
ace-dim-nut	Dsg2
ace-dim-nut	Scn4b
ace-dim-nut	Gpr4
ace-dim-nut	Ust
ace-dim-nut	Trhde
ace-dim-nut	Marcksl1
ace-dim-nut	Agt
ace-dim-nut	Eya2
ace-dim-nut	Nfib
ace-dim-nut	Zic4
ace-dim-nut	Gfap
ace-dim-nut	Sema5a
ace-dim-nut	Gja1
ace-dim-nut	Gpc3
ace-dim-nut	Slit3
ace-dim-nut	Chat
ace-dim-nut	Penk
ace-dim-nut	Ldb2
ace-dim-nut	Nptx2
ace-dim-nut	Cgnl1
ace-dim-nut	Hmcn1
ace-dim-nut	Pdzrn3
ace-dim-nut	Rxfp1
ace-dim-nut	Syt17
ace-dim-nut	Col18a1
ace-dim-nut	Gpx3
ace-dim-nut	Gpr139
ace-dim-nut	Sv2b
ace-dim-nut	Slc17a7
ace-dim-nut	Slc38a1
ace-dim-nut	Col8a1
ace-dim-nut	Sp9
ace-dim-nut	Nr2f1
ace-dim-nut	Ctxn3
ace-dim-nut	Col11a1
ace-dim-nut	Medag
ace-dim-nut	Zbtb16
ace-dim-nut	Hs3st3b1
ace-dim-nut	Whrn
ace-dim-nut	Igf1
ace-dim-nut	Moxd1
ace-dim-nut	Egflam
ace-dim-nut	Ramp1
ace-dim-nut	Bmp4
ace-dim-nut	Pde1a
ace-dim-nut	Mog
ace-dim-nut	Col23a1
ace-dim-nut	Bnc2
ace-dim-nut	Lpar1
ace-dim-nut	Maf
ace-dim-nut	Tox3
ace-dim-nut	Nfix
ace-dim-nut	Gli3
ace-dim-nut	Mpped2
ace-dim-nut	Tcf7l2
ace-dim-nut	Rbp4
ace-dim-nut	Ltbp1
ace-dim-nut	Shroom3
ace-dim-nut	Fbln2
ace-dim-nut	Spock3
ace-dim-nut	Pde11a
ace-dim-nut	Adra1b
ace-dim-nut	Lsp1
ace-dim-nut	Adamts2
ace-dim-nut	Sulf2
ace-dim-nut	Mdga1
ace-dim-nut	Grp
ace-dim-nut	Zfhx4
ace-dim-nut	Unc13c
ace-dim-nut	Kcnj8
ace-dim-nut	Cyp26b1
ace-dim-nut	Lhx8
ace-dim-nut	Fxyd6
ace-dim-nut	Pnoc
ace-dim-nut	Cdkn1a
ace-dim-nut	Aqp4
ace-dim-nut	Blank-6
ace-dim-nut	Blank-38
ace-dim-nut	Pvalb
ace-dim-nut	Pax5
ace-dim-nut	Wif1
ace-dim-nut	Adcy2
ace-dim-nut	Ptk2b
ace-dim-nut	Tfap2b
ace-dim-nut	Serpine2
ace-dim-nut	Cnih3
ace-dim-nut	Gad2
ace-dim-nut	Slc7a11
ace-dim-nut	Nr4a3
ace-dim-nut	Rspo1
ace-dim-nut	Slc17a6
ace-dim-nut	Hpgd
ace-dim-nut	Isl1
ace-dim-nut	Nrn1
ace-dim-nut	Zic5
ace-dim-nut	Dock5
ace-dim-nut	Zfpm2
ace-dim-nut	Stxbp6
ace-dim-nut	Oprd1
ace-dim-nut	Rxfp3
ace-dim-nut	Nxph1
ace-dim-nut	Cdh20
ace-dim-nut	Sp8
ace-dim-nut	Scn5a
ace-dim-nut	Dach1
ace-dim-nut	Lancl3
ace-dim-nut	Cacng3
ace-dim-nut	Opalin
ace-dim-nut	Cbln4
ace-dim-nut	Plpp4
ace-dim-nut	Slc5a7
ace-dim-nut	Kcnip1
ace-dim-nut	Nxph2
ace-dim-nut	Car4
ace-dim-nut	Caln1
ace-dim-nut	Arhgap36
ace-dim-nut	Shisa6
ace-dim-nut	Barhl1
ace-dim-nut	Apela
ace-dim-nut	Pou6f2
ace-dim-nut	Nos1
ace-dim-nut	Gpr39
ace-dim-nut	Lypd1
ace-dim-nut	Corin
ace-dim-nut	Ebf2
ace-dim-nut	Sox6
ace-dim-nut	Zfp521
ace-dim-nut	Blank-2
ace-dim-nut	Blank-5
ace-dim-nut	Blank-11
ace-dim-nut	Blank-14
ace-dim-nut	Blank-22
ace-dim-nut	Blank-49
ace-dim-nut	Kcnab3
ace-dim-nut	Trpc7
ace-dim-nut	Angpt1
ace-dim-nut	Chodl
ace-dim-nut	Kazald1
ace-dim-nut	Calb1
ace-dim-nut	Grik3
ace-dim-nut	Lama1
ace-dim-nut	Hoxb5
ace-dim-nut	Adamts19
ace-dim-nut	Dmrt2
ace-dim-nut	Irx2
ace-dim-nut	Ethe1
ace-dim-nut	Kcng2
ace-dim-nut	Kl
ace-dim-nut	Barhl2
ace-dim-nut	Syndig1l
ace-dim-nut	Gata3
ace-dim-nut	Hs3st4
ace-dim-nut	Tshz2
ace-dim-nut	Kcng1
ace-dim-nut	Pax6
ace-dim-nut	Ctss
ace-dim-nut	Hspg2
ace-dim-nut	Lmo3
ace-dim-nut	Sla
ace-dim-nut	2900052N01Rik
ace-dim-nut	C030029H02Rik
ace-dim-nut	Rmst
ace-dim-nut	Blank-3
ace-dim-nut	Blank-41
ace-dim-nut	Dscaml1
ace-dim-nut	Piezo2
ace-dim-nut	Pou3f3
ace-dim-nut	Sorcs3
ace-dim-nut	Hoxb3
ace-dim-nut	Vcan
ace-dim-nut	Hopx
ace-dim-nut	Skor1
ace-dim-nut	Otx2
ace-dim-nut	Syt2
ace-dim-nut	A830036E02Rik
ace-dim-nut	Fign
ace-dim-nut	Cbln2
ace-dim-nut	Cbln1
ace-dim-nut	Emx2
ace-dim-nut	Crhbp
ace-dim-nut	Blank-12
ace-dim-nut	Nts
ace-dim-nut	Npy2r
ace-dim-nut	Sox5
ace-dim-nut	Kcnh8
ace-dim-nut	Elfn1
ace-dim-nut	Kctd8
ace-dim-nut	Calcr
ace-dim-nut	Syndig1
ace-dim-nut	Rorb
ace-dim-nut	Tmem132c
ace-dim-nut	Oprk1
ace-dim-nut	Zeb2
ace-dim-nut	Dchs2
ace-dim-nut	Ankfn1
ace-dim-nut	Blank-43
ace-dim-nut	A630012P03Rik
ace-dim-nut	Nxph4
ace-dim-nut	Htr7
ace-dim-nut	Grm3
ace-dim-nut	Frzb
ace-dim-nut	Slc30a3
ace-dim-nut	Dgkk
ace-dim-nut	Bmp3
ace-dim-nut	Igfbpl1
ace-dim-nut	Blank-25
ace-dim-nut	Cftr
ace-dim-nut	Wls
ace-dim-nut	Hs3st2
ace-dim-nut	St3gal1
ace-dim-nut	Calb2
ace-dim-nut	Cxcl14
ace-dim-nut	Otp
ace-dim-nut	Galnt18
ace-dim-nut	Lncenc1
ace-dim-nut	Man1a
ace-dim-nut	Htr1d
ace-dim-nut	Rab3b
ace-dim-nut	Rasgrp1
ace-dim-nut	Nhlh2
ace-dim-nut	Prrxl1
ace-dim-nut	Pif1
ace-dim-nut	Fibcd1
ace-dim-nut	Stac
ace-dim-nut	Mctp2
ace-dim-nut	Ppp1r17
ace-dim-nut	Nkx2-4
ace-dim-nut	Cpne8
ace-dim-nut	Adcyap1
ace-dim-nut	Kif11
ace-dim-nut	Mkx
ace-dim-nut	Blank-32
ace-dim-nut	Tafa1
ace-dim-nut	Sv2c
ace-dim-nut	Pax8
ace-dim-nut	Cidea
ace-dim-nut	Foxa1
ace-dim-nut	Otof
ace-dim-nut	Igsf1
ace-dim-nut	Glis3
ace-dim-nut	Blank-16
ace-dim-nut	Blank-35
ace-dim-nut	D130079A08Rik
ace-dim-nut	Blank-1
ace-dim-nut	Dlk1
ace-dim-nut	Slc1a3
ace-dim-nut	Pappa
ace-dim-nut	Meis1
ace-dim-nut	Ptger3
ace-dim-nut	Scgn
ace-dim-nut	Prkd1
ace-dim-nut	Synpr
ace-dim-nut	Serpinb8
ace-dim-nut	Shox2
ace-dim-nut	Sox10
ace-dim-nut	Vwa5b1
ace-dim-nut	4930509J09Rik
ace-dim-nut	Blank-46
ace-dim-nut	Ckap2l
ace-dim-nut	Ramp3
ace-dim-nut	Tnc
ace-dim-nut	Adgrv1
ace-dim-nut	Blank-31
ace-dim-nut	Hoxb8
ace-dim-nut	Arhgap25
ace-dim-nut	Osbpl3
ace-dim-nut	Pde3a
ace-dim-nut	Sox14
ace-dim-nut	Sntg2
ace-dim-nut	Lhx2
ace-dim-nut	Glra3
ace-dim-nut	Evx2
ace-dim-nut	Npas1
ace-dim-nut	Ccn4
ace-dim-nut	Phox2b
ace-dim-nut	Fam163a
ace-dim-nut	Vip
ace-dim-nut	Slc17a8
ace-dim-nut	Ngb
ace-dim-nut	Slc6a3
ace-dim-nut	Clic5
ace-dim-nut	Galnt14
ace-dim-nut	Cd247
ace-dim-nut	Ccdc3
ace-dim-nut	Rgs4
ace-dim-nut	Nr4a2
ace-dim-nut	Hdc
ace-dim-nut	Syt10
ace-dim-nut	Tacr3
ace-dim-nut	Col24a1
ace-dim-nut	Bmpr1b
ace-dim-nut	Tal1
ace-dim-nut	Sema3c
ace-dim-nut	Vegfc
ace-dim-nut	Tent5a
ace-dim-nut	Rwdd2a
ace-dim-nut	Fras1
ace-dim-nut	Htr2a
ace-dim-nut	Lmo1
ace-dim-nut	Trhr
ace-dim-nut	Tox
ace-dim-nut	Parm1
ace-dim-nut	Npnt
ace-dim-nut	Scn7a
ace-dim-nut	Npbwr1
ace-dim-nut	St6galnac5
ace-dim-nut	Grm1
ace-dim-nut	Spin2c
ace-dim-nut	Onecut3
ace-dim-nut	Chst9
ace-dim-nut	Foxo1
ace-dim-nut	Arhgap15
ace-dim-nut	Slc6a5
ace-dim-nut	Lamp5
ace-dim-nut	Gpr101
ace-dim-nut	Gpr149
ace-dim-nut	Glra2
ace-dim-nut	Chrnb3
ace-dim-nut	Crh
ace-dim-nut	C1ql3
ace-dim-nut	Gli2
ace-dim-nut	Hcrtr2
ace-dim-nut	Casr
ace-dim-nut	Galr1
ace-dim-nut	Tll1
ace-dim-nut	Irs4
ace-dim-nut	Megf11
ace-dim-nut	Drd2
ace-dim-nut	Mmel1
ace-dim-nut	Lhfpl5
ace-dim-nut	Ebf1
ace-dim-nut	Ret
ace-dim-nut	Cntn6
ace-dim-nut	Fyb
ace-dim-nut	Syt6
ace-dim-nut	Qrfpr
ace-dim-nut	Cntnap3
ace-dim-nut	Samd5
ace-dim-nut	Rprm
ace-dim-nut	Prok2
ace-dim-nut	Ighm
ace-dim-nut	Kitl
ace-dim-nut	Klk6
ace-dim-nut	Mecom
ace-dim-nut	Wnt7b
ace-dim-nut	Foxa2
ace-dim-nut	Lypd6
ace-dim-nut	Adamts9
ace-dim-nut	Adamtsl1
ace-dim-nut	Tbx3
ace-dim-nut	Klhl14
ace-dim-nut	Dmbx1
ace-dim-nut	Prlr
ace-dim-nut	Ung
ace-dim-nut	Myo5b
ace-dim-nut	St18
ace-dim-nut	Tcerg1l
ace-dim-nut	9330158H04Rik
ace-dim-nut	Prkg2
ace-dim-nut	Mrpl16
ace-dim-nut	Cd36
ace-dim-nut	Ebf3
ace-dim-nut	Chrm2
ace-dim-nut	Dio3
ace-dim-nut	Slit2
ace-dim-nut	Six3
ace-dim-nut	Onecut2
ace-dim-nut	Nkx2-1
ace-dim-nut	Tmem215
ace-dim-nut	Baiap3
ace-dim-nut	Htr1b
ace-dim-nut	Prom1
ace-dim-nut	Hgf
ace-dim-nut	Drd1
ace-dim-nut	Adgrf5
ace-dim-nut	Rspo2
ace-dim-nut	Grik1
ace-dim-nut	Cdh9
ace-dim-nut	D130009I18Rik
ace-dim-nut	Gm30564
ace-dim-nut	Qpct
ace-dim-nut	Gal
ace-dim-nut	Blank-10
ace-dim-nut	Blank-13
ace-dim-nut	Blank-15
ace-dim-nut	Blank-18
ace-dim-nut	Blank-19
ace-dim-nut	Blank-24
ace-dim-nut	Blank-27
ace-dim-nut	Blank-30
ace-dim-nut	Blank-39
ace-dim-nut	Blank-40
ace-dim-nut	Blank-47
ace-dim-nut	Dbh
ace-dim-nut	Slc7a10
ace-dim-nut	Fgf10
ace-dim-nut	Aqp6
ace-dim-nut	Kcnj5
ace-dim-nut	Cpa6
ace-dim-nut	Necab1
ace-dim-nut	Drd5
ace-dim-nut	Lgr6
ace-dim-nut	Lhx9
ace-dim-nut	Il31ra
ace-dim-nut	Vwc2l
ace-dim-nut	Foxb1
ace-dim-nut	Mab21l2
ace-dim-nut	Gda
ace-dim-nut	Gpr88
ace-dim-nut	Sox2
ace-dim-nut	Abcc9
ace-dim-nut	Met
ace-dim-nut	Bcl11a
ace-dim-nut	Kcnmb2
ace-dim-nut	Egfem1
ace-dim-nut	Ntng1
ace-dim-nut	Adra1a
ace-dim-nut	Unc5d
ace-dim-nut	Vsx2
ace-dim-nut	Ttc6
ace-dim-nut	Ndst4
ace-dim-nut	B230323A14Rik
ace-dim-nut	Rgs6
ace-dim-nut	Chrm3
ace-dim-nut	Pparg
ace-dim-nut	Tacr1
ace-dim-nut	Htr3a
ace-dim-nut	Blank-17
ace-dim-nut	Blank-26
ace-dim-nut	Blank-28
ace-dim-nut	Blank-37
ace-dim-nut	Blank-42
ace-dim-nut	Blank-44
ace-dim-nut	Blank-48
ace-dim-nut	Fstl5
ace-dim-nut	Cited1
ace-dim-nut	Tnnt1
ace-dim-nut	Sema3e
ace-dim-nut	Grm8
ace-dim-nut	C230014O12Rik
ace-dim-nut	Ddc
ace-dim-nut	G630016G05Rik
ace-dim-nut	Drd3
ace-dim-nut	Blank-4
ace-dim-nut	Blank-21
ace-dim-nut	Blank-23
ace-dim-nut	Blank-29
ace-dim-nut	Blank-33
ace-dim-nut	Blank-45
ace-dim-nut	Lpl
ace-dim-nut	Pth2r
ace-dim-nut	Crym
ace-dim-nut	Grpr
ace-dim-nut	Acta2
ace-dim-nut	Oxtr
ace-dim-nut	Epha3
ace-dim-nut	Tafa4
ace-dim-nut	Gabrq
ace-dim-nut	Ecel1
ace-dim-nut	Nwd2
ace-dim-nut	Tafa2
ace-dim-nut	Blank-8
ace-dim-nut	Blank-9
ace-dim-nut	Blank-34
ace-dim-nut	Popdc3
ace-dim-nut	Npsr1
ace-dim-nut	Agtr1a
ace-dim-nut	Ccbe1
ace-dim-nut	Eomes
ace-dim-nut	Bcl11b
ace-dim-nut	Gfra1
ace-dim-nut	Slc6a4
ace-dim-nut	En1
ace-dim-nut	Pitx2
ace-dim-nut	Egr2
ace-dim-nut	Edaradd
ace-dim-nut	Pou3f1
ace-dim-nut	Blank-7
ace-dip-tub	Ctsb
ace-dip-tub	Foxg1
ace-dip-tub	C3
ace-dip-tub	Spred1
ace-dip-tub	Sox5
ace-dip-tub	Cacng5
ace-dip-tub	Parm1
ace-dip-tub	Cpne9
ace-dip-tub	Ramp3
ace-dip-tub	Mapk1
ace-dip-tub	Hs3st2
ace-dip-tub	Ppp1cc
ace-dip-tub	Camk2a
ace-dip-tub	Phactr2
ace-dip-tub	Tshz2
ace-dip-tub	Trem1
ace-dip-tub	Grm8
ace-dip-tub	Ctss
ace-dip-tub	Nfkb1
ace-dip-tub	Lypd1
ace-dip-tub	Rgs6
ace-dip-tub	Ncam1
ace-dip-tub	Il6
ace-dip-tub	Sox2ot
ace-dip-tub	Zfp804b
ace-dip-tub	Kcnj8
ace-dip-tub	Blank-8
ace-dip-tub	Nr4a1
ace-dip-tub	Nrp1
ace-dip-tub	Lamp1
ace-dip-tub	Gria1
ace-dip-tub	Inhba
ace-dip-tub	Hcrtr2
ace-dip-tub	Drd2
ace-dip-tub	Slc17a7
ace-dip-tub	Gda
ace-dip-tub	Gpr88
ace-dip-tub	Spock3
ace-dip-tub	Oprk1
ace-dip-tub	Chrm2
ace-dip-tub	Crebbp
ace-dip-tub	EcoHIV_Gag
ace-dip-tub	Blank-11
ace-dip-tub	Igf2
ace-dip-tub	Slc2a1
ace-dip-tub	Flt1
ace-dip-tub	Cd9
ace-dip-tub	Gbx2
ace-dip-tub	Hcrt
ace-dip-tub	Ccr2
ace-dip-tub	Rnf152
ace-dip-tub	Cdh20
ace-dip-tub	Lratd2
ace-dip-tub	Pde1a
ace-dip-tub	Tanc1
ace-dip-tub	Drd3
ace-dip-tub	Timp3
ace-dip-tub	Serpina3a
ace-dip-tub	Id4
ace-dip-tub	Adcy2
ace-dip-tub	Clic6
ace-dip-tub	Nr4a2
ace-dip-tub	Smad3
ace-dip-tub	Ptprm
ace-dip-tub	Lum
ace-dip-tub	Gucy1a1
ace-dip-tub	Pcsk5
ace-dip-tub	Zfpm2
ace-dip-tub	C1ql3
ace-dip-tub	Bcl11b
ace-dip-tub	Erbb4
ace-dip-tub	Cbln2
ace-dip-tub	Pclo
ace-dip-tub	Cdh9
ace-dip-tub	Blank-13
ace-dip-tub	Vip
ace-dip-tub	Ppp2ca
ace-dip-tub	Rgs5
ace-dip-tub	Nr2f2
ace-dip-tub	Sema3e
ace-dip-tub	Nefh
ace-dip-tub	Hs3st4
ace-dip-tub	Cxcl12
ace-dip-tub	Sox10
ace-dip-tub	Blank-10
ace-dip-tub	Slc1a3
ace-dip-tub	Ppp1cb
ace-dip-tub	Fezf2
ace-dip-tub	Arc
ace-dip-tub	Galnt14
ace-dip-tub	Trpc3
ace-dip-tub	Zic1
ace-dip-tub	Foxp3
ace-dip-tub	Frmd7
ace-dip-tub	Egr4
ace-dip-tub	EcoHIV_Nef
ace-dip-tub	Rab3b
ace-dip-tub	Serpine2
ace-dip-tub	Ppp1ca
ace-dip-tub	Trhde
ace-dip-tub	Junb
ace-dip-tub	Slc1a2
ace-dip-tub	Syt17
ace-dip-tub	Luzp2
ace-dip-tub	Ano3
ace-dip-tub	Kitl
ace-dip-tub	Ptprt
ace-dip-tub	Ntrk2
ace-dip-tub	Ehmt2
ace-dip-tub	Apoe
ace-dip-tub	Grin2a
ace-dip-tub	Fxyd6
ace-dip-tub	Blank-6
ace-dip-tub	EcoHIV_Pol
ace-dip-tub	Cpne8
ace-dip-tub	Sirt1
ace-dip-tub	Cd38
ace-dip-tub	Chst9
ace-dip-tub	Rprml
ace-dip-tub	Cd8a
ace-dip-tub	Alk
ace-dip-tub	Creb1
ace-dip-tub	Meis2
ace-dip-tub	Nell1
ace-dip-tub	Stum
ace-dip-tub	Ptprk
ace-dip-tub	Syn2
ace-dip-tub	Msr1
ace-dip-tub	Sod2
ace-dip-tub	Aqp4
ace-dip-tub	EcoHIV_Env
ace-dip-tub	Ccl2
ace-dip-tub	Pdgfra
ace-dip-tub	Mef2d
ace-dip-tub	Folh1
ace-dip-tub	Fosb
ace-dip-tub	Aqp1
ace-dip-tub	Stx1a
ace-dip-tub	Prkaca
ace-dip-tub	Pvalb
ace-dip-tub	Gzmb
ace-dip-tub	Cd34
ace-dip-tub	Igfbp4
ace-dip-tub	Nos2
ace-dip-tub	Cd68
ace-dip-tub	Id2
ace-dip-tub	Fos
ace-dip-tub	Kcnv1
ace-dip-tub	Endou
ace-dip-tub	Chodl
ace-dip-tub	Cd4
ace-dip-tub	Sik1
ace-dip-tub	Tac2
ace-dip-tub	Il17a
ace-dip-tub	Marco
ace-dip-tub	Rgs16
ace-dip-tub	Cnih3
ace-dip-tub	Gad2
ace-dip-tub	Fbn1
ace-dip-tub	Il1b
ace-dip-tub	Pdyn
ace-dip-tub	Src
ace-dip-tub	Calb1
ace-dip-tub	Pdlim5
ace-dip-tub	Nr4a3
ace-dip-tub	Hcrtr1
ace-dip-tub	Rspo1
ace-dip-tub	Cdk5
ace-dip-tub	Fosl2
ace-dip-tub	Slc30a3
ace-dip-tub	Mapre3
ace-dip-tub	Cd163
ace-dip-tub	Slc6a1
ace-dip-tub	Slc17a6
ace-dip-tub	Crym
ace-dip-tub	Cntnap4
ace-dip-tub	Clmp
ace-dip-tub	Chrm1
ace-dip-tub	Htr2c
ace-dip-tub	Nrn1
ace-dip-tub	Cpne7
ace-dip-tub	Cxcl10
ace-dip-tub	Pde4a
ace-dip-tub	Acta2
ace-dip-tub	Tox
ace-dip-tub	Enpp2
ace-dip-tub	Necab1
ace-dip-tub	Neurod2
ace-dip-tub	Cldn5
ace-dip-tub	Scube1
ace-dip-tub	Ago2
ace-dip-tub	Ubash3b
ace-dip-tub	Neurod6
ace-dip-tub	Cplx3
ace-dip-tub	Mpped1
ace-dip-tub	Zcchc12
ace-dip-tub	Egr2
ace-dip-tub	Cdk5r1
ace-dip-tub	Stxbp6
ace-dip-tub	Grin2b
ace-dip-tub	Oas2
ace-dip-tub	Vwc2l
ace-dip-tub	Kctd8
ace-dip-tub	Ndnf
ace-dip-tub	Gpr151
ace-dip-tub	Npas4
ace-dip-tub	Cnr1
ace-dip-tub	Lamp5
ace-dip-tub	Il18
ace-dip-tub	Nxph1
ace-dip-tub	Acvr2a
ace-dip-tub	Fzd5
ace-dip-tub	Nfib
ace-dip-tub	Grk3
ace-dip-tub	Nrgn
ace-dip-tub	Pld5
ace-dip-tub	Sema5a
ace-dip-tub	Chn2
ace-dip-tub	Ep300
ace-dip-tub	S100a9
ace-dip-tub	Synpr
ace-dip-tub	Cebpb
ace-dip-tub	Ldb2
ace-dip-tub	Nptx2
ace-dip-tub	Tnnt1
ace-dip-tub	Sh3rf2
ace-dip-tub	Kcns2
ace-dip-tub	Thsd7b
ace-dip-tub	Otof
ace-dip-tub	Baiap2
ace-dip-tub	Crtc1
ace-dip-tub	Cr2
ace-dip-tub	Gpx3
ace-dip-tub	Opalin
ace-dip-tub	Col3a1
ace-dip-tub	Syt6
ace-dip-tub	Kcnc2
ace-dip-tub	Igf1
ace-dip-tub	Syndig1l
ace-dip-tub	Ramp1
ace-dip-tub	Mecp2
ace-dip-tub	Kcnip1
ace-dip-tub	B2m
ace-dip-tub	Rasgrp1
ace-dip-tub	Homer1
ace-dip-tub	Gap43
ace-dip-tub	Cd3e
ace-dip-tub	Pecam1
ace-dip-tub	Igkc
ace-dip-tub	Foxd1
ace-dip-tub	Adora2a
ace-dip-tub	Ngf
ace-dip-tub	Jun
ace-dip-tub	Gria2
ace-dip-tub	Nnat
ace-dip-tub	Tox3
ace-dip-tub	Caln1
ace-dip-tub	Pcp4l1
ace-dip-tub	Tcf7l2
ace-dip-tub	Cux2
ace-dip-tub	Rorb
ace-dip-tub	Lhx6
ace-dip-tub	Bcl11a
ace-dip-tub	Tmem132c
ace-dip-tub	Syt2
ace-dip-tub	Tafa1
ace-dip-tub	Grm5
ace-dip-tub	Fign
ace-dip-tub	Ppp1r1b
ace-dip-tub	Pou6f2
ace-dip-tub	Mef2a
ace-dip-tub	Dlx6os1
ace-dip-tub	Sv2c
ace-dip-tub	Lmo3
ace-dip-tub	Egr1
ace-dip-tub	Csnk1a1
ace-dip-tub	Unc5d
ace-dip-tub	Ms4a1
ace-dip-tub	Pcdh10
ace-dip-tub	Thsd7a
ace-dip-tub	Mex3a
ace-dip-tub	Nrxn1
ace-dip-tub	Prox1
ace-dip-tub	Zfhx4
ace-dip-tub	Zeb2
ace-dip-tub	Bdnf
ace-dip-tub	Satb2
ace-dip-tub	Unc13c
ace-dip-tub	Stat1
ace-dip-tub	Chrm3
ace-dip-tub	Mef2c
ace-dip-tub	Raf1
ace-dip-tub	Lhx8
ace-dip-tub	Gabra1
ace-dip-tub	Sox6
ace-dip-tub	Cd19
ace-dip-tub	Rmst
ace-dip-tub	Tafa2
ace-dip-tub	Drd1
ace-dip-tub	Il3ra
ace-dip-tub	Cdh12
ace-dip-tub	Grik1
ace-dip-tub	Srcin1
ace-dip-tub	EcoHIV_Post-Pol
ace-dip-tub	Blank-2
ace-dip-tub	Blank-4
ace-dip-tub	Blank-5
ace-dip-tub	Blank-7
ace-dip-tub	Blank-9
ace-dip-tub	Blank-12
ace-dip-tub	Blank-14
ace-dip-tub	Syndig1
ace-dip-tub	Blank-1
ace-dip-tub	Blank-3
ace-dip-tub	Blank-15
ace-dip-tug	Cd34
ace-dip-tug	Sox5
ace-dip-tug	Fzd5
ace-dip-tug	Slc17a7
ace-dip-tug	Pde1a
ace-dip-tug	Kitl
ace-dip-tug	Cxcl12
ace-dip-tug	Nfkb1
ace-dip-tug	Gabra1
ace-dip-tug	Sod2
ace-dip-tug	EcoHIV_Pol
ace-dip-tug	Igf2
ace-dip-tug	Pdgfra
ace-dip-tug	Mef2d
ace-dip-tug	Fosb
ace-dip-tug	Slc1a3
ace-dip-tug	Ctsb
ace-dip-tug	Ppp1cb
ace-dip-tug	Igfbp4
ace-dip-tug	Cd68
ace-dip-tug	Timp3
ace-dip-tug	Ppp2ca
ace-dip-tug	Id2
ace-dip-tug	Fos
ace-dip-tug	Id4
ace-dip-tug	Adcy2
ace-dip-tug	Kcnv1
ace-dip-tug	Endou
ace-dip-tug	Cd4
ace-dip-tug	Sik1
ace-dip-tug	Galnt14
ace-dip-tug	Nrp1
ace-dip-tug	Il17a
ace-dip-tug	Serpine2
ace-dip-tug	Marco
ace-dip-tug	Rgs16
ace-dip-tug	Rgs5
ace-dip-tug	Gad2
ace-dip-tug	Fbn1
ace-dip-tug	Spred1
ace-dip-tug	Src
ace-dip-tug	Calb1
ace-dip-tug	Pdlim5
ace-dip-tug	Nr4a3
ace-dip-tug	Cdk5
ace-dip-tug	Fosl2
ace-dip-tug	Slc30a3
ace-dip-tug	Mapre3
ace-dip-tug	Flt1
ace-dip-tug	Slc6a1
ace-dip-tug	Cd9
ace-dip-tug	Nr2f2
ace-dip-tug	Lamp1
ace-dip-tug	Clmp
ace-dip-tug	Zic1
ace-dip-tug	Smad3
ace-dip-tug	Chrm1
ace-dip-tug	Gria1
ace-dip-tug	Gbx2
ace-dip-tug	Nrn1
ace-dip-tug	Ptprm
ace-dip-tug	Lum
ace-dip-tug	Pde4a
ace-dip-tug	Acta2
ace-dip-tug	Parm1
ace-dip-tug	Cpne9
ace-dip-tug	Enpp2
ace-dip-tug	Neurod2
ace-dip-tug	Inhba
ace-dip-tug	Cldn5
ace-dip-tug	Scube1
ace-dip-tug	Ago2
ace-dip-tug	Ubash3b
ace-dip-tug	Ramp3
ace-dip-tug	Ppp1ca
ace-dip-tug	Zcchc12
ace-dip-tug	Zfpm2
ace-dip-tug	Kctd8
ace-dip-tug	Ndnf
ace-dip-tug	Hcrt
ace-dip-tug	Lamp5
ace-dip-tug	Rnf152
ace-dip-tug	Il18
ace-dip-tug	Nxph1
ace-dip-tug	C1ql3
ace-dip-tug	Cdh20
ace-dip-tug	Acvr2a
ace-dip-tug	Nfib
ace-dip-tug	Nrgn
ace-dip-tug	Bcl11b
ace-dip-tug	Sema5a
ace-dip-tug	Ep300
ace-dip-tug	Mapk1
ace-dip-tug	Synpr
ace-dip-tug	Cebpb
ace-dip-tug	Ldb2
ace-dip-tug	Nptx2
ace-dip-tug	Tnnt1
ace-dip-tug	Otof
ace-dip-tug	Baiap2
ace-dip-tug	Drd2
ace-dip-tug	Crtc1
ace-dip-tug	Slc1a2
ace-dip-tug	Luzp2
ace-dip-tug	Hs3st2
ace-dip-tug	Creb1
ace-dip-tug	Gda
ace-dip-tug	Col3a1
ace-dip-tug	Gpr88
ace-dip-tug	Syt6
ace-dip-tug	Ano3
ace-dip-tug	Lratd2
ace-dip-tug	Mecp2
ace-dip-tug	B2m
ace-dip-tug	Ppp1cc
ace-dip-tug	Meis2
ace-dip-tug	Homer1
ace-dip-tug	Gap43
ace-dip-tug	Cd3e
ace-dip-tug	Camk2a
ace-dip-tug	Pecam1
ace-dip-tug	Foxd1
ace-dip-tug	Adora2a
ace-dip-tug	Hs3st4
ace-dip-tug	Jun
ace-dip-tug	Gria2
ace-dip-tug	Nnat
ace-dip-tug	Tox3
ace-dip-tug	Caln1
ace-dip-tug	Pcp4l1
ace-dip-tug	Tcf7l2
ace-dip-tug	Cux2
ace-dip-tug	Tanc1
ace-dip-tug	Rorb
ace-dip-tug	Lhx6
ace-dip-tug	Trem1
ace-dip-tug	Ehmt2
ace-dip-tug	Grm8
ace-dip-tug	Ctss
ace-dip-tug	Bcl11a
ace-dip-tug	Tmem132c
ace-dip-tug	Spock3
ace-dip-tug	Erbb4
ace-dip-tug	Syt2
ace-dip-tug	Grm5
ace-dip-tug	Fign
ace-dip-tug	Stum
ace-dip-tug	Ppp1r1b
ace-dip-tug	Pou6f2
ace-dip-tug	Mef2a
ace-dip-tug	Dlx6os1
ace-dip-tug	Lmo3
ace-dip-tug	Egr1
ace-dip-tug	Csnk1a1
ace-dip-tug	Ptprk
ace-dip-tug	Ms4a1
ace-dip-tug	Chrm2
ace-dip-tug	Thsd7a
ace-dip-tug	Apoe
ace-dip-tug	Prox1
ace-dip-tug	Zfhx4
ace-dip-tug	Unc13c
ace-dip-tug	Chrm3
ace-dip-tug	Ncam1
ace-dip-tug	Sox2ot
ace-dip-tug	Mef2c
ace-dip-tug	Raf1
ace-dip-tug	Kcnj8
ace-dip-tug	Syn2
ace-dip-tug	Crebbp
ace-dip-tug	Fxyd6
ace-dip-tug	Cdh12
ace-dip-tug	Grik1
ace-dip-tug	Aqp4
ace-dip-tug	Blank-3
ace-dip-tug	Blank-10
ace-dip-tug	Blank-13
ace-dip-tug	Blank-14
ace-dip-tug	EcoHIV_Env
ace-dip-tug	Folh1
ace-dip-tug	Stx1a
ace-dip-tug	Prkaca
ace-dip-tug	Pvalb
ace-dip-tug	Gzmb
ace-dip-tug	Nos2
ace-dip-tug	Vip
ace-dip-tug	Sirt1
ace-dip-tug	Foxg1
ace-dip-tug	Fezf2
ace-dip-tug	Arc
ace-dip-tug	Nr4a1
ace-dip-tug	C3
ace-dip-tug	Cnih3
ace-dip-tug	Nr4a2
ace-dip-tug	Trpc3
ace-dip-tug	Slc2a1
ace-dip-tug	Hcrtr1
ace-dip-tug	Rspo1
ace-dip-tug	Cd38
ace-dip-tug	Cd163
ace-dip-tug	Htr2c
ace-dip-tug	Cpne7
ace-dip-tug	Cxcl10
ace-dip-tug	Tox
ace-dip-tug	Necab1
ace-dip-tug	Cplx3
ace-dip-tug	Foxp3
ace-dip-tug	Mpped1
ace-dip-tug	Gucy1a1
ace-dip-tug	Pcsk5
ace-dip-tug	Chst9
ace-dip-tug	Cdk5r1
ace-dip-tug	Stxbp6
ace-dip-tug	Grin2b
ace-dip-tug	Oas2
ace-dip-tug	Cnr1
ace-dip-tug	Rprml
ace-dip-tug	Frmd7
ace-dip-tug	Trhde
ace-dip-tug	Junb
ace-dip-tug	Grk3
ace-dip-tug	Pld5
ace-dip-tug	Cd8a
ace-dip-tug	Chn2
ace-dip-tug	S100a9
ace-dip-tug	Kcns2
ace-dip-tug	Thsd7b
ace-dip-tug	Sema3e
ace-dip-tug	Syt17
ace-dip-tug	Cr2
ace-dip-tug	Gpx3
ace-dip-tug	Alk
ace-dip-tug	Opalin
ace-dip-tug	Nefh
ace-dip-tug	Igf1
ace-dip-tug	Syndig1l
ace-dip-tug	Egr4
ace-dip-tug	Ramp1
ace-dip-tug	Kcnip1
ace-dip-tug	Rasgrp1
ace-dip-tug	Phactr2
ace-dip-tug	Ngf
ace-dip-tug	Tshz2
ace-dip-tug	Ptprt
ace-dip-tug	Ntrk2
ace-dip-tug	Tafa1
ace-dip-tug	Lypd1
ace-dip-tug	Pcdh10
ace-dip-tug	Nrxn1
ace-dip-tug	Zeb2
ace-dip-tug	Bdnf
ace-dip-tug	Satb2
ace-dip-tug	Pclo
ace-dip-tug	Rgs6
ace-dip-tug	Stat1
ace-dip-tug	Il6
ace-dip-tug	Grin2a
ace-dip-tug	Lhx8
ace-dip-tug	Sox6
ace-dip-tug	Cd19
ace-dip-tug	Msr1
ace-dip-tug	Rmst
ace-dip-tug	Tafa2
ace-dip-tug	Il3ra
ace-dip-tug	Sox10
ace-dip-tug	Srcin1
ace-dip-tug	Blank-1
ace-dip-tug	Blank-2
ace-dip-tug	Blank-4
ace-dip-tug	Blank-5
ace-dip-tug	Blank-7
ace-dip-tug	Blank-11
ace-dip-tug	Blank-12
ace-dip-tug	Blank-15
ace-dip-tug	EcoHIV_Nef
ace-dip-tug	Ccl2
ace-dip-tug	Rab3b
ace-dip-tug	Aqp1
ace-dip-tug	Cpne8
ace-dip-tug	Serpina3a
ace-dip-tug	Chodl
ace-dip-tug	Clic6
ace-dip-tug	Tac2
ace-dip-tug	Il1b
ace-dip-tug	Pdyn
ace-dip-tug	Slc17a6
ace-dip-tug	Crym
ace-dip-tug	Cntnap4
ace-dip-tug	Cacng5
ace-dip-tug	Neurod6
ace-dip-tug	Egr2
ace-dip-tug	Vwc2l
ace-dip-tug	Ccr2
ace-dip-tug	Npas4
ace-dip-tug	Hcrtr2
ace-dip-tug	Sh3rf2
ace-dip-tug	Kcnc2
ace-dip-tug	Igkc
ace-dip-tug	Nell1
ace-dip-tug	Syndig1
ace-dip-tug	Sv2c
ace-dip-tug	Unc5d
ace-dip-tug	Cbln2
ace-dip-tug	Mex3a
ace-dip-tug	Zfp804b
ace-dip-tug	Drd1
ace-dip-tug	Cdh9
ace-dip-tug	Drd3
ace-dip-tug	EcoHIV_Gag
ace-dip-tug	EcoHIV_Post-Pol
ace-dip-tug	Blank-6
ace-dip-tug	Blank-8
ace-dip-tug	Gpr151
ace-dip-tug	Oprk1
ace-dip-tug	Blank-9
ace-dip-use	Folh1
ace-dip-use	Fosb
ace-dip-use	Stx1a
ace-dip-use	Timp3
ace-dip-use	Ppp2ca
ace-dip-use	Adcy2
ace-dip-use	Fezf2
ace-dip-use	Galnt14
ace-dip-use	C3
ace-dip-use	Cd38
ace-dip-use	Nr2f2
ace-dip-use	Chrm1
ace-dip-use	Htr2c
ace-dip-use	Gria1
ace-dip-use	Cpne7
ace-dip-use	Sox5
ace-dip-use	Cpne9
ace-dip-use	Inhba
ace-dip-use	Ago2
ace-dip-use	Neurod6
ace-dip-use	Ramp3
ace-dip-use	Ppp1ca
ace-dip-use	Mpped1
ace-dip-use	Zcchc12
ace-dip-use	Zfpm2
ace-dip-use	Ccr2
ace-dip-use	Frmd7
ace-dip-use	Nfib
ace-dip-use	Junb
ace-dip-use	Nrgn
ace-dip-use	Ldb2
ace-dip-use	Nptx2
ace-dip-use	Sema3e
ace-dip-use	Slc17a7
ace-dip-use	Alk
ace-dip-use	Nefh
ace-dip-use	Igf1
ace-dip-use	B2m
ace-dip-use	Meis2
ace-dip-use	Camk2a
ace-dip-use	Phactr2
ace-dip-use	Gria2
ace-dip-use	Tcf7l2
ace-dip-use	Cux2
ace-dip-use	Spock3
ace-dip-use	Stum
ace-dip-use	Pou6f2
ace-dip-use	Mef2a
ace-dip-use	Lmo3
ace-dip-use	Egr1
ace-dip-use	Cbln2
ace-dip-use	Pcdh10
ace-dip-use	Mef2c
ace-dip-use	Sod2
ace-dip-use	Prkaca
ace-dip-use	Id2
ace-dip-use	Id4
ace-dip-use	Arc
ace-dip-use	Nr4a1
ace-dip-use	Cnih3
ace-dip-use	Fbn1
ace-dip-use	Calb1
ace-dip-use	Slc2a1
ace-dip-use	Hcrtr1
ace-dip-use	Lum
ace-dip-use	Cacng5
ace-dip-use	Tox
ace-dip-use	Cdk5r1
ace-dip-use	Rprml
ace-dip-use	Cdh20
ace-dip-use	Slc1a2
ace-dip-use	Cr2
ace-dip-use	Creb1
ace-dip-use	Gpr88
ace-dip-use	Ano3
ace-dip-use	Rasgrp1
ace-dip-use	Pde1a
ace-dip-use	Foxd1
ace-dip-use	Nnat
ace-dip-use	Pcp4l1
ace-dip-use	Trem1
ace-dip-use	Grm8
ace-dip-use	Ctss
ace-dip-use	Grm5
ace-dip-use	Ppp1r1b
ace-dip-use	Oprk1
ace-dip-use	Lypd1
ace-dip-use	Csnk1a1
ace-dip-use	Ptprk
ace-dip-use	Bdnf
ace-dip-use	Ncam1
ace-dip-use	Syn2
ace-dip-use	Gabra1
ace-dip-use	Cdh9
ace-dip-use	Sox10
ace-dip-use	Srcin1
ace-dip-use	Slc1a3
ace-dip-use	Cpne8
ace-dip-use	Endou
ace-dip-use	Cdk5
ace-dip-use	Lamp1
ace-dip-use	Pde4a
ace-dip-use	Enpp2
ace-dip-use	Scube1
ace-dip-use	Grin2b
ace-dip-use	Nxph1
ace-dip-use	Hcrtr2
ace-dip-use	Ep300
ace-dip-use	Synpr
ace-dip-use	Bcl11a
ace-dip-use	Pclo
ace-dip-use	Unc13c
ace-dip-use	Sox6
ace-dip-use	EcoHIV_Pol
ace-dip-use	Ctsb
ace-dip-use	Il17a
ace-dip-use	Rgs16
ace-dip-use	Gad2
ace-dip-use	Nr4a2
ace-dip-use	Trpc3
ace-dip-use	Parm1
ace-dip-use	Necab1
ace-dip-use	Gucy1a1
ace-dip-use	Stxbp6
ace-dip-use	Npas4
ace-dip-use	Chn2
ace-dip-use	S100a9
ace-dip-use	Hs3st2
ace-dip-use	Col3a1
ace-dip-use	Egr4
ace-dip-use	Ramp1
ace-dip-use	Igkc
ace-dip-use	Adora2a
ace-dip-use	Nell1
ace-dip-use	Ntrk2
ace-dip-use	Rorb
ace-dip-use	Nfkb1
ace-dip-use	Sv2c
ace-dip-use	Kcnj8
ace-dip-use	Msr1
ace-dip-use	Il3ra
ace-dip-use	Drd3
ace-dip-use	Ccl2
ace-dip-use	Ppp1cb
ace-dip-use	Vip
ace-dip-use	Serpina3a
ace-dip-use	Slc17a6
ace-dip-use	Egr2
ace-dip-use	Gpr151
ace-dip-use	C1ql3
ace-dip-use	Fzd5
ace-dip-use	Otof
ace-dip-use	Syt17
ace-dip-use	Ppp1cc
ace-dip-use	Kitl
ace-dip-use	Tshz2
ace-dip-use	Caln1
ace-dip-use	Apoe
ace-dip-use	Blank-5
ace-dip-use	Pdgfra
ace-dip-use	Aqp1
ace-dip-use	Sik1
ace-dip-use	Zic1
ace-dip-use	Acvr2a
ace-dip-use	Kcns2
ace-dip-use	Ngf
ace-dip-use	Tanc1
ace-dip-use	Cxcl12
ace-dip-use	Unc5d
ace-dip-use	Chrm2
ace-dip-use	Zeb2
ace-dip-use	Crebbp
ace-dip-use	Blank-11
ace-dip-use	Blank-14
ace-dip-use	Igf2
ace-dip-use	Rab3b
ace-dip-use	Foxg1
ace-dip-use	Spred1
ace-dip-use	Cldn5
ace-dip-use	Kcnc2
ace-dip-use	Rgs6
ace-dip-use	Fosl2
ace-dip-use	Cd9
ace-dip-use	Sema5a
ace-dip-use	Syt2
ace-dip-use	Grin2a
ace-dip-use	Fxyd6
ace-dip-use	Aqp4
ace-dip-use	EcoHIV_Gag
ace-dip-use	Blank-15
ace-dip-use	Mef2d
ace-dip-use	Flt1
ace-dip-use	Cd163
ace-dip-use	Foxp3
ace-dip-use	Chst9
ace-dip-use	Baiap2
ace-dip-use	Tox3
ace-dip-use	Tmem132c
ace-dip-use	Erbb4
ace-dip-use	Fign
ace-dip-use	Prox1
ace-dip-use	Pvalb
ace-dip-use	Nos2
ace-dip-use	Sirt1
ace-dip-use	Nrp1
ace-dip-use	Serpine2
ace-dip-use	Pdlim5
ace-dip-use	Mapk1
ace-dip-use	Ms4a1
ace-dip-use	Zfp804b
ace-dip-use	Blank-9
ace-dip-use	Blank-10
ace-dip-use	Ptprm
ace-dip-use	Neurod2
ace-dip-use	Drd2
ace-dip-use	Ptprt
ace-dip-use	Ehmt2
ace-dip-use	Thsd7a
ace-dip-use	Tafa2
ace-dip-use	Gzmb
ace-dip-use	Kcnv1
ace-dip-use	Rgs5
ace-dip-use	Nrn1
ace-dip-use	Pld5
ace-dip-use	Cebpb
ace-dip-use	Luzp2
ace-dip-use	Opalin
ace-dip-use	Syt6
ace-dip-use	Jun
ace-dip-use	EcoHIV_Env
ace-dip-use	Cd34
ace-dip-use	Igfbp4
ace-dip-use	Chodl
ace-dip-use	Clic6
ace-dip-use	Tac2
ace-dip-use	Marco
ace-dip-use	Il1b
ace-dip-use	Src
ace-dip-use	Nr4a3
ace-dip-use	Rspo1
ace-dip-use	Slc30a3
ace-dip-use	Mapre3
ace-dip-use	Slc6a1
ace-dip-use	Crym
ace-dip-use	Clmp
ace-dip-use	Smad3
ace-dip-use	Gbx2
ace-dip-use	Cxcl10
ace-dip-use	Acta2
ace-dip-use	Ubash3b
ace-dip-use	Pcsk5
ace-dip-use	Oas2
ace-dip-use	Ndnf
ace-dip-use	Hcrt
ace-dip-use	Cnr1
ace-dip-use	Lamp5
ace-dip-use	Rnf152
ace-dip-use	Il18
ace-dip-use	Grk3
ace-dip-use	Bcl11b
ace-dip-use	Cd8a
ace-dip-use	Crtc1
ace-dip-use	Gpx3
ace-dip-use	Gda
ace-dip-use	Lratd2
ace-dip-use	Mecp2
ace-dip-use	Gap43
ace-dip-use	Pecam1
ace-dip-use	Hs3st4
ace-dip-use	Lhx6
ace-dip-use	Dlx6os1
ace-dip-use	Nrxn1
ace-dip-use	Zfhx4
ace-dip-use	Satb2
ace-dip-use	Il6
ace-dip-use	Sox2ot
ace-dip-use	Raf1
ace-dip-use	Lhx8
ace-dip-use	Rmst
ace-dip-use	Cdh12
ace-dip-use	Grik1
ace-dip-use	Blank-2
ace-dip-use	Blank-4
ace-dip-use	Blank-7
ace-dip-use	EcoHIV_Nef
ace-dip-use	Cd68
ace-dip-use	Fos
ace-dip-use	Cd4
ace-dip-use	Pdyn
ace-dip-use	Cntnap4
ace-dip-use	Cplx3
ace-dip-use	Vwc2l
ace-dip-use	Kctd8
ace-dip-use	Trhde
ace-dip-use	Tnnt1
ace-dip-use	Sh3rf2
ace-dip-use	Thsd7b
ace-dip-use	Syndig1l
ace-dip-use	Homer1
ace-dip-use	Cd3e
ace-dip-use	Syndig1
ace-dip-use	Tafa1
ace-dip-use	Mex3a
ace-dip-use	Stat1
ace-dip-use	Chrm3
ace-dip-use	Cd19
ace-dip-use	Drd1
ace-dip-use	EcoHIV_Post-Pol
ace-dip-use	Blank-6
ace-dip-use	Blank-12
ace-dip-use	Blank-13
ace-dip-use	Kcnip1
ace-dip-use	Blank-1
ace-dip-use	Blank-3
ace-dip-use	Blank-8
ace-dip-use-combine-v1	Folh1
ace-dip-use-combine-v1	Fosb
ace-dip-use-combine-v1	Stx1a
ace-dip-use-combine-v1	Timp3
ace-dip-use-combine-v1	Ppp2ca
ace-dip-use-combine-v1	Adcy2
ace-dip-use-combine-v1	Fezf2
ace-dip-use-combine-v1	Galnt14
ace-dip-use-combine-v1	C3
ace-dip-use-combine-v1	Cd38
ace-dip-use-combine-v1	Nr2f2
ace-dip-use-combine-v1	Chrm1
ace-dip-use-combine-v1	Htr2c
ace-dip-use-combine-v1	Gria1
ace-dip-use-combine-v1	Cpne7
ace-dip-use-combine-v1	Sox5
ace-dip-use-combine-v1	Cpne9
ace-dip-use-combine-v1	Inhba
ace-dip-use-combine-v1	Ago2
ace-dip-use-combine-v1	Neurod6
ace-dip-use-combine-v1	Ramp3
ace-dip-use-combine-v1	Ppp1ca
ace-dip-use-combine-v1	Mpped1
ace-dip-use-combine-v1	Zcchc12
ace-dip-use-combine-v1	Zfpm2
ace-dip-use-combine-v1	Ccr2
ace-dip-use-combine-v1	Frmd7
ace-dip-use-combine-v1	Nfib
ace-dip-use-combine-v1	Junb
ace-dip-use-combine-v1	Nrgn
ace-dip-use-combine-v1	Ldb2
ace-dip-use-combine-v1	Nptx2
ace-dip-use-combine-v1	Sema3e
ace-dip-use-combine-v1	Slc17a7
ace-dip-use-combine-v1	Alk
ace-dip-use-combine-v1	Nefh
ace-dip-use-combine-v1	Igf1
ace-dip-use-combine-v1	B2m
ace-dip-use-combine-v1	Meis2
ace-dip-use-combine-v1	Camk2a
ace-dip-use-combine-v1	Phactr2
ace-dip-use-combine-v1	Gria2
ace-dip-use-combine-v1	Tcf7l2
ace-dip-use-combine-v1	Cux2
ace-dip-use-combine-v1	Spock3
ace-dip-use-combine-v1	Stum
ace-dip-use-combine-v1	Pou6f2
ace-dip-use-combine-v1	Mef2a
ace-dip-use-combine-v1	Lmo3
ace-dip-use-combine-v1	Egr1
ace-dip-use-combine-v1	Cbln2
ace-dip-use-combine-v1	Pcdh10
ace-dip-use-combine-v1	Mef2c
ace-dip-use-combine-v1	Sod2
ace-dip-use-combine-v1	Prkaca
ace-dip-use-combine-v1	Id2
ace-dip-use-combine-v1	Id4
ace-dip-use-combine-v1	Arc
ace-dip-use-combine-v1	Nr4a1
ace-dip-use-combine-v1	Cnih3
ace-dip-use-combine-v1	Fbn1
ace-dip-use-combine-v1	Calb1
ace-dip-use-combine-v1	Slc2a1
ace-dip-use-combine-v1	Hcrtr1
ace-dip-use-combine-v1	Lum
ace-dip-use-combine-v1	Cacng5
ace-dip-use-combine-v1	Tox
ace-dip-use-combine-v1	Cdk5r1
ace-dip-use-combine-v1	Rprml
ace-dip-use-combine-v1	Cdh20
ace-dip-use-combine-v1	Slc1a2
ace-dip-use-combine-v1	Cr2
ace-dip-use-combine-v1	Creb1
ace-dip-use-combine-v1	Gpr88
ace-dip-use-combine-v1	Ano3
ace-dip-use-combine-v1	Rasgrp1
ace-dip-use-combine-v1	Pde1a
ace-dip-use-combine-v1	Foxd1
ace-dip-use-combine-v1	Nnat
ace-dip-use-combine-v1	Pcp4l1
ace-dip-use-combine-v1	Trem1
ace-dip-use-combine-v1	Grm8
ace-dip-use-combine-v1	Ctss
ace-dip-use-combine-v1	Grm5
ace-dip-use-combine-v1	Ppp1r1b
ace-dip-use-combine-v1	Oprk1
ace-dip-use-combine-v1	Lypd1
ace-dip-use-combine-v1	Csnk1a1
ace-dip-use-combine-v1	Ptprk
ace-dip-use-combine-v1	Bdnf
ace-dip-use-combine-v1	Ncam1
ace-dip-use-combine-v1	Syn2
ace-dip-use-combine-v1	Gabra1
ace-dip-use-combine-v1	Cdh9
ace-dip-use-combine-v1	Sox10
ace-dip-use-combine-v1	Srcin1
ace-dip-use-combine-v1	Slc1a3
ace-dip-use-combine-v1	Cpne8
ace-dip-use-combine-v1	Endou
ace-dip-use-combine-v1	Cdk5
ace-dip-use-combine-v1	Lamp1
ace-dip-use-combine-v1	Pde4a
ace-dip-use-combine-v1	Enpp2
ace-dip-use-combine-v1	Scube1
ace-dip-use-combine-v1	Grin2b
ace-dip-use-combine-v1	Nxph1
ace-dip-use-combine-v1	Hcrtr2
ace-dip-use-combine-v1	Ep300
ace-dip-use-combine-v1	Synpr
ace-dip-use-combine-v1	Bcl11a
ace-dip-use-combine-v1	Pclo
ace-dip-use-combine-v1	Unc13c
ace-dip-use-combine-v1	Sox6
ace-dip-use-combine-v1	EcoHIV_Pol
ace-dip-use-combine-v1	Ctsb
ace-dip-use-combine-v1	Il17a
ace-dip-use-combine-v1	Rgs16
ace-dip-use-combine-v1	Gad2
ace-dip-use-combine-v1	Nr4a2
ace-dip-use-combine-v1	Trpc3
ace-dip-use-combine-v1	Parm1
ace-dip-use-combine-v1	Necab1
ace-dip-use-combine-v1	Gucy1a1
ace-dip-use-combine-v1	Stxbp6
ace-dip-use-combine-v1	Npas4
ace-dip-use-combine-v1	Chn2
ace-dip-use-combine-v1	S100a9
ace-dip-use-combine-v1	Hs3st2
ace-dip-use-combine-v1	Col3a1
ace-dip-use-combine-v1	Egr4
ace-dip-use-combine-v1	Ramp1
ace-dip-use-combine-v1	Igkc
ace-dip-use-combine-v1	Adora2a
ace-dip-use-combine-v1	Nell1
ace-dip-use-combine-v1	Ntrk2
ace-dip-use-combine-v1	Rorb
ace-dip-use-combine-v1	Nfkb1
ace-dip-use-combine-v1	Sv2c
ace-dip-use-combine-v1	Kcnj8
ace-dip-use-combine-v1	Msr1
ace-dip-use-combine-v1	Il3ra
ace-dip-use-combine-v1	Drd3
ace-dip-use-combine-v1	Ccl2
ace-dip-use-combine-v1	Ppp1cb
ace-dip-use-combine-v1	Vip
ace-dip-use-combine-v1	Serpina3a
ace-dip-use-combine-v1	Slc17a6
ace-dip-use-combine-v1	Egr2
ace-dip-use-combine-v1	Gpr151
ace-dip-use-combine-v1	C1ql3
ace-dip-use-combine-v1	Fzd5
ace-dip-use-combine-v1	Otof
ace-dip-use-combine-v1	Syt17
ace-dip-use-combine-v1	Ppp1cc
ace-dip-use-combine-v1	Kitl
ace-dip-use-combine-v1	Tshz2
ace-dip-use-combine-v1	Caln1
ace-dip-use-combine-v1	Apoe
ace-dip-use-combine-v1	Blank-5
ace-dip-use-combine-v1	Pdgfra
ace-dip-use-combine-v1	Aqp1
ace-dip-use-combine-v1	Sik1
ace-dip-use-combine-v1	Zic1
ace-dip-use-combine-v1	Acvr2a
ace-dip-use-combine-v1	Kcns2
ace-dip-use-combine-v1	Ngf
ace-dip-use-combine-v1	Tanc1
ace-dip-use-combine-v1	Cxcl12
ace-dip-use-combine-v1	Unc5d
ace-dip-use-combine-v1	Chrm2
ace-dip-use-combine-v1	Zeb2
ace-dip-use-combine-v1	Crebbp
ace-dip-use-combine-v1	Blank-11
ace-dip-use-combine-v1	Blank-14
ace-dip-use-combine-v1	Igf2
ace-dip-use-combine-v1	Rab3b
ace-dip-use-combine-v1	Foxg1
ace-dip-use-combine-v1	Spred1
ace-dip-use-combine-v1	Cldn5
ace-dip-use-combine-v1	Kcnc2
ace-dip-use-combine-v1	Rgs6
ace-dip-use-combine-v1	Fosl2
ace-dip-use-combine-v1	Cd9
ace-dip-use-combine-v1	Sema5a
ace-dip-use-combine-v1	Syt2
ace-dip-use-combine-v1	Grin2a
ace-dip-use-combine-v1	Fxyd6
ace-dip-use-combine-v1	Aqp4
ace-dip-use-combine-v1	EcoHIV_Gag
ace-dip-use-combine-v1	Blank-15
ace-dip-use-combine-v1	Mef2d
ace-dip-use-combine-v1	Flt1
ace-dip-use-combine-v1	Cd163
ace-dip-use-combine-v1	Foxp3
ace-dip-use-combine-v1	Chst9
ace-dip-use-combine-v1	Baiap2
ace-dip-use-combine-v1	Tox3
ace-dip-use-combine-v1	Tmem132c
ace-dip-use-combine-v1	Erbb4
ace-dip-use-combine-v1	Fign
ace-dip-use-combine-v1	Prox1
ace-dip-use-combine-v1	Pvalb
ace-dip-use-combine-v1	Nos2
ace-dip-use-combine-v1	Sirt1
ace-dip-use-combine-v1	Nrp1
ace-dip-use-combine-v1	Serpine2
ace-dip-use-combine-v1	Pdlim5
ace-dip-use-combine-v1	Mapk1
ace-dip-use-combine-v1	Ms4a1
ace-dip-use-combine-v1	Zfp804b
ace-dip-use-combine-v1	Blank-9
ace-dip-use-combine-v1	Blank-10
ace-dip-use-combine-v1	Ptprm
ace-dip-use-combine-v1	Neurod2
ace-dip-use-combine-v1	Drd2
ace-dip-use-combine-v1	Ptprt
ace-dip-use-combine-v1	Ehmt2
ace-dip-use-combine-v1	Thsd7a
ace-dip-use-combine-v1	Tafa2
ace-dip-use-combine-v1	Gzmb
ace-dip-use-combine-v1	Kcnv1
ace-dip-use-combine-v1	Rgs5
ace-dip-use-combine-v1	Nrn1
ace-dip-use-combine-v1	Pld5
ace-dip-use-combine-v1	Cebpb
ace-dip-use-combine-v1	Luzp2
ace-dip-use-combine-v1	Opalin
ace-dip-use-combine-v1	Syt6
ace-dip-use-combine-v1	Jun
ace-dip-use-combine-v1	EcoHIV_Env
ace-dip-use-combine-v1	Cd34
ace-dip-use-combine-v1	Igfbp4
ace-dip-use-combine-v1	Chodl
ace-dip-use-combine-v1	Clic6
ace-dip-use-combine-v1	Tac2
ace-dip-use-combine-v1	Marco
ace-dip-use-combine-v1	Il1b
ace-dip-use-combine-v1	Src
ace-dip-use-combine-v1	Nr4a3
ace-dip-use-combine-v1	Rspo1
ace-dip-use-combine-v1	Slc30a3
ace-dip-use-combine-v1	Mapre3
ace-dip-use-combine-v1	Slc6a1
ace-dip-use-combine-v1	Crym
ace-dip-use-combine-v1	Clmp
ace-dip-use-combine-v1	Smad3
ace-dip-use-combine-v1	Gbx2
ace-dip-use-combine-v1	Cxcl10
ace-dip-use-combine-v1	Acta2
ace-dip-use-combine-v1	Ubash3b
ace-dip-use-combine-v1	Pcsk5
ace-dip-use-combine-v1	Oas2
ace-dip-use-combine-v1	Ndnf
ace-dip-use-combine-v1	Hcrt
ace-dip-use-combine-v1	Cnr1
ace-dip-use-combine-v1	Lamp5
ace-dip-use-combine-v1	Rnf152
ace-dip-use-combine-v1	Il18
ace-dip-use-combine-v1	Grk3
ace-dip-use-combine-v1	Bcl11b
ace-dip-use-combine-v1	Cd8a
ace-dip-use-combine-v1	Crtc1
ace-dip-use-combine-v1	Gpx3
ace-dip-use-combine-v1	Gda
ace-dip-use-combine-v1	Lratd2
ace-dip-use-combine-v1	Mecp2
ace-dip-use-combine-v1	Gap43
ace-dip-use-combine-v1	Pecam1
ace-dip-use-combine-v1	Hs3st4
ace-dip-use-combine-v1	Lhx6
ace-dip-use-combine-v1	Dlx6os1
ace-dip-use-combine-v1	Nrxn1
ace-dip-use-combine-v1	Zfhx4
ace-dip-use-combine-v1	Satb2
ace-dip-use-combine-v1	Il6
ace-dip-use-combine-v1	Sox2ot
ace-dip-use-combine-v1	Raf1
ace-dip-use-combine-v1	Lhx8
ace-dip-use-combine-v1	Rmst
ace-dip-use-combine-v1	Cdh12
ace-dip-use-combine-v1	Grik1
ace-dip-use-combine-v1	Blank-2
ace-dip-use-combine-v1	Blank-4
ace-dip-use-combine-v1	Blank-7
ace-dip-use-combine-v1	EcoHIV_Nef
ace-dip-use-combine-v1	Cd68
ace-dip-use-combine-v1	Fos
ace-dip-use-combine-v1	Cd4
ace-dip-use-combine-v1	Pdyn
ace-dip-use-combine-v1	Cntnap4
ace-dip-use-combine-v1	Cplx3
ace-dip-use-combine-v1	Vwc2l
ace-dip-use-combine-v1	Kctd8
ace-dip-use-combine-v1	Trhde
ace-dip-use-combine-v1	Tnnt1
ace-dip-use-combine-v1	Sh3rf2
ace-dip-use-combine-v1	Thsd7b
ace-dip-use-combine-v1	Syndig1l
ace-dip-use-combine-v1	Homer1
ace-dip-use-combine-v1	Cd3e
ace-dip-use-combine-v1	Syndig1
ace-dip-use-combine-v1	Tafa1
ace-dip-use-combine-v1	Mex3a
ace-dip-use-combine-v1	Stat1
ace-dip-use-combine-v1	Chrm3
ace-dip-use-combine-v1	Cd19
ace-dip-use-combine-v1	Drd1
ace-dip-use-combine-v1	EcoHIV_Post-Pol
ace-dip-use-combine-v1	Blank-6
ace-dip-use-combine-v1	Blank-12
ace-dip-use-combine-v1	Blank-13
ace-dip-use-combine-v1	Kcnip1
ace-dip-use-combine-v1	Blank-1
ace-dip-use-combine-v1	Blank-3
ace-dip-use-combine-v1	Blank-8
ace-dip-van	Ccl2
ace-dip-van	Mef2d
ace-dip-van	Rab3b
ace-dip-van	Ctsb
ace-dip-van	Cpne8
ace-dip-van	Ppp1cb
ace-dip-van	Igfbp4
ace-dip-van	Vip
ace-dip-van	Serpina3a
ace-dip-van	Endou
ace-dip-van	Rgs16
ace-dip-van	Pdyn
ace-dip-van	Slc2a1
ace-dip-van	Lamp1
ace-dip-van	Htr2c
ace-dip-van	Cpne7
ace-dip-van	Sox5
ace-dip-van	Ramp3
ace-dip-van	Foxp3
ace-dip-van	Gucy1a1
ace-dip-van	Cnr1
ace-dip-van	Synpr
ace-dip-van	Kcns2
ace-dip-van	Sema3e
ace-dip-van	Gpr88
ace-dip-van	Kcnc2
ace-dip-van	Egr4
ace-dip-van	Ano3
ace-dip-van	Lratd2
ace-dip-van	B2m
ace-dip-van	Ppp1cc
ace-dip-van	Adora2a
ace-dip-van	Phactr2
ace-dip-van	Rorb
ace-dip-van	Trem1
ace-dip-van	Ctss
ace-dip-van	Syt2
ace-dip-van	Grm5
ace-dip-van	Nfkb1
ace-dip-van	Mef2a
ace-dip-van	Egr1
ace-dip-van	Rgs6
ace-dip-van	Ncam1
ace-dip-van	Crebbp
ace-dip-van	Il3ra
ace-dip-van	Sox10
ace-dip-van	Sod2
ace-dip-van	Srcin1
ace-dip-van	EcoHIV_Gag
ace-dip-van	Blank-8
ace-dip-van	Blank-11
ace-dip-van	Blank-13
ace-dip-van	Timp3
ace-dip-van	Id2
ace-dip-van	Foxg1
ace-dip-van	Hcrtr1
ace-dip-van	Slc6a1
ace-dip-van	Gria1
ace-dip-van	Parm1
ace-dip-van	Cpne9
ace-dip-van	Ago2
ace-dip-van	Kctd8
ace-dip-van	Rprml
ace-dip-van	Frmd7
ace-dip-van	Trhde
ace-dip-van	Cdh20
ace-dip-van	Junb
ace-dip-van	Crtc1
ace-dip-van	Cr2
ace-dip-van	Slc17a7
ace-dip-van	Pde1a
ace-dip-van	Gap43
ace-dip-van	Cd3e
ace-dip-van	Pecam1
ace-dip-van	Ntrk2
ace-dip-van	Grm8
ace-dip-van	Oprk1
ace-dip-van	Ms4a1
ace-dip-van	Prox1
ace-dip-van	Mef2c
ace-dip-van	Grin2a
ace-dip-van	Zfp804b
ace-dip-van	Kcnj8
ace-dip-van	Gabra1
ace-dip-van	Blank-12
ace-dip-van	Sirt1
ace-dip-van	Fezf2
ace-dip-van	Nrp1
ace-dip-van	Slc17a6
ace-dip-van	Zic1
ace-dip-van	Chrm1
ace-dip-van	Nrn1
ace-dip-van	Cacng5
ace-dip-van	Tox
ace-dip-van	Ppp1ca
ace-dip-van	Cdk5r1
ace-dip-van	Zfpm2
ace-dip-van	Grin2b
ace-dip-van	Pld5
ace-dip-van	Sh3rf2
ace-dip-van	Gda
ace-dip-van	Syndig1l
ace-dip-van	Kcnip1
ace-dip-van	Foxd1
ace-dip-van	Tshz2
ace-dip-van	Ptprt
ace-dip-van	Ppp1r1b
ace-dip-van	Csnk1a1
ace-dip-van	Chrm2
ace-dip-van	Bdnf
ace-dip-van	Rmst
ace-dip-van	Blank-15
ace-dip-van	Prkaca
ace-dip-van	Ppp2ca
ace-dip-van	Fos
ace-dip-van	Cnih3
ace-dip-van	Fbn1
ace-dip-van	Cd38
ace-dip-van	Flt1
ace-dip-van	Neurod6
ace-dip-van	Hcrtr2
ace-dip-van	Alk
ace-dip-van	Ramp1
ace-dip-van	Meis2
ace-dip-van	Tox3
ace-dip-van	Cxcl12
ace-dip-van	Spock3
ace-dip-van	Pclo
ace-dip-van	Unc13c
ace-dip-van	Blank-14
ace-dip-van	Kcnv1
ace-dip-van	Gad2
ace-dip-van	Ptprm
ace-dip-van	Mpped1
ace-dip-van	Nfib
ace-dip-van	Igkc
ace-dip-van	Nell1
ace-dip-van	Satb2
ace-dip-van	EcoHIV_Pol
ace-dip-van	Nos2
ace-dip-van	Cbln2
ace-dip-van	Drd3
ace-dip-van	Blank-5
ace-dip-van	Blank-10
ace-dip-van	Aqp1
ace-dip-van	Rgs5
ace-dip-van	Cdk5
ace-dip-van	Nr2f2
ace-dip-van	Cxcl10
ace-dip-van	Ep300
ace-dip-van	Baiap2
ace-dip-van	Gria2
ace-dip-van	Pcp4l1
ace-dip-van	Lypd1
ace-dip-van	Apoe
ace-dip-van	Msr1
ace-dip-van	Blank-7
ace-dip-van	Slc1a3
ace-dip-van	C3
ace-dip-van	Il17a
ace-dip-van	Trpc3
ace-dip-van	Cd163
ace-dip-van	Enpp2
ace-dip-van	Ubash3b
ace-dip-van	Vwc2l
ace-dip-van	Gpr151
ace-dip-van	Nrgn
ace-dip-van	Drd2
ace-dip-van	Syt6
ace-dip-van	Sox6
ace-dip-van	Id4
ace-dip-van	Cd9
ace-dip-van	Neurod2
ace-dip-van	Inhba
ace-dip-van	Oas2
ace-dip-van	C1ql3
ace-dip-van	Ldb2
ace-dip-van	Hs3st2
ace-dip-van	Camk2a
ace-dip-van	Hs3st4
ace-dip-van	Ngf
ace-dip-van	Ptprk
ace-dip-van	Syn2
ace-dip-van	Pvalb
ace-dip-van	Clic6
ace-dip-van	Scube1
ace-dip-van	Ccr2
ace-dip-van	Kitl
ace-dip-van	Tcf7l2
ace-dip-van	Drd1
ace-dip-van	Blank-6
ace-dip-van	Adcy2
ace-dip-van	Tac2
ace-dip-van	Bcl11a
ace-dip-van	Pcdh10
ace-dip-van	Nrxn1
ace-dip-van	Stat1
ace-dip-van	Chrm3
ace-dip-van	S100a9
ace-dip-van	Luzp2
ace-dip-van	Homer1
ace-dip-van	Igf2
ace-dip-van	Arc
ace-dip-van	Nr4a1
ace-dip-van	Il1b
ace-dip-van	Nr4a3
ace-dip-van	Gbx2
ace-dip-van	Slc1a2
ace-dip-van	Opalin
ace-dip-van	Ehmt2
ace-dip-van	Cdh9
ace-dip-van	Egr2
ace-dip-van	Tnnt1
ace-dip-van	Gpx3
ace-dip-van	EcoHIV_Post-Pol
ace-dip-van	Crym
ace-dip-van	Mecp2
ace-dip-van	Mapre3
ace-dip-van	Erbb4
ace-dip-van	Cd68
ace-dip-van	Serpine2
ace-dip-van	Necab1
ace-dip-van	Lamp5
ace-dip-van	Cebpb
ace-dip-van	Jun
ace-dip-van	Lmo3
ace-dip-van	Thsd7a
ace-dip-van	Fxyd6
ace-dip-van	Tafa2
ace-dip-van	Grik1
ace-dip-van	Stx1a
ace-dip-van	Cntnap4
ace-dip-van	Cldn5
ace-dip-van	Nnat
ace-dip-van	Tanc1
ace-dip-van	Pou6f2
ace-dip-van	Pde4a
ace-dip-van	Lhx6
ace-dip-van	Il6
ace-dip-van	Sox2ot
ace-dip-van	Rnf152
ace-dip-van	Cd19
ace-dip-van	Cd34
ace-dip-van	Fzd5
ace-dip-van	Caln1
ace-dip-van	Slc30a3
ace-dip-van	Galnt14
ace-dip-van	Stxbp6
ace-dip-van	Bcl11b
ace-dip-van	Pdgfra
ace-dip-van	Sema5a
ace-dip-van	Acta2
ace-dip-van	Nefh
ace-dip-van	Cplx3
ace-dip-van	Grk3
ace-dip-van	Hcrt
ace-dip-van	Tafa1
ace-dip-van	Gzmb
ace-dip-van	Pcsk5
ace-dip-van	Cux2
ace-dip-van	Cdh12
ace-dip-van	Nxph1
ace-dip-van	Creb1
ace-dip-van	Spred1
ace-dip-van	Src
ace-dip-van	Aqp4
ace-dip-van	Folh1
ace-dip-van	Zcchc12
ace-dip-van	Nr4a2
ace-dip-van	Unc5d
ace-dip-van	EcoHIV_Env
ace-dip-van	Fosb
ace-dip-van	Chodl
ace-dip-van	Sik1
ace-dip-van	Calb1
ace-dip-van	Pdlim5
ace-dip-van	Rspo1
ace-dip-van	Fosl2
ace-dip-van	Clmp
ace-dip-van	Smad3
ace-dip-van	Lum
ace-dip-van	Ndnf
ace-dip-van	Npas4
ace-dip-van	Il18
ace-dip-van	Acvr2a
ace-dip-van	Cd8a
ace-dip-van	Chn2
ace-dip-van	Mapk1
ace-dip-van	Nptx2
ace-dip-van	Syt17
ace-dip-van	Col3a1
ace-dip-van	Igf1
ace-dip-van	Rasgrp1
ace-dip-van	Syndig1
ace-dip-van	Tmem132c
ace-dip-van	Fign
ace-dip-van	Stum
ace-dip-van	Dlx6os1
ace-dip-van	Sv2c
ace-dip-van	Zfhx4
ace-dip-van	Zeb2
ace-dip-van	Raf1
ace-dip-van	Lhx8
ace-dip-van	Blank-1
ace-dip-van	Blank-2
ace-dip-van	Blank-3
ace-dip-van	Blank-4
ace-dip-van	Blank-9
ace-dip-van	EcoHIV_Nef
ace-dip-van	Cd4
ace-dip-van	Marco
ace-dip-van	Thsd7b
ace-dip-van	Otof
ace-dip-van	Mex3a
ace-dip-van	Chst9
ace-dip-vat	EcoHIV_Nef
ace-dip-vat	EcoHIV_Env
ace-dip-vat	EcoHIV_Pol
ace-dip-vat	Igf2
ace-dip-vat	Ccl2
ace-dip-vat	Pdgfra
ace-dip-vat	Mef2d
ace-dip-vat	Folh1
ace-dip-vat	Rab3b
ace-dip-vat	Fosb
ace-dip-vat	Aqp1
ace-dip-vat	Slc1a3
ace-dip-vat	Stx1a
ace-dip-vat	Prkaca
ace-dip-vat	Pvalb
ace-dip-vat	Ctsb
ace-dip-vat	Cpne8
ace-dip-vat	Ppp1cb
ace-dip-vat	Gzmb
ace-dip-vat	Cd34
ace-dip-vat	Igfbp4
ace-dip-vat	Nos2
ace-dip-vat	Cd68
ace-dip-vat	Vip
ace-dip-vat	Timp3
ace-dip-vat	Sirt1
ace-dip-vat	Ppp2ca
ace-dip-vat	Id2
ace-dip-vat	Foxg1
ace-dip-vat	Serpina3a
ace-dip-vat	Fos
ace-dip-vat	Id4
ace-dip-vat	Adcy2
ace-dip-vat	Fezf2
ace-dip-vat	Kcnv1
ace-dip-vat	Endou
ace-dip-vat	Arc
ace-dip-vat	Chodl
ace-dip-vat	Clic6
ace-dip-vat	Nr4a1
ace-dip-vat	Cd4
ace-dip-vat	Sik1
ace-dip-vat	Galnt14
ace-dip-vat	C3
ace-dip-vat	Tac2
ace-dip-vat	Nrp1
ace-dip-vat	Il17a
ace-dip-vat	Serpine2
ace-dip-vat	Marco
ace-dip-vat	Rgs16
ace-dip-vat	Cnih3
ace-dip-vat	Rgs5
ace-dip-vat	Gad2
ace-dip-vat	Nr4a2
ace-dip-vat	Fbn1
ace-dip-vat	Spred1
ace-dip-vat	Il1b
ace-dip-vat	Pdyn
ace-dip-vat	Src
ace-dip-vat	Trpc3
ace-dip-vat	Calb1
ace-dip-vat	Pdlim5
ace-dip-vat	Nr4a3
ace-dip-vat	Slc2a1
ace-dip-vat	Hcrtr1
ace-dip-vat	Rspo1
ace-dip-vat	Cdk5
ace-dip-vat	Cd38
ace-dip-vat	Fosl2
ace-dip-vat	Slc30a3
ace-dip-vat	Mapre3
ace-dip-vat	Flt1
ace-dip-vat	Cd163
ace-dip-vat	Slc6a1
ace-dip-vat	Cd9
ace-dip-vat	Slc17a6
ace-dip-vat	Nr2f2
ace-dip-vat	Crym
ace-dip-vat	Lamp1
ace-dip-vat	Cntnap4
ace-dip-vat	Clmp
ace-dip-vat	Zic1
ace-dip-vat	Smad3
ace-dip-vat	Chrm1
ace-dip-vat	Htr2c
ace-dip-vat	Gria1
ace-dip-vat	Gbx2
ace-dip-vat	Nrn1
ace-dip-vat	Cpne7
ace-dip-vat	Ptprm
ace-dip-vat	Lum
ace-dip-vat	Sox5
ace-dip-vat	Cxcl10
ace-dip-vat	Cacng5
ace-dip-vat	Pde4a
ace-dip-vat	Acta2
ace-dip-vat	Tox
ace-dip-vat	Parm1
ace-dip-vat	Cpne9
ace-dip-vat	Enpp2
ace-dip-vat	Necab1
ace-dip-vat	Neurod2
ace-dip-vat	Inhba
ace-dip-vat	Cldn5
ace-dip-vat	Scube1
ace-dip-vat	Ago2
ace-dip-vat	Ubash3b
ace-dip-vat	Neurod6
ace-dip-vat	Cplx3
ace-dip-vat	Ramp3
ace-dip-vat	Foxp3
ace-dip-vat	Ppp1ca
ace-dip-vat	Mpped1
ace-dip-vat	Zcchc12
ace-dip-vat	Egr2
ace-dip-vat	Gucy1a1
ace-dip-vat	Pcsk5
ace-dip-vat	Chst9
ace-dip-vat	Cdk5r1
ace-dip-vat	Zfpm2
ace-dip-vat	Stxbp6
ace-dip-vat	Grin2b
ace-dip-vat	Oas2
ace-dip-vat	Vwc2l
ace-dip-vat	Kctd8
ace-dip-vat	Ndnf
ace-dip-vat	Gpr151
ace-dip-vat	Hcrt
ace-dip-vat	Ccr2
ace-dip-vat	Npas4
ace-dip-vat	Cnr1
ace-dip-vat	Lamp5
ace-dip-vat	Rprml
ace-dip-vat	Rnf152
ace-dip-vat	Il18
ace-dip-vat	Nxph1
ace-dip-vat	Frmd7
ace-dip-vat	C1ql3
ace-dip-vat	Trhde
ace-dip-vat	Cdh20
ace-dip-vat	Hcrtr2
ace-dip-vat	Acvr2a
ace-dip-vat	Fzd5
ace-dip-vat	Nfib
ace-dip-vat	Junb
ace-dip-vat	Grk3
ace-dip-vat	Nrgn
ace-dip-vat	Pld5
ace-dip-vat	Bcl11b
ace-dip-vat	Cd8a
ace-dip-vat	Sema5a
ace-dip-vat	Chn2
ace-dip-vat	Ep300
ace-dip-vat	Mapk1
ace-dip-vat	S100a9
ace-dip-vat	Synpr
ace-dip-vat	Cebpb
ace-dip-vat	Ldb2
ace-dip-vat	Nptx2
ace-dip-vat	Tnnt1
ace-dip-vat	Sh3rf2
ace-dip-vat	Kcns2
ace-dip-vat	Thsd7b
ace-dip-vat	Sema3e
ace-dip-vat	Otof
ace-dip-vat	Baiap2
ace-dip-vat	Drd2
ace-dip-vat	Crtc1
ace-dip-vat	Slc1a2
ace-dip-vat	Syt17
ace-dip-vat	Cr2
ace-dip-vat	Luzp2
ace-dip-vat	Gpx3
ace-dip-vat	Hs3st2
ace-dip-vat	Slc17a7
ace-dip-vat	Alk
ace-dip-vat	Opalin
ace-dip-vat	Creb1
ace-dip-vat	Gda
ace-dip-vat	Col3a1
ace-dip-vat	Gpr88
ace-dip-vat	Syt6
ace-dip-vat	Kcnc2
ace-dip-vat	Nefh
ace-dip-vat	Igf1
ace-dip-vat	Syndig1l
ace-dip-vat	Egr4
ace-dip-vat	Ramp1
ace-dip-vat	Ano3
ace-dip-vat	Lratd2
ace-dip-vat	Mecp2
ace-dip-vat	Kcnip1
ace-dip-vat	B2m
ace-dip-vat	Ppp1cc
ace-dip-vat	Rasgrp1
ace-dip-vat	Meis2
ace-dip-vat	Pde1a
ace-dip-vat	Homer1
ace-dip-vat	Gap43
ace-dip-vat	Cd3e
ace-dip-vat	Camk2a
ace-dip-vat	Pecam1
ace-dip-vat	Igkc
ace-dip-vat	Foxd1
ace-dip-vat	Kitl
ace-dip-vat	Adora2a
ace-dip-vat	Phactr2
ace-dip-vat	Hs3st4
ace-dip-vat	Ngf
ace-dip-vat	Jun
ace-dip-vat	Nell1
ace-dip-vat	Gria2
ace-dip-vat	Tshz2
ace-dip-vat	Ptprt
ace-dip-vat	Nnat
ace-dip-vat	Tox3
ace-dip-vat	Ntrk2
ace-dip-vat	Syndig1
ace-dip-vat	Caln1
ace-dip-vat	Pcp4l1
ace-dip-vat	Tcf7l2
ace-dip-vat	Cux2
ace-dip-vat	Tanc1
ace-dip-vat	Rorb
ace-dip-vat	Cxcl12
ace-dip-vat	Lhx6
ace-dip-vat	Trem1
ace-dip-vat	Ehmt2
ace-dip-vat	Grm8
ace-dip-vat	Ctss
ace-dip-vat	Bcl11a
ace-dip-vat	Tmem132c
ace-dip-vat	Spock3
ace-dip-vat	Erbb4
ace-dip-vat	Syt2
ace-dip-vat	Tafa1
ace-dip-vat	Grm5
ace-dip-vat	Fign
ace-dip-vat	Nfkb1
ace-dip-vat	Stum
ace-dip-vat	Ppp1r1b
ace-dip-vat	Pou6f2
ace-dip-vat	Mef2a
ace-dip-vat	Dlx6os1
ace-dip-vat	Oprk1
ace-dip-vat	Sv2c
ace-dip-vat	Lmo3
ace-dip-vat	Lypd1
ace-dip-vat	Egr1
ace-dip-vat	Csnk1a1
ace-dip-vat	Ptprk
ace-dip-vat	Unc5d
ace-dip-vat	Ms4a1
ace-dip-vat	Cbln2
ace-dip-vat	Pcdh10
ace-dip-vat	Chrm2
ace-dip-vat	Thsd7a
ace-dip-vat	Mex3a
ace-dip-vat	Nrxn1
ace-dip-vat	Apoe
ace-dip-vat	Prox1
ace-dip-vat	Zfhx4
ace-dip-vat	Zeb2
ace-dip-vat	Bdnf
ace-dip-vat	Satb2
ace-dip-vat	Pclo
ace-dip-vat	Unc13c
ace-dip-vat	Rgs6
ace-dip-vat	Stat1
ace-dip-vat	Chrm3
ace-dip-vat	Ncam1
ace-dip-vat	Il6
ace-dip-vat	Sox2ot
ace-dip-vat	Mef2c
ace-dip-vat	Grin2a
ace-dip-vat	Zfp804b
ace-dip-vat	Raf1
ace-dip-vat	Kcnj8
ace-dip-vat	Syn2
ace-dip-vat	Lhx8
ace-dip-vat	Gabra1
ace-dip-vat	Sox6
ace-dip-vat	Cd19
ace-dip-vat	Crebbp
ace-dip-vat	Msr1
ace-dip-vat	Fxyd6
ace-dip-vat	Rmst
ace-dip-vat	Tafa2
ace-dip-vat	Drd1
ace-dip-vat	Il3ra
ace-dip-vat	Cdh12
ace-dip-vat	Grik1
ace-dip-vat	Cdh9
ace-dip-vat	Drd3
ace-dip-vat	Sox10
ace-dip-vat	Sod2
ace-dip-vat	Srcin1
ace-dip-vat	Aqp4
ace-dip-vat	EcoHIV_Post-Pol
ace-dip-vat	Blank-1
ace-dip-vat	Blank-3
ace-dip-vat	Blank-4
ace-dip-vat	Blank-5
ace-dip-vat	Blank-6
ace-dip-vat	Blank-7
ace-dip-vat	Blank-9
ace-dip-vat	Blank-10
ace-dip-vat	Blank-11
ace-dip-vat	Blank-12
ace-dip-vat	Blank-13
ace-dip-vat	Blank-14
ace-dip-vat	Blank-15
ace-dip-vat	Blank-2
ace-dip-vat	Blank-8
ace-dip-vat	EcoHIV_Gag
ace-dry-dip	TFAP2C
ace-dry-dip	HGF
ace-dry-dip	NAMPT
ace-dry-dip	VIM
ace-dry-dip	CD38
ace-dry-dip	CRYAB
ace-dry-dip	CDH9
ace-dry-dip	HES1
ace-dry-dip	IGFBP5
ace-dry-dip	DLX2
ace-dry-dip	TTR
ace-dry-dip	PDGFRA
ace-dry-dip	BRIP1
ace-dry-dip	KIF11
ace-dry-dip	TRHDE
ace-dry-dip	PROX1
ace-dry-dip	CUX2
ace-dry-dip	THSD4
ace-dry-dip	MOB3B
ace-dry-dip	FBN2
ace-dry-dip	CDH20
ace-dry-dip	PALMD
ace-dry-dip	CD44
ace-dry-dip	DGKD
ace-dry-dip	SEMA3C
ace-dry-dip	RUNX1T1
ace-dry-dip	SLCO1C1
ace-dry-dip	BEST3
ace-dry-dip	ASCL1
ace-dry-dip	SRRM4
ace-dry-dip	NXPH2
ace-dry-dip	HES6
ace-dry-dip	GLRA3
ace-dry-dip	DAAM2
ace-dry-dip	EGFR
ace-dry-dip	ST18
ace-dry-dip	CRH
ace-dry-dip	SLC1A2
ace-dry-dip	ZNF385D
ace-dry-dip	GADL1
ace-dry-dip	GJA1
ace-dry-dip	TCTEX1D1
ace-dry-dip	STK32B
ace-dry-dip	FEZF2
ace-dry-dip	SST
ace-dry-dip	SLC6A1
ace-dry-dip	KIT
ace-dry-dip	PREX2
ace-dry-dip	C21orf58
ace-dry-dip	NEUROD1
ace-dry-dip	IGFBP7
ace-dry-dip	EOMES
ace-dry-dip	PRSS12
ace-dry-dip	ITGA2
ace-dry-dip	ENPP6
ace-dry-dip	BMPER
ace-dry-dip	COL1A2
ace-dry-dip	PDZRN4
ace-dry-dip	PPP1R16B
ace-dry-dip	CALB2
ace-dry-dip	FOS
ace-dry-dip	KCNS3
ace-dry-dip	RETREG1
ace-dry-dip	NWD2
ace-dry-dip	CPED1
ace-dry-dip	UGT8
ace-dry-dip	DPY19L1
ace-dry-dip	CARHSP1
ace-dry-dip	FGFBP3
ace-dry-dip	EBF1
ace-dry-dip	METAP1D
ace-dry-dip	SLC9A9
ace-dry-dip	TAC1
ace-dry-dip	NHLH2
ace-dry-dip	TSHZ1
ace-dry-dip	KCNH5
ace-dry-dip	GLIS3
ace-dry-dip	RIT2
ace-dry-dip	ATP10B
ace-dry-dip	EYA2
ace-dry-dip	ADAMTSL1
ace-dry-dip	POU3F2
ace-dry-dip	PCP4
ace-dry-dip	SV2B
ace-dry-dip	HS3ST4
ace-dry-dip	CPNE8
ace-dry-dip	ZNF804B
ace-dry-dip	CCK
ace-dry-dip	EPHA3
ace-dry-dip	SLA
ace-dry-dip	GLUL
ace-dry-dip	RUNX1
ace-dry-dip	NR3C2
ace-dry-dip	SMC4
ace-dry-dip	KNL1
ace-dry-dip	CAMK2A
ace-dry-dip	ZNF536
ace-dry-dip	DLL3
ace-dry-dip	APOLD1
ace-dry-dip	BCL11B
ace-dry-dip	SPOCK3
ace-dry-dip	CREB5
ace-dry-dip	CFAP299
ace-dry-dip	GAD1
ace-dry-dip	KCNIP4
ace-dry-dip	KLHL14
ace-dry-dip	FAM107A
ace-dry-dip	STAT1
ace-dry-dip	IFI6
ace-dry-dip	COL4A5
ace-dry-dip	GRM3
ace-dry-dip	GRIN3A
ace-dry-dip	SLC35F3
ace-dry-dip	VIP
ace-dry-dip	ASPM
ace-dry-dip	TNR
ace-dry-dip	MOXD1
ace-dry-dip	NKAIN2
ace-dry-dip	BNIP3
ace-dry-dip	TCERG1L
ace-dry-dip	EBF3
ace-dry-dip	EPHA7
ace-dry-dip	TCF7L2
ace-dry-dip	SORCS3
ace-dry-dip	VAV3
ace-dry-dip	OLFM3
ace-dry-dip	KCNQ5
ace-dry-dip	COL24A1
ace-dry-dip	HCRTR2
ace-dry-dip	BCAS1
ace-dry-dip	TSHZ2
ace-dry-dip	IFIT1
ace-dry-dip	IFIT3
ace-dry-dip	SPATA6
ace-dry-dip	CHRDL1
ace-dry-dip	VEGFA
ace-dry-dip	IL1RAPL2
ace-dry-dip	KLHL4
ace-dry-dip	ITM2A
ace-dry-dip	PBX3
ace-dry-dip	ID3
ace-dry-dip	NRP1
ace-dry-dip	SVIL
ace-dry-dip	COL4A1
ace-dry-dip	APBB1IP
ace-dry-dip	GAD2
ace-dry-dip	RORB
ace-dry-dip	GPC5
ace-dry-dip	KLHL1
ace-dry-dip	KITLG
ace-dry-dip	ARX
ace-dry-dip	LHFPL6
ace-dry-dip	SFRP1
ace-dry-dip	MAB21L1
ace-dry-dip	CNTLN
ace-dry-dip	CD99
ace-dry-dip	ADARB2
ace-dry-dip	RRM2
ace-dry-dip	DOCK8
ace-dry-dip	OLIG1
ace-dry-dip	SEMA5A
ace-dry-dip	AQP4
ace-dry-dip	MOBP
ace-dry-dip	GPX3
ace-dry-dip	ALK
ace-dry-dip	GRIK1
ace-dry-dip	TFPI
ace-dry-dip	ZBBX
ace-dry-dip	ABLIM1
ace-dry-dip	SPP1
ace-dry-dip	GLI3
ace-dry-dip	KIAA1217
ace-dry-dip	GRIN2A
ace-dry-dip	ITIH5
ace-dry-dip	CCBE1
ace-dry-dip	MX1
ace-dry-dip	PTCHD4
ace-dry-dip	MAP3K1
ace-dry-dip	COLEC12
ace-dry-dip	PCBP3
ace-dry-dip	DIAPH3
ace-dry-dip	DSCAM
ace-dry-dip	PCDH11Y
ace-dry-dip	LINC02487
ace-dry-dip	RGS6
ace-dry-dip	HMGA2
ace-dry-dip	LTBP1
ace-dry-dip	SLIT3
ace-dry-dip	ETV1
ace-dry-dip	MYT1L
ace-dry-dip	CEBPD
ace-dry-dip	COBLL1
ace-dry-dip	NECAB1
ace-dry-dip	TFRC
ace-dry-dip	NFIA-AS2
ace-dry-dip	LAMA2
ace-dry-dip	LNCAROD
ace-dry-dip	TOP2A
ace-dry-dip	LHFPL3
ace-dry-dip	COL12A1
ace-dry-dip	ENPP2
ace-dry-dip	VWC2L
ace-dry-dip	SEMA3E
ace-dry-dip	TNS3
ace-dry-dip	RELN
ace-dry-dip	CPNE4
ace-dry-dip	DLX6-AS1
ace-dry-dip	ABCA8
ace-dry-dip	RBMS3
ace-dry-dip	MDGA1
ace-dry-dip	DIO2
ace-dry-dip	HMGB2
ace-dry-dip	SGO1-AS1
ace-dry-dip	CLMP
ace-dry-dip	CCN1
ace-dry-dip	NELL2
ace-dry-dip	LRRC9
ace-dry-dip	FN1
ace-dry-dip	CFAP43
ace-dry-dip	SULF1
ace-dry-dip	TAC3
ace-dry-dip	RARB
ace-dry-dip	SYNPR
ace-dry-dip	CADPS2
ace-dry-dip	CNTNAP2
ace-dry-dip	ARMC3
ace-dry-dip	CENPF
ace-dry-dip	GPR39
ace-dry-dip	SPATA17
ace-dry-dip	RNF220
ace-dry-dip	SULF2
ace-dry-dip	EVA1C
ace-dry-dip	GPR17
ace-dry-dip	ZIC1
ace-dry-dip	ABCB1
ace-dry-dip	FYB2
ace-dry-dip	LRIG1
ace-dry-dip	MLIP
ace-dry-dip	CDH12
ace-dry-dip	FAM160A1
ace-dry-dip	CCSER1
ace-dry-dip	LINC02147
ace-dry-dip	INPP4B
ace-dry-dip	CDH18
ace-dry-dip	CXCL14
ace-dry-dip	RALYL
ace-dry-dip	ANGPT1
ace-dry-dip	FBXO32
ace-dry-dip	POU6F2
ace-dry-dip	EBF2
ace-dry-dip	MAML2
ace-dry-dip	KIRREL3
ace-dry-dip	TNC
ace-dry-dip	DOCK10
ace-dry-dip	CCDC175
ace-dry-dip	RIPOR2
ace-dry-dip	ST8SIA5
ace-dry-dip	PLS3
ace-dry-dip	LINC01965
ace-dry-dip	LINC00609
ace-dry-dip	LINC01619
ace-dry-dip	HOPX
ace-dry-dip	DPF3
ace-dry-dip	TSHR
ace-dry-dip	CA10
ace-dry-dip	SPON1
ace-dry-dip	RBFOX3
ace-dry-dip	CBLN2
ace-dry-dip	KCNQ1OT1
ace-dry-dip	ZFP36
ace-dry-dip	NXPH1
ace-dry-dip	OBI1-AS1
ace-dry-dip	FAM106A
ace-dry-dip	NEFL
ace-dry-dip	LRMDA
ace-dry-dip	CNTNAP4
ace-dry-dip	OPCML
ace-dry-dip	DACH1
ace-dry-dip	LHX1
ace-dry-dip	SATB2
ace-dry-dip	AGBL1
ace-dry-dip	FLT1
ace-dry-dip	EOGT
ace-dry-dip	NEAT1
ace-dry-dip	SP8
ace-dry-dip	CLDN5
ace-dry-dip	PCDH15
ace-dry-dip	PCSK6
ace-dry-dip	NR2F2-AS1
ace-dry-dip	PLP1
ace-dry-dip	LHX1-DT
ace-dry-dip	DISC1
ace-dry-dip	SORCS1
ace-dry-dip	LIPG
ace-dry-dip	ISG15
ace-dry-dip	LINC01170
ace-dry-dip	SATB1-AS1
ace-dry-dip	CFAP54
ace-dry-dip	RMST
ace-dry-dip	NOTCH1
ace-dry-dip	Blank-1
ace-dry-dip	Blank-2
ace-dry-dip	Blank-3
ace-dry-dip	Blank-4
ace-dry-dip	Blank-5
ace-dry-dip	Blank-6
ace-dry-dip	Blank-7
ace-dry-dip	Blank-8
ace-dry-dip	Blank-9
ace-dry-dip	Blank-10
ace-dry-dip	Blank-11
ace-dry-dip	Blank-12
ace-dry-dip	Blank-13
ace-dry-dip	Blank-14
ace-dry-dip	Blank-15
ace-dry-dog	TFAP2C
ace-dry-dog	HGF
ace-dry-dog	NAMPT
ace-dry-dog	VIM
ace-dry-dog	CD38
ace-dry-dog	CRYAB
ace-dry-dog	CDH9
ace-dry-dog	HES1
ace-dry-dog	IGFBP5
ace-dry-dog	DLX2
ace-dry-dog	TTR
ace-dry-dog	PDGFRA
ace-dry-dog	BRIP1
ace-dry-dog	KIF11
ace-dry-dog	TRHDE
ace-dry-dog	PROX1
ace-dry-dog	CUX2
ace-dry-dog	THSD4
ace-dry-dog	MOB3B
ace-dry-dog	FBN2
ace-dry-dog	CDH20
ace-dry-dog	PALMD
ace-dry-dog	CD44
ace-dry-dog	DGKD
ace-dry-dog	SEMA3C
ace-dry-dog	RUNX1T1
ace-dry-dog	SLCO1C1
ace-dry-dog	BEST3
ace-dry-dog	ASCL1
ace-dry-dog	SRRM4
ace-dry-dog	NXPH2
ace-dry-dog	HES6
ace-dry-dog	GLRA3
ace-dry-dog	DAAM2
ace-dry-dog	EGFR
ace-dry-dog	ST18
ace-dry-dog	CRH
ace-dry-dog	SLC1A2
ace-dry-dog	ZNF385D
ace-dry-dog	GADL1
ace-dry-dog	GJA1
ace-dry-dog	TCTEX1D1
ace-dry-dog	STK32B
ace-dry-dog	FEZF2
ace-dry-dog	SST
ace-dry-dog	SLC6A1
ace-dry-dog	KIT
ace-dry-dog	PREX2
ace-dry-dog	C21orf58
ace-dry-dog	NEUROD1
ace-dry-dog	IGFBP7
ace-dry-dog	EOMES
ace-dry-dog	PRSS12
ace-dry-dog	ITGA2
ace-dry-dog	ENPP6
ace-dry-dog	BMPER
ace-dry-dog	COL1A2
ace-dry-dog	PDZRN4
ace-dry-dog	PPP1R16B
ace-dry-dog	CALB2
ace-dry-dog	FOS
ace-dry-dog	KCNS3
ace-dry-dog	RETREG1
ace-dry-dog	NWD2
ace-dry-dog	CPED1
ace-dry-dog	UGT8
ace-dry-dog	DPY19L1
ace-dry-dog	CARHSP1
ace-dry-dog	FGFBP3
ace-dry-dog	EBF1
ace-dry-dog	METAP1D
ace-dry-dog	SLC9A9
ace-dry-dog	TAC1
ace-dry-dog	NHLH2
ace-dry-dog	TSHZ1
ace-dry-dog	KCNH5
ace-dry-dog	GLIS3
ace-dry-dog	RIT2
ace-dry-dog	ATP10B
ace-dry-dog	EYA2
ace-dry-dog	ADAMTSL1
ace-dry-dog	POU3F2
ace-dry-dog	PCP4
ace-dry-dog	SV2B
ace-dry-dog	HS3ST4
ace-dry-dog	CPNE8
ace-dry-dog	ZNF804B
ace-dry-dog	CCK
ace-dry-dog	EPHA3
ace-dry-dog	SLA
ace-dry-dog	GLUL
ace-dry-dog	RUNX1
ace-dry-dog	NR3C2
ace-dry-dog	SMC4
ace-dry-dog	KNL1
ace-dry-dog	CAMK2A
ace-dry-dog	ZNF536
ace-dry-dog	DLL3
ace-dry-dog	APOLD1
ace-dry-dog	BCL11B
ace-dry-dog	SPOCK3
ace-dry-dog	CREB5
ace-dry-dog	CFAP299
ace-dry-dog	GAD1
ace-dry-dog	KCNIP4
ace-dry-dog	KLHL14
ace-dry-dog	FAM107A
ace-dry-dog	STAT1
ace-dry-dog	IFI6
ace-dry-dog	COL4A5
ace-dry-dog	GRM3
ace-dry-dog	GRIN3A
ace-dry-dog	SLC35F3
ace-dry-dog	VIP
ace-dry-dog	ASPM
ace-dry-dog	TNR
ace-dry-dog	MOXD1
ace-dry-dog	NKAIN2
ace-dry-dog	BNIP3
ace-dry-dog	TCERG1L
ace-dry-dog	EBF3
ace-dry-dog	EPHA7
ace-dry-dog	TCF7L2
ace-dry-dog	SORCS3
ace-dry-dog	VAV3
ace-dry-dog	OLFM3
ace-dry-dog	KCNQ5
ace-dry-dog	COL24A1
ace-dry-dog	HCRTR2
ace-dry-dog	BCAS1
ace-dry-dog	TSHZ2
ace-dry-dog	IFIT1
ace-dry-dog	IFIT3
ace-dry-dog	SPATA6
ace-dry-dog	CHRDL1
ace-dry-dog	VEGFA
ace-dry-dog	IL1RAPL2
ace-dry-dog	KLHL4
ace-dry-dog	ITM2A
ace-dry-dog	PBX3
ace-dry-dog	ID3
ace-dry-dog	NRP1
ace-dry-dog	SVIL
ace-dry-dog	COL4A1
ace-dry-dog	APBB1IP
ace-dry-dog	GAD2
ace-dry-dog	RORB
ace-dry-dog	GPC5
ace-dry-dog	KLHL1
ace-dry-dog	KITLG
ace-dry-dog	ARX
ace-dry-dog	LHFPL6
ace-dry-dog	SFRP1
ace-dry-dog	MAB21L1
ace-dry-dog	CNTLN
ace-dry-dog	CD99
ace-dry-dog	ADARB2
ace-dry-dog	RRM2
ace-dry-dog	DOCK8
ace-dry-dog	OLIG1
ace-dry-dog	SEMA5A
ace-dry-dog	AQP4
ace-dry-dog	MOBP
ace-dry-dog	GPX3
ace-dry-dog	ALK
ace-dry-dog	GRIK1
ace-dry-dog	TFPI
ace-dry-dog	ZBBX
ace-dry-dog	ABLIM1
ace-dry-dog	SPP1
ace-dry-dog	GLI3
ace-dry-dog	KIAA1217
ace-dry-dog	GRIN2A
ace-dry-dog	ITIH5
ace-dry-dog	CCBE1
ace-dry-dog	MX1
ace-dry-dog	PTCHD4
ace-dry-dog	MAP3K1
ace-dry-dog	COLEC12
ace-dry-dog	PCBP3
ace-dry-dog	DIAPH3
ace-dry-dog	DSCAM
ace-dry-dog	PCDH11Y
ace-dry-dog	LINC02487
ace-dry-dog	RGS6
ace-dry-dog	HMGA2
ace-dry-dog	LTBP1
ace-dry-dog	SLIT3
ace-dry-dog	ETV1
ace-dry-dog	MYT1L
ace-dry-dog	CEBPD
ace-dry-dog	COBLL1
ace-dry-dog	NECAB1
ace-dry-dog	TFRC
ace-dry-dog	NFIA-AS2
ace-dry-dog	LAMA2
ace-dry-dog	LNCAROD
ace-dry-dog	TOP2A
ace-dry-dog	LHFPL3
ace-dry-dog	COL12A1
ace-dry-dog	ENPP2
ace-dry-dog	VWC2L
ace-dry-dog	SEMA3E
ace-dry-dog	TNS3
ace-dry-dog	RELN
ace-dry-dog	CPNE4
ace-dry-dog	DLX6-AS1
ace-dry-dog	ABCA8
ace-dry-dog	RBMS3
ace-dry-dog	MDGA1
ace-dry-dog	DIO2
ace-dry-dog	HMGB2
ace-dry-dog	SGO1-AS1
ace-dry-dog	CLMP
ace-dry-dog	CCN1
ace-dry-dog	NELL2
ace-dry-dog	LRRC9
ace-dry-dog	FN1
ace-dry-dog	CFAP43
ace-dry-dog	SULF1
ace-dry-dog	TAC3
ace-dry-dog	RARB
ace-dry-dog	SYNPR
ace-dry-dog	CADPS2
ace-dry-dog	CNTNAP2
ace-dry-dog	ARMC3
ace-dry-dog	CENPF
ace-dry-dog	GPR39
ace-dry-dog	SPATA17
ace-dry-dog	RNF220
ace-dry-dog	SULF2
ace-dry-dog	EVA1C
ace-dry-dog	GPR17
ace-dry-dog	ZIC1
ace-dry-dog	ABCB1
ace-dry-dog	FYB2
ace-dry-dog	LRIG1
ace-dry-dog	MLIP
ace-dry-dog	CDH12
ace-dry-dog	FAM160A1
ace-dry-dog	CCSER1
ace-dry-dog	LINC02147
ace-dry-dog	INPP4B
ace-dry-dog	CDH18
ace-dry-dog	CXCL14
ace-dry-dog	RALYL
ace-dry-dog	ANGPT1
ace-dry-dog	FBXO32
ace-dry-dog	POU6F2
ace-dry-dog	EBF2
ace-dry-dog	MAML2
ace-dry-dog	KIRREL3
ace-dry-dog	TNC
ace-dry-dog	DOCK10
ace-dry-dog	CCDC175
ace-dry-dog	RIPOR2
ace-dry-dog	ST8SIA5
ace-dry-dog	PLS3
ace-dry-dog	LINC01965
ace-dry-dog	LINC00609
ace-dry-dog	LINC01619
ace-dry-dog	HOPX
ace-dry-dog	DPF3
ace-dry-dog	TSHR
ace-dry-dog	CA10
ace-dry-dog	SPON1
ace-dry-dog	RBFOX3
ace-dry-dog	CBLN2
ace-dry-dog	KCNQ1OT1
ace-dry-dog	ZFP36
ace-dry-dog	NXPH1
ace-dry-dog	OBI1-AS1
ace-dry-dog	FAM106A
ace-dry-dog	NEFL
ace-dry-dog	LRMDA
ace-dry-dog	CNTNAP4
ace-dry-dog	OPCML
ace-dry-dog	DACH1
ace-dry-dog	LHX1
ace-dry-dog	SATB2
ace-dry-dog	AGBL1
ace-dry-dog	FLT1
ace-dry-dog	EOGT
ace-dry-dog	NEAT1
ace-dry-dog	SP8
ace-dry-dog	CLDN5
ace-dry-dog	PCDH15
ace-dry-dog	PCSK6
ace-dry-dog	NR2F2-AS1
ace-dry-dog	PLP1
ace-dry-dog	LHX1-DT
ace-dry-dog	DISC1
ace-dry-dog	SORCS1
ace-dry-dog	LIPG
ace-dry-dog	ISG15
ace-dry-dog	LINC01170
ace-dry-dog	SATB1-AS1
ace-dry-dog	CFAP54
ace-dry-dog	RMST
ace-dry-dog	NOTCH1
ace-dry-dog	Blank-1
ace-dry-dog	Blank-2
ace-dry-dog	Blank-3
ace-dry-dog	Blank-4
ace-dry-dog	Blank-5
ace-dry-dog	Blank-6
ace-dry-dog	Blank-7
ace-dry-dog	Blank-8
ace-dry-dog	Blank-9
ace-dry-dog	Blank-10
ace-dry-dog	Blank-11
ace-dry-dog	Blank-12
ace-dry-dog	Blank-13
ace-dry-dog	Blank-14
ace-dry-dog	Blank-15
ace-dry-dry	TFAP2C
ace-dry-dry	HGF
ace-dry-dry	NAMPT
ace-dry-dry	VIM
ace-dry-dry	CD38
ace-dry-dry	CRYAB
ace-dry-dry	CDH9
ace-dry-dry	HES1
ace-dry-dry	IGFBP5
ace-dry-dry	DLX2
ace-dry-dry	TTR
ace-dry-dry	PDGFRA
ace-dry-dry	BRIP1
ace-dry-dry	KIF11
ace-dry-dry	TRHDE
ace-dry-dry	PROX1
ace-dry-dry	CUX2
ace-dry-dry	THSD4
ace-dry-dry	MOB3B
ace-dry-dry	FBN2
ace-dry-dry	CDH20
ace-dry-dry	PALMD
ace-dry-dry	CD44
ace-dry-dry	DGKD
ace-dry-dry	SEMA3C
ace-dry-dry	RUNX1T1
ace-dry-dry	SLCO1C1
ace-dry-dry	BEST3
ace-dry-dry	ASCL1
ace-dry-dry	SRRM4
ace-dry-dry	NXPH2
ace-dry-dry	HES6
ace-dry-dry	GLRA3
ace-dry-dry	DAAM2
ace-dry-dry	EGFR
ace-dry-dry	ST18
ace-dry-dry	CRH
ace-dry-dry	SLC1A2
ace-dry-dry	ZNF385D
ace-dry-dry	GADL1
ace-dry-dry	GJA1
ace-dry-dry	TCTEX1D1
ace-dry-dry	STK32B
ace-dry-dry	FEZF2
ace-dry-dry	SST
ace-dry-dry	SLC6A1
ace-dry-dry	KIT
ace-dry-dry	PREX2
ace-dry-dry	C21orf58
ace-dry-dry	NEUROD1
ace-dry-dry	IGFBP7
ace-dry-dry	EOMES
ace-dry-dry	PRSS12
ace-dry-dry	ITGA2
ace-dry-dry	ENPP6
ace-dry-dry	BMPER
ace-dry-dry	COL1A2
ace-dry-dry	PDZRN4
ace-dry-dry	PPP1R16B
ace-dry-dry	CALB2
ace-dry-dry	FOS
ace-dry-dry	KCNS3
ace-dry-dry	RETREG1
ace-dry-dry	NWD2
ace-dry-dry	CPED1
ace-dry-dry	UGT8
ace-dry-dry	DPY19L1
ace-dry-dry	CARHSP1
ace-dry-dry	FGFBP3
ace-dry-dry	EBF1
ace-dry-dry	METAP1D
ace-dry-dry	SLC9A9
ace-dry-dry	TAC1
ace-dry-dry	NHLH2
ace-dry-dry	TSHZ1
ace-dry-dry	KCNH5
ace-dry-dry	GLIS3
ace-dry-dry	RIT2
ace-dry-dry	ATP10B
ace-dry-dry	EYA2
ace-dry-dry	ADAMTSL1
ace-dry-dry	POU3F2
ace-dry-dry	PCP4
ace-dry-dry	SV2B
ace-dry-dry	HS3ST4
ace-dry-dry	CPNE8
ace-dry-dry	ZNF804B
ace-dry-dry	CCK
ace-dry-dry	EPHA3
ace-dry-dry	SLA
ace-dry-dry	GLUL
ace-dry-dry	RUNX1
ace-dry-dry	NR3C2
ace-dry-dry	SMC4
ace-dry-dry	KNL1
ace-dry-dry	CAMK2A
ace-dry-dry	ZNF536
ace-dry-dry	DLL3
ace-dry-dry	APOLD1
ace-dry-dry	BCL11B
ace-dry-dry	SPOCK3
ace-dry-dry	CREB5
ace-dry-dry	CFAP299
ace-dry-dry	GAD1
ace-dry-dry	KCNIP4
ace-dry-dry	KLHL14
ace-dry-dry	FAM107A
ace-dry-dry	STAT1
ace-dry-dry	IFI6
ace-dry-dry	COL4A5
ace-dry-dry	GRM3
ace-dry-dry	GRIN3A
ace-dry-dry	SLC35F3
ace-dry-dry	VIP
ace-dry-dry	ASPM
ace-dry-dry	TNR
ace-dry-dry	MOXD1
ace-dry-dry	NKAIN2
ace-dry-dry	BNIP3
ace-dry-dry	TCERG1L
ace-dry-dry	EBF3
ace-dry-dry	EPHA7
ace-dry-dry	TCF7L2
ace-dry-dry	SORCS3
ace-dry-dry	VAV3
ace-dry-dry	OLFM3
ace-dry-dry	KCNQ5
ace-dry-dry	COL24A1
ace-dry-dry	HCRTR2
ace-dry-dry	BCAS1
ace-dry-dry	TSHZ2
ace-dry-dry	IFIT1
ace-dry-dry	IFIT3
ace-dry-dry	SPATA6
ace-dry-dry	CHRDL1
ace-dry-dry	VEGFA
ace-dry-dry	IL1RAPL2
ace-dry-dry	KLHL4
ace-dry-dry	ITM2A
ace-dry-dry	PBX3
ace-dry-dry	ID3
ace-dry-dry	NRP1
ace-dry-dry	SVIL
ace-dry-dry	COL4A1
ace-dry-dry	APBB1IP
ace-dry-dry	GAD2
ace-dry-dry	RORB
ace-dry-dry	GPC5
ace-dry-dry	KLHL1
ace-dry-dry	KITLG
ace-dry-dry	ARX
ace-dry-dry	LHFPL6
ace-dry-dry	SFRP1
ace-dry-dry	MAB21L1
ace-dry-dry	CNTLN
ace-dry-dry	CD99
ace-dry-dry	ADARB2
ace-dry-dry	RRM2
ace-dry-dry	DOCK8
ace-dry-dry	OLIG1
ace-dry-dry	SEMA5A
ace-dry-dry	AQP4
ace-dry-dry	MOBP
ace-dry-dry	GPX3
ace-dry-dry	ALK
ace-dry-dry	GRIK1
ace-dry-dry	TFPI
ace-dry-dry	ZBBX
ace-dry-dry	ABLIM1
ace-dry-dry	SPP1
ace-dry-dry	GLI3
ace-dry-dry	KIAA1217
ace-dry-dry	GRIN2A
ace-dry-dry	ITIH5
ace-dry-dry	CCBE1
ace-dry-dry	MX1
ace-dry-dry	PTCHD4
ace-dry-dry	MAP3K1
ace-dry-dry	COLEC12
ace-dry-dry	PCBP3
ace-dry-dry	DIAPH3
ace-dry-dry	DSCAM
ace-dry-dry	PCDH11Y
ace-dry-dry	LINC02487
ace-dry-dry	RGS6
ace-dry-dry	HMGA2
ace-dry-dry	LTBP1
ace-dry-dry	SLIT3
ace-dry-dry	ETV1
ace-dry-dry	MYT1L
ace-dry-dry	CEBPD
ace-dry-dry	COBLL1
ace-dry-dry	NECAB1
ace-dry-dry	TFRC
ace-dry-dry	NFIA-AS2
ace-dry-dry	LAMA2
ace-dry-dry	LNCAROD
ace-dry-dry	TOP2A
ace-dry-dry	LHFPL3
ace-dry-dry	COL12A1
ace-dry-dry	ENPP2
ace-dry-dry	VWC2L
ace-dry-dry	SEMA3E
ace-dry-dry	TNS3
ace-dry-dry	RELN
ace-dry-dry	CPNE4
ace-dry-dry	DLX6-AS1
ace-dry-dry	ABCA8
ace-dry-dry	RBMS3
ace-dry-dry	MDGA1
ace-dry-dry	DIO2
ace-dry-dry	HMGB2
ace-dry-dry	SGO1-AS1
ace-dry-dry	CLMP
ace-dry-dry	CCN1
ace-dry-dry	NELL2
ace-dry-dry	LRRC9
ace-dry-dry	FN1
ace-dry-dry	CFAP43
ace-dry-dry	SULF1
ace-dry-dry	TAC3
ace-dry-dry	RARB
ace-dry-dry	SYNPR
ace-dry-dry	CADPS2
ace-dry-dry	CNTNAP2
ace-dry-dry	ARMC3
ace-dry-dry	CENPF
ace-dry-dry	GPR39
ace-dry-dry	SPATA17
ace-dry-dry	RNF220
ace-dry-dry	SULF2
ace-dry-dry	EVA1C
ace-dry-dry	GPR17
ace-dry-dry	ZIC1
ace-dry-dry	ABCB1
ace-dry-dry	FYB2
ace-dry-dry	LRIG1
ace-dry-dry	MLIP
ace-dry-dry	CDH12
ace-dry-dry	FAM160A1
ace-dry-dry	CCSER1
ace-dry-dry	LINC02147
ace-dry-dry	INPP4B
ace-dry-dry	CDH18
ace-dry-dry	CXCL14
ace-dry-dry	RALYL
ace-dry-dry	ANGPT1
ace-dry-dry	FBXO32
ace-dry-dry	POU6F2
ace-dry-dry	EBF2
ace-dry-dry	MAML2
ace-dry-dry	KIRREL3
ace-dry-dry	TNC
ace-dry-dry	DOCK10
ace-dry-dry	CCDC175
ace-dry-dry	RIPOR2
ace-dry-dry	ST8SIA5
ace-dry-dry	PLS3
ace-dry-dry	LINC01965
ace-dry-dry	LINC00609
ace-dry-dry	LINC01619
ace-dry-dry	HOPX
ace-dry-dry	DPF3
ace-dry-dry	TSHR
ace-dry-dry	CA10
ace-dry-dry	SPON1
ace-dry-dry	RBFOX3
ace-dry-dry	CBLN2
ace-dry-dry	KCNQ1OT1
ace-dry-dry	ZFP36
ace-dry-dry	NXPH1
ace-dry-dry	OBI1-AS1
ace-dry-dry	FAM106A
ace-dry-dry	NEFL
ace-dry-dry	LRMDA
ace-dry-dry	CNTNAP4
ace-dry-dry	OPCML
ace-dry-dry	DACH1
ace-dry-dry	LHX1
ace-dry-dry	SATB2
ace-dry-dry	AGBL1
ace-dry-dry	FLT1
ace-dry-dry	EOGT
ace-dry-dry	NEAT1
ace-dry-dry	SP8
ace-dry-dry	CLDN5
ace-dry-dry	PCDH15
ace-dry-dry	PCSK6
ace-dry-dry	NR2F2-AS1
ace-dry-dry	PLP1
ace-dry-dry	LHX1-DT
ace-dry-dry	DISC1
ace-dry-dry	SORCS1
ace-dry-dry	LIPG
ace-dry-dry	ISG15
ace-dry-dry	LINC01170
ace-dry-dry	SATB1-AS1
ace-dry-dry	CFAP54
ace-dry-dry	RMST
ace-dry-dry	NOTCH1
ace-dry-dry	Blank-1
ace-dry-dry	Blank-2
ace-dry-dry	Blank-3
ace-dry-dry	Blank-4
ace-dry-dry	Blank-5
ace-dry-dry	Blank-6
ace-dry-dry	Blank-7
ace-dry-dry	Blank-8
ace-dry-dry	Blank-9
ace-dry-dry	Blank-10
ace-dry-dry	Blank-11
ace-dry-dry	Blank-12
ace-dry-dry	Blank-13
ace-dry-dry	Blank-14
ace-dry-dry	Blank-15
ace-dry-dub	TFAP2C
ace-dry-dub	HGF
ace-dry-dub	NAMPT
ace-dry-dub	VIM
ace-dry-dub	CD38
ace-dry-dub	CRYAB
ace-dry-dub	CDH9
ace-dry-dub	HES1
ace-dry-dub	IGFBP5
ace-dry-dub	DLX2
ace-dry-dub	TTR
ace-dry-dub	PDGFRA
ace-dry-dub	BRIP1
ace-dry-dub	KIF11
ace-dry-dub	TRHDE
ace-dry-dub	PROX1
ace-dry-dub	CUX2
ace-dry-dub	THSD4
ace-dry-dub	MOB3B
ace-dry-dub	FBN2
ace-dry-dub	CDH20
ace-dry-dub	PALMD
ace-dry-dub	CD44
ace-dry-dub	DGKD
ace-dry-dub	SEMA3C
ace-dry-dub	RUNX1T1
ace-dry-dub	SLCO1C1
ace-dry-dub	BEST3
ace-dry-dub	ASCL1
ace-dry-dub	SRRM4
ace-dry-dub	NXPH2
ace-dry-dub	HES6
ace-dry-dub	GLRA3
ace-dry-dub	DAAM2
ace-dry-dub	EGFR
ace-dry-dub	ST18
ace-dry-dub	CRH
ace-dry-dub	SLC1A2
ace-dry-dub	ZNF385D
ace-dry-dub	GADL1
ace-dry-dub	GJA1
ace-dry-dub	TCTEX1D1
ace-dry-dub	STK32B
ace-dry-dub	FEZF2
ace-dry-dub	SST
ace-dry-dub	SLC6A1
ace-dry-dub	KIT
ace-dry-dub	PREX2
ace-dry-dub	C21orf58
ace-dry-dub	NEUROD1
ace-dry-dub	IGFBP7
ace-dry-dub	EOMES
ace-dry-dub	PRSS12
ace-dry-dub	ITGA2
ace-dry-dub	ENPP6
ace-dry-dub	BMPER
ace-dry-dub	COL1A2
ace-dry-dub	PDZRN4
ace-dry-dub	PPP1R16B
ace-dry-dub	CALB2
ace-dry-dub	FOS
ace-dry-dub	KCNS3
ace-dry-dub	RETREG1
ace-dry-dub	NWD2
ace-dry-dub	CPED1
ace-dry-dub	UGT8
ace-dry-dub	DPY19L1
ace-dry-dub	CARHSP1
ace-dry-dub	FGFBP3
ace-dry-dub	EBF1
ace-dry-dub	METAP1D
ace-dry-dub	SLC9A9
ace-dry-dub	TAC1
ace-dry-dub	NHLH2
ace-dry-dub	TSHZ1
ace-dry-dub	KCNH5
ace-dry-dub	GLIS3
ace-dry-dub	RIT2
ace-dry-dub	ATP10B
ace-dry-dub	EYA2
ace-dry-dub	ADAMTSL1
ace-dry-dub	POU3F2
ace-dry-dub	PCP4
ace-dry-dub	SV2B
ace-dry-dub	HS3ST4
ace-dry-dub	CPNE8
ace-dry-dub	ZNF804B
ace-dry-dub	CCK
ace-dry-dub	EPHA3
ace-dry-dub	SLA
ace-dry-dub	GLUL
ace-dry-dub	RUNX1
ace-dry-dub	NR3C2
ace-dry-dub	SMC4
ace-dry-dub	KNL1
ace-dry-dub	CAMK2A
ace-dry-dub	ZNF536
ace-dry-dub	DLL3
ace-dry-dub	APOLD1
ace-dry-dub	BCL11B
ace-dry-dub	SPOCK3
ace-dry-dub	CREB5
ace-dry-dub	CFAP299
ace-dry-dub	GAD1
ace-dry-dub	KCNIP4
ace-dry-dub	KLHL14
ace-dry-dub	FAM107A
ace-dry-dub	STAT1
ace-dry-dub	IFI6
ace-dry-dub	COL4A5
ace-dry-dub	GRM3
ace-dry-dub	GRIN3A
ace-dry-dub	SLC35F3
ace-dry-dub	VIP
ace-dry-dub	ASPM
ace-dry-dub	TNR
ace-dry-dub	MOXD1
ace-dry-dub	NKAIN2
ace-dry-dub	BNIP3
ace-dry-dub	TCERG1L
ace-dry-dub	EBF3
ace-dry-dub	EPHA7
ace-dry-dub	TCF7L2
ace-dry-dub	SORCS3
ace-dry-dub	VAV3
ace-dry-dub	OLFM3
ace-dry-dub	KCNQ5
ace-dry-dub	COL24A1
ace-dry-dub	HCRTR2
ace-dry-dub	BCAS1
ace-dry-dub	TSHZ2
ace-dry-dub	IFIT1
ace-dry-dub	IFIT3
ace-dry-dub	SPATA6
ace-dry-dub	CHRDL1
ace-dry-dub	VEGFA
ace-dry-dub	IL1RAPL2
ace-dry-dub	KLHL4
ace-dry-dub	ITM2A
ace-dry-dub	PBX3
ace-dry-dub	ID3
ace-dry-dub	NRP1
ace-dry-dub	SVIL
ace-dry-dub	COL4A1
ace-dry-dub	APBB1IP
ace-dry-dub	GAD2
ace-dry-dub	RORB
ace-dry-dub	GPC5
ace-dry-dub	KLHL1
ace-dry-dub	KITLG
ace-dry-dub	ARX
ace-dry-dub	LHFPL6
ace-dry-dub	SFRP1
ace-dry-dub	MAB21L1
ace-dry-dub	CNTLN
ace-dry-dub	CD99
ace-dry-dub	ADARB2
ace-dry-dub	RRM2
ace-dry-dub	DOCK8
ace-dry-dub	OLIG1
ace-dry-dub	SEMA5A
ace-dry-dub	AQP4
ace-dry-dub	MOBP
ace-dry-dub	GPX3
ace-dry-dub	ALK
ace-dry-dub	GRIK1
ace-dry-dub	TFPI
ace-dry-dub	ZBBX
ace-dry-dub	ABLIM1
ace-dry-dub	SPP1
ace-dry-dub	GLI3
ace-dry-dub	KIAA1217
ace-dry-dub	GRIN2A
ace-dry-dub	ITIH5
ace-dry-dub	CCBE1
ace-dry-dub	MX1
ace-dry-dub	PTCHD4
ace-dry-dub	MAP3K1
ace-dry-dub	COLEC12
ace-dry-dub	PCBP3
ace-dry-dub	DIAPH3
ace-dry-dub	DSCAM
ace-dry-dub	PCDH11Y
ace-dry-dub	LINC02487
ace-dry-dub	RGS6
ace-dry-dub	HMGA2
ace-dry-dub	LTBP1
ace-dry-dub	SLIT3
ace-dry-dub	ETV1
ace-dry-dub	MYT1L
ace-dry-dub	CEBPD
ace-dry-dub	COBLL1
ace-dry-dub	NECAB1
ace-dry-dub	TFRC
ace-dry-dub	NFIA-AS2
ace-dry-dub	LAMA2
ace-dry-dub	LNCAROD
ace-dry-dub	TOP2A
ace-dry-dub	LHFPL3
ace-dry-dub	COL12A1
ace-dry-dub	ENPP2
ace-dry-dub	VWC2L
ace-dry-dub	SEMA3E
ace-dry-dub	TNS3
ace-dry-dub	RELN
ace-dry-dub	CPNE4
ace-dry-dub	DLX6-AS1
ace-dry-dub	ABCA8
ace-dry-dub	RBMS3
ace-dry-dub	MDGA1
ace-dry-dub	DIO2
ace-dry-dub	HMGB2
ace-dry-dub	SGO1-AS1
ace-dry-dub	CLMP
ace-dry-dub	CCN1
ace-dry-dub	NELL2
ace-dry-dub	LRRC9
ace-dry-dub	FN1
ace-dry-dub	CFAP43
ace-dry-dub	SULF1
ace-dry-dub	TAC3
ace-dry-dub	RARB
ace-dry-dub	SYNPR
ace-dry-dub	CADPS2
ace-dry-dub	CNTNAP2
ace-dry-dub	ARMC3
ace-dry-dub	CENPF
ace-dry-dub	GPR39
ace-dry-dub	SPATA17
ace-dry-dub	RNF220
ace-dry-dub	SULF2
ace-dry-dub	EVA1C
ace-dry-dub	GPR17
ace-dry-dub	ZIC1
ace-dry-dub	ABCB1
ace-dry-dub	FYB2
ace-dry-dub	LRIG1
ace-dry-dub	MLIP
ace-dry-dub	CDH12
ace-dry-dub	FAM160A1
ace-dry-dub	CCSER1
ace-dry-dub	LINC02147
ace-dry-dub	INPP4B
ace-dry-dub	CDH18
ace-dry-dub	CXCL14
ace-dry-dub	RALYL
ace-dry-dub	ANGPT1
ace-dry-dub	FBXO32
ace-dry-dub	POU6F2
ace-dry-dub	EBF2
ace-dry-dub	MAML2
ace-dry-dub	KIRREL3
ace-dry-dub	TNC
ace-dry-dub	DOCK10
ace-dry-dub	CCDC175
ace-dry-dub	RIPOR2
ace-dry-dub	ST8SIA5
ace-dry-dub	PLS3
ace-dry-dub	LINC01965
ace-dry-dub	LINC00609
ace-dry-dub	LINC01619
ace-dry-dub	HOPX
ace-dry-dub	DPF3
ace-dry-dub	TSHR
ace-dry-dub	CA10
ace-dry-dub	SPON1
ace-dry-dub	RBFOX3
ace-dry-dub	CBLN2
ace-dry-dub	KCNQ1OT1
ace-dry-dub	ZFP36
ace-dry-dub	NXPH1
ace-dry-dub	OBI1-AS1
ace-dry-dub	FAM106A
ace-dry-dub	NEFL
ace-dry-dub	LRMDA
ace-dry-dub	CNTNAP4
ace-dry-dub	OPCML
ace-dry-dub	DACH1
ace-dry-dub	LHX1
ace-dry-dub	SATB2
ace-dry-dub	AGBL1
ace-dry-dub	FLT1
ace-dry-dub	EOGT
ace-dry-dub	NEAT1
ace-dry-dub	SP8
ace-dry-dub	CLDN5
ace-dry-dub	PCDH15
ace-dry-dub	PCSK6
ace-dry-dub	NR2F2-AS1
ace-dry-dub	PLP1
ace-dry-dub	LHX1-DT
ace-dry-dub	DISC1
ace-dry-dub	SORCS1
ace-dry-dub	LIPG
ace-dry-dub	ISG15
ace-dry-dub	LINC01170
ace-dry-dub	SATB1-AS1
ace-dry-dub	CFAP54
ace-dry-dub	RMST
ace-dry-dub	NOTCH1
ace-dry-dub	Blank-1
ace-dry-dub	Blank-2
ace-dry-dub	Blank-3
ace-dry-dub	Blank-4
ace-dry-dub	Blank-5
ace-dry-dub	Blank-6
ace-dry-dub	Blank-7
ace-dry-dub	Blank-8
ace-dry-dub	Blank-9
ace-dry-dub	Blank-10
ace-dry-dub	Blank-11
ace-dry-dub	Blank-12
ace-dry-dub	Blank-13
ace-dry-dub	Blank-14
ace-dry-dub	Blank-15
ace-dud-vex	TCF7L2
ace-dud-vex	NELL1
ace-dud-vex	GPC5
ace-dud-vex	NRP1
ace-dud-vex	TAC1
ace-dud-vex	MYO16
ace-dud-vex	PTPRT
ace-dud-vex	IRX2
ace-dud-vex	NCAM2
ace-dud-vex	RNF144B
ace-dud-vex	TTN
ace-dud-vex	ITGA4
ace-dud-vex	PDE4D
ace-dud-vex	OTX2
ace-dud-vex	SYNPR
ace-dud-vex	RAB34
ace-dud-vex	TNC
ace-dud-vex	F13A1
ace-dud-vex	DDX3Y
ace-dud-vex	GATA3
ace-dud-vex	KCNT2
ace-dud-vex	B2M
ace-dud-vex	CHODL
ace-dud-vex	CADPS2
ace-dud-vex	MCHR2
ace-dud-vex	SLC17A7
ace-dud-vex	SLC9B1
ace-dud-vex	FBXL7
ace-dud-vex	PLA2R1
ace-dud-vex	SLC35F4
ace-dud-vex	CALCR
ace-dud-vex	PDLIM5
ace-dud-vex	EPHA3
ace-dud-vex	CSGALNACT1
ace-dud-vex	ZFHX4
ace-dud-vex	SHC3
ace-dud-vex	ABO
ace-dud-vex	SNTB1
ace-dud-vex	SGCZ
ace-dud-vex	HS3ST5
ace-dud-vex	NFIB
ace-dud-vex	SYT9
ace-dud-vex	C3
ace-dud-vex	PCSK5
ace-dud-vex	SLC18A2
ace-dud-vex	ST6GALNAC5
ace-dud-vex	KCND3
ace-dud-vex	CNTN3
ace-dud-vex	PENK
ace-dud-vex	WDR49
ace-dud-vex	DRD1
ace-dud-vex	GALNTL6
ace-dud-vex	SPON1
ace-dud-vex	CALB1
ace-dud-vex	TSHZ1
ace-dud-vex	GLIS3
ace-dud-vex	ESRRG
ace-dud-vex	CNR1
ace-dud-vex	GRIN3A
ace-dud-vex	TAFA4
ace-dud-vex	SULF1
ace-dud-vex	SPHKAP
ace-dud-vex	LUZP2
ace-dud-vex	MORN5
ace-dud-vex	MAML2
ace-dud-vex	GFAP
ace-dud-vex	ALCAM
ace-dud-vex	HAPLN1
ace-dud-vex	THSD7A
ace-dud-vex	BACH2
ace-dud-vex	ERBB4
ace-dud-vex	RXFP1
ace-dud-vex	SLC24A2
ace-dud-vex	TRHDE
ace-dud-vex	FHIT
ace-dud-vex	ETV1
ace-dud-vex	C9H10orf90
ace-dud-vex	PDE4B
ace-dud-vex	KCTD17
ace-dud-vex	LAMP5
ace-dud-vex	TRPC4
ace-dud-vex	OSBPL3
ace-dud-vex	SEMA3C
ace-dud-vex	LHX6
ace-dud-vex	GPC6
ace-dud-vex	NTN1
ace-dud-vex	TOX
ace-dud-vex	CD96
ace-dud-vex	EYA4
ace-dud-vex	PDGFD
ace-dud-vex	CDH4
ace-dud-vex	PAX6
ace-dud-vex	MME
ace-dud-vex	HS3ST4
ace-dud-vex	PCDH17
ace-dud-vex	COL12A1
ace-dud-vex	DPYD
ace-dud-vex	BRINP3
ace-dud-vex	ELAVL2
ace-dud-vex	GBX1
ace-dud-vex	DPF3
ace-dud-vex	TESPA1
ace-dud-vex	KIRREL3
ace-dud-vex	SEMA3E
ace-dud-vex	ARHGAP24
ace-dud-vex	XYLT1
ace-dud-vex	ZEB2
ace-dud-vex	CALCRL
ace-dud-vex	FAT4
ace-dud-vex	COL24A1
ace-dud-vex	PDE1C
ace-dud-vex	NDST4
ace-dud-vex	ADAM12
ace-dud-vex	SNTG2
ace-dud-vex	PRKCA
ace-dud-vex	IL1RAPL2
ace-dud-vex	SYT10
ace-dud-vex	GDA
ace-dud-vex	UTRN
ace-dud-vex	HS6ST3
ace-dud-vex	CHRM3
ace-dud-vex	ADCY2
ace-dud-vex	SLC17A8
ace-dud-vex	HCRTR2
ace-dud-vex	PLCE1
ace-dud-vex	DOCK10
ace-dud-vex	KCNT1
ace-dud-vex	LRP2
ace-dud-vex	DCC
ace-dud-vex	TAFA1
ace-dud-vex	ITGA9
ace-dud-vex	NKAIN3
ace-dud-vex	FOLH1
ace-dud-vex	ADCYAP1
ace-dud-vex	CCDC178
ace-dud-vex	PPP1R1B
ace-dud-vex	SPRED1
ace-dud-vex	RSPO2
ace-dud-vex	CDH11
ace-dud-vex	PCDH19
ace-dud-vex	RORB
ace-dud-vex	DRD2
ace-dud-vex	TNS1
ace-dud-vex	ETNPPL
ace-dud-vex	ADGRL4
ace-dud-vex	TRPC5
ace-dud-vex	PREX2
ace-dud-vex	NRG3
ace-dud-vex	KCNJ3
ace-dud-vex	FBN2
ace-dud-vex	BNC2
ace-dud-vex	ANO1
ace-dud-vex	CHST9
ace-dud-vex	RASGRF2
ace-dud-vex	PLEC
ace-dud-vex	MPPED1
ace-dud-vex	ETV5
ace-dud-vex	GAD2
ace-dud-vex	LDLRAD3
ace-dud-vex	PCSK1N
ace-dud-vex	PTPRS
ace-dud-vex	EDIL3
ace-dud-vex	SEPTIN7
ace-dud-vex	PMFBP1
ace-dud-vex	SPARC
ace-dud-vex	CACNA1A
ace-dud-vex	KCNB2
ace-dud-vex	ASIC4
ace-dud-vex	VWDE
ace-dud-vex	OLFM3
ace-dud-vex	MEIS1
ace-dud-vex	POU6F2
ace-dud-vex	COL25A1
ace-dud-vex	FOXP2
ace-dud-vex	GULP1
ace-dud-vex	COCH
ace-dud-vex	RBMS3
ace-dud-vex	PALM2AKAP2
ace-dud-vex	SATB2
ace-dud-vex	ST6GALNAC3
ace-dud-vex	SATB1
ace-dud-vex	UNC5D
ace-dud-vex	SLC35F1
ace-dud-vex	VEGFC
ace-dud-vex	TLL1
ace-dud-vex	VIP
ace-dud-vex	ADARB2
ace-dud-vex	CHAT
ace-dud-vex	PITX2
ace-dud-vex	ANGPT1
ace-dud-vex	KIAA1217
ace-dud-vex	SH3GL2
ace-dud-vex	CPNE8
ace-dud-vex	CPNE4
ace-dud-vex	SYT2
ace-dud-vex	PAX8
ace-dud-vex	RIMBP2
ace-dud-vex	HPCA
ace-dud-vex	SH3RF3
ace-dud-vex	GLI3
ace-dud-vex	ZNF429
ace-dud-vex	PRIMA1
ace-dud-vex	CA10
ace-dud-vex	PNO1
ace-dud-vex	UNC5C
ace-dud-vex	ZNF536
ace-dud-vex	CACNA1G
ace-dud-vex	ADAMTSL1
ace-dud-vex	MOXD1
ace-dud-vex	BMP6
ace-dud-vex	RNF220
ace-dud-vex	PRKD1
ace-dud-vex	HPCAL1
ace-dud-vex	RBM20
ace-dud-vex	MYO1B
ace-dud-vex	KCNH7
ace-dud-vex	ROR1
ace-dud-vex	MAML3
ace-dud-vex	DACH2
ace-dud-vex	RSPO3
ace-dud-vex	PDE3A
ace-dud-vex	TAC3
ace-dud-vex	FIGN
ace-dud-vex	CXCL14
ace-dud-vex	PTPRZ1
ace-dud-vex	CUX2
ace-dud-vex	CALY
ace-dud-vex	LMO4
ace-dud-vex	PROX1
ace-dud-vex	GSE1
ace-dud-vex	ZMAT4
ace-dud-vex	NWD2
ace-dud-vex	FGFR2
ace-dud-vex	GRIK1
ace-dud-vex	PRKG1
ace-dud-vex	KHDRBS2
ace-dud-vex	DMD
ace-dud-vex	B3GAT2
ace-dud-vex	KCNH8
ace-dud-vex	EPYC
ace-dud-vex	STXBP6
ace-dud-vex	EBF3
ace-dud-vex	TACR1
ace-dud-vex	DSCAM
ace-dud-vex	KLHL29
ace-dud-vex	SLC17A6
ace-dud-vex	VCAN
ace-dud-vex	DPP10
ace-dud-vex	ADGRV1
ace-dud-vex	TSHZ2
ace-dud-vex	PDZRN4
ace-dud-vex	CCDC3
ace-dud-vex	PTPRM
ace-dud-vex	ADAMTS18
ace-dud-vex	WDFY4
ace-dud-vex	GLRA3
ace-dud-vex	SOX6
ace-dud-vex	BMPR1B
ace-dud-vex	COL5A2
ace-dud-vex	STAC
ace-dud-vex	ZFPM2
ace-dud-vex	PARD3B
ace-dud-vex	ARPP21
ace-dud-vex	C1QL2
ace-dud-vex	GRIK3
ace-dud-vex	EBF1
ace-dud-vex	PLXDC2
ace-dud-vex	HCN1
ace-dud-vex	GALNT18
ace-dud-vex	MEIS2
ace-dud-vex	CALB2
ace-dud-vex	CDH13
ace-dud-vex	STK32B
ace-dud-vex	MEGF10
ace-dud-vex	NR2F2
ace-dud-vex	NXPH1
ace-dud-vex	LHX8
ace-dud-vex	PLD1
ace-dud-vex	TBR1
ace-dud-vex	CYB561
ace-dud-vex	HTR2C
ace-dud-vex	ONECUT1
ace-dud-vex	IL1R1
ace-dud-vex	KCTD8
ace-dud-vex	PTGDS
ace-dud-vex	DGKG
ace-dud-vex	NCKAP5
ace-dud-vex	TMEM132C
ace-dud-vex	SORCS2
ace-dud-vex	KCNIP1
ace-dud-vex	PCSK1
ace-dud-vex	LRMDA
ace-dud-vex	SMOC2
ace-dud-vex	L3MBTL4
ace-dud-vex	MDGA1
ace-dud-vex	NPY
ace-dud-vex	PECAM1
ace-dud-vex	CLDN5
ace-dud-vex	SPAG17
ace-dud-vex	GJA5
ace-dud-vex	Blank-0
ace-dud-vex	Blank-1
ace-dud-vex	Blank-2
ace-dud-vex	Blank-3
ace-dud-vex	Blank-4
ace-dud-vex	Blank-5
ace-dud-vex	Blank-6
ace-dud-vex	Blank-7
ace-dud-vex	Blank-8
ace-dud-vex	Blank-9
ace-dud-vex	Blank-10
ace-dud-vex	Blank-11
ace-dud-vex	Blank-12
ace-dud-vex	Blank-13
ace-dud-vex	Blank-14
ace-dud-vow	TCF7L2
ace-dud-vow	NELL1
ace-dud-vow	GPC5
ace-dud-vow	NRP1
ace-dud-vow	TAC1
ace-dud-vow	MYO16
ace-dud-vow	PTPRT
ace-dud-vow	IRX2
ace-dud-vow	NCAM2
ace-dud-vow	RNF144B
ace-dud-vow	TTN
ace-dud-vow	ITGA4
ace-dud-vow	PDE4D
ace-dud-vow	OTX2
ace-dud-vow	SYNPR
ace-dud-vow	RAB34
ace-dud-vow	TNC
ace-dud-vow	F13A1
ace-dud-vow	DDX3Y
ace-dud-vow	GATA3
ace-dud-vow	KCNT2
ace-dud-vow	B2M
ace-dud-vow	CHODL
ace-dud-vow	CADPS2
ace-dud-vow	MCHR2
ace-dud-vow	SLC17A7
ace-dud-vow	SLC9B1
ace-dud-vow	FBXL7
ace-dud-vow	PLA2R1
ace-dud-vow	SLC35F4
ace-dud-vow	CALCR
ace-dud-vow	PDLIM5
ace-dud-vow	EPHA3
ace-dud-vow	CSGALNACT1
ace-dud-vow	ZFHX4
ace-dud-vow	SHC3
ace-dud-vow	ABO
ace-dud-vow	SNTB1
ace-dud-vow	SGCZ
ace-dud-vow	HS3ST5
ace-dud-vow	NFIB
ace-dud-vow	SYT9
ace-dud-vow	C3
ace-dud-vow	PCSK5
ace-dud-vow	SLC18A2
ace-dud-vow	ST6GALNAC5
ace-dud-vow	KCND3
ace-dud-vow	CNTN3
ace-dud-vow	PENK
ace-dud-vow	WDR49
ace-dud-vow	DRD1
ace-dud-vow	GALNTL6
ace-dud-vow	SPON1
ace-dud-vow	CALB1
ace-dud-vow	TSHZ1
ace-dud-vow	GLIS3
ace-dud-vow	ESRRG
ace-dud-vow	CNR1
ace-dud-vow	GRIN3A
ace-dud-vow	TAFA4
ace-dud-vow	SULF1
ace-dud-vow	SPHKAP
ace-dud-vow	LUZP2
ace-dud-vow	MORN5
ace-dud-vow	MAML2
ace-dud-vow	GFAP
ace-dud-vow	ALCAM
ace-dud-vow	HAPLN1
ace-dud-vow	THSD7A
ace-dud-vow	BACH2
ace-dud-vow	ERBB4
ace-dud-vow	RXFP1
ace-dud-vow	SLC24A2
ace-dud-vow	TRHDE
ace-dud-vow	FHIT
ace-dud-vow	ETV1
ace-dud-vow	C9H10orf90
ace-dud-vow	PDE4B
ace-dud-vow	KCTD17
ace-dud-vow	LAMP5
ace-dud-vow	TRPC4
ace-dud-vow	OSBPL3
ace-dud-vow	SEMA3C
ace-dud-vow	LHX6
ace-dud-vow	GPC6
ace-dud-vow	NTN1
ace-dud-vow	TOX
ace-dud-vow	CD96
ace-dud-vow	EYA4
ace-dud-vow	PDGFD
ace-dud-vow	CDH4
ace-dud-vow	PAX6
ace-dud-vow	MME
ace-dud-vow	HS3ST4
ace-dud-vow	PCDH17
ace-dud-vow	COL12A1
ace-dud-vow	DPYD
ace-dud-vow	BRINP3
ace-dud-vow	ELAVL2
ace-dud-vow	GBX1
ace-dud-vow	DPF3
ace-dud-vow	TESPA1
ace-dud-vow	KIRREL3
ace-dud-vow	SEMA3E
ace-dud-vow	ARHGAP24
ace-dud-vow	XYLT1
ace-dud-vow	ZEB2
ace-dud-vow	CALCRL
ace-dud-vow	FAT4
ace-dud-vow	COL24A1
ace-dud-vow	PDE1C
ace-dud-vow	NDST4
ace-dud-vow	ADAM12
ace-dud-vow	SNTG2
ace-dud-vow	PRKCA
ace-dud-vow	IL1RAPL2
ace-dud-vow	SYT10
ace-dud-vow	GDA
ace-dud-vow	UTRN
ace-dud-vow	HS6ST3
ace-dud-vow	CHRM3
ace-dud-vow	ADCY2
ace-dud-vow	SLC17A8
ace-dud-vow	HCRTR2
ace-dud-vow	PLCE1
ace-dud-vow	DOCK10
ace-dud-vow	KCNT1
ace-dud-vow	LRP2
ace-dud-vow	DCC
ace-dud-vow	TAFA1
ace-dud-vow	ITGA9
ace-dud-vow	NKAIN3
ace-dud-vow	FOLH1
ace-dud-vow	ADCYAP1
ace-dud-vow	CCDC178
ace-dud-vow	PPP1R1B
ace-dud-vow	SPRED1
ace-dud-vow	RSPO2
ace-dud-vow	CDH11
ace-dud-vow	PCDH19
ace-dud-vow	RORB
ace-dud-vow	DRD2
ace-dud-vow	TNS1
ace-dud-vow	ETNPPL
ace-dud-vow	ADGRL4
ace-dud-vow	TRPC5
ace-dud-vow	PREX2
ace-dud-vow	NRG3
ace-dud-vow	KCNJ3
ace-dud-vow	FBN2
ace-dud-vow	BNC2
ace-dud-vow	ANO1
ace-dud-vow	CHST9
ace-dud-vow	RASGRF2
ace-dud-vow	PLEC
ace-dud-vow	MPPED1
ace-dud-vow	ETV5
ace-dud-vow	GAD2
ace-dud-vow	LDLRAD3
ace-dud-vow	PCSK1N
ace-dud-vow	PTPRS
ace-dud-vow	EDIL3
ace-dud-vow	SEPTIN7
ace-dud-vow	PMFBP1
ace-dud-vow	SPARC
ace-dud-vow	CACNA1A
ace-dud-vow	KCNB2
ace-dud-vow	ASIC4
ace-dud-vow	VWDE
ace-dud-vow	OLFM3
ace-dud-vow	MEIS1
ace-dud-vow	POU6F2
ace-dud-vow	COL25A1
ace-dud-vow	FOXP2
ace-dud-vow	GULP1
ace-dud-vow	COCH
ace-dud-vow	RBMS3
ace-dud-vow	PALM2AKAP2
ace-dud-vow	SATB2
ace-dud-vow	ST6GALNAC3
ace-dud-vow	SATB1
ace-dud-vow	UNC5D
ace-dud-vow	SLC35F1
ace-dud-vow	VEGFC
ace-dud-vow	TLL1
ace-dud-vow	VIP
ace-dud-vow	ADARB2
ace-dud-vow	CHAT
ace-dud-vow	PITX2
ace-dud-vow	ANGPT1
ace-dud-vow	KIAA1217
ace-dud-vow	SH3GL2
ace-dud-vow	CPNE8
ace-dud-vow	CPNE4
ace-dud-vow	SYT2
ace-dud-vow	PAX8
ace-dud-vow	RIMBP2
ace-dud-vow	HPCA
ace-dud-vow	SH3RF3
ace-dud-vow	GLI3
ace-dud-vow	ZNF429
ace-dud-vow	PRIMA1
ace-dud-vow	CA10
ace-dud-vow	PNO1
ace-dud-vow	UNC5C
ace-dud-vow	ZNF536
ace-dud-vow	CACNA1G
ace-dud-vow	ADAMTSL1
ace-dud-vow	MOXD1
ace-dud-vow	BMP6
ace-dud-vow	RNF220
ace-dud-vow	PRKD1
ace-dud-vow	HPCAL1
ace-dud-vow	RBM20
ace-dud-vow	MYO1B
ace-dud-vow	KCNH7
ace-dud-vow	ROR1
ace-dud-vow	MAML3
ace-dud-vow	DACH2
ace-dud-vow	RSPO3
ace-dud-vow	PDE3A
ace-dud-vow	TAC3
ace-dud-vow	FIGN
ace-dud-vow	CXCL14
ace-dud-vow	PTPRZ1
ace-dud-vow	CUX2
ace-dud-vow	CALY
ace-dud-vow	LMO4
ace-dud-vow	PROX1
ace-dud-vow	GSE1
ace-dud-vow	ZMAT4
ace-dud-vow	NWD2
ace-dud-vow	FGFR2
ace-dud-vow	GRIK1
ace-dud-vow	PRKG1
ace-dud-vow	KHDRBS2
ace-dud-vow	DMD
ace-dud-vow	B3GAT2
ace-dud-vow	KCNH8
ace-dud-vow	EPYC
ace-dud-vow	STXBP6
ace-dud-vow	EBF3
ace-dud-vow	TACR1
ace-dud-vow	DSCAM
ace-dud-vow	KLHL29
ace-dud-vow	SLC17A6
ace-dud-vow	VCAN
ace-dud-vow	DPP10
ace-dud-vow	ADGRV1
ace-dud-vow	TSHZ2
ace-dud-vow	PDZRN4
ace-dud-vow	CCDC3
ace-dud-vow	PTPRM
ace-dud-vow	ADAMTS18
ace-dud-vow	WDFY4
ace-dud-vow	GLRA3
ace-dud-vow	SOX6
ace-dud-vow	BMPR1B
ace-dud-vow	COL5A2
ace-dud-vow	STAC
ace-dud-vow	ZFPM2
ace-dud-vow	PARD3B
ace-dud-vow	ARPP21
ace-dud-vow	C1QL2
ace-dud-vow	GRIK3
ace-dud-vow	EBF1
ace-dud-vow	PLXDC2
ace-dud-vow	HCN1
ace-dud-vow	GALNT18
ace-dud-vow	MEIS2
ace-dud-vow	CALB2
ace-dud-vow	CDH13
ace-dud-vow	STK32B
ace-dud-vow	MEGF10
ace-dud-vow	NR2F2
ace-dud-vow	NXPH1
ace-dud-vow	LHX8
ace-dud-vow	PLD1
ace-dud-vow	TBR1
ace-dud-vow	CYB561
ace-dud-vow	HTR2C
ace-dud-vow	ONECUT1
ace-dud-vow	IL1R1
ace-dud-vow	KCTD8
ace-dud-vow	PTGDS
ace-dud-vow	DGKG
ace-dud-vow	NCKAP5
ace-dud-vow	TMEM132C
ace-dud-vow	SORCS2
ace-dud-vow	KCNIP1
ace-dud-vow	PCSK1
ace-dud-vow	LRMDA
ace-dud-vow	SMOC2
ace-dud-vow	L3MBTL4
ace-dud-vow	MDGA1
ace-dud-vow	NPY
ace-dud-vow	PECAM1
ace-dud-vow	CLDN5
ace-dud-vow	SPAG17
ace-dud-vow	GJA5
ace-dud-vow	Blank-0
ace-dud-vow	Blank-1
ace-dud-vow	Blank-2
ace-dud-vow	Blank-3
ace-dud-vow	Blank-4
ace-dud-vow	Blank-5
ace-dud-vow	Blank-6
ace-dud-vow	Blank-7
ace-dud-vow	Blank-8
ace-dud-vow	Blank-9
ace-dud-vow	Blank-10
ace-dud-vow	Blank-11
ace-dud-vow	Blank-12
ace-dud-vow	Blank-13
ace-dud-vow	Blank-14
ace-dud-wag	TCF7L2
ace-dud-wag	NELL1
ace-dud-wag	GPC5
ace-dud-wag	NRP1
ace-dud-wag	TAC1
ace-dud-wag	MYO16
ace-dud-wag	PTPRT
ace-dud-wag	IRX2
ace-dud-wag	NCAM2
ace-dud-wag	RNF144B
ace-dud-wag	TTN
ace-dud-wag	ITGA4
ace-dud-wag	PDE4D
ace-dud-wag	OTX2
ace-dud-wag	SYNPR
ace-dud-wag	RAB34
ace-dud-wag	TNC
ace-dud-wag	F13A1
ace-dud-wag	DDX3Y
ace-dud-wag	GATA3
ace-dud-wag	KCNT2
ace-dud-wag	B2M
ace-dud-wag	CHODL
ace-dud-wag	CADPS2
ace-dud-wag	MCHR2
ace-dud-wag	SLC17A7
ace-dud-wag	SLC9B1
ace-dud-wag	FBXL7
ace-dud-wag	PLA2R1
ace-dud-wag	SLC35F4
ace-dud-wag	CALCR
ace-dud-wag	PDLIM5
ace-dud-wag	EPHA3
ace-dud-wag	CSGALNACT1
ace-dud-wag	ZFHX4
ace-dud-wag	SHC3
ace-dud-wag	ABO
ace-dud-wag	SNTB1
ace-dud-wag	SGCZ
ace-dud-wag	HS3ST5
ace-dud-wag	NFIB
ace-dud-wag	SYT9
ace-dud-wag	C3
ace-dud-wag	PCSK5
ace-dud-wag	SLC18A2
ace-dud-wag	ST6GALNAC5
ace-dud-wag	KCND3
ace-dud-wag	CNTN3
ace-dud-wag	PENK
ace-dud-wag	WDR49
ace-dud-wag	DRD1
ace-dud-wag	GALNTL6
ace-dud-wag	SPON1
ace-dud-wag	CALB1
ace-dud-wag	TSHZ1
ace-dud-wag	GLIS3
ace-dud-wag	ESRRG
ace-dud-wag	CNR1
ace-dud-wag	GRIN3A
ace-dud-wag	TAFA4
ace-dud-wag	SULF1
ace-dud-wag	SPHKAP
ace-dud-wag	LUZP2
ace-dud-wag	MORN5
ace-dud-wag	MAML2
ace-dud-wag	GFAP
ace-dud-wag	ALCAM
ace-dud-wag	HAPLN1
ace-dud-wag	THSD7A
ace-dud-wag	BACH2
ace-dud-wag	ERBB4
ace-dud-wag	RXFP1
ace-dud-wag	SLC24A2
ace-dud-wag	TRHDE
ace-dud-wag	FHIT
ace-dud-wag	ETV1
ace-dud-wag	C9H10orf90
ace-dud-wag	PDE4B
ace-dud-wag	KCTD17
ace-dud-wag	LAMP5
ace-dud-wag	TRPC4
ace-dud-wag	OSBPL3
ace-dud-wag	SEMA3C
ace-dud-wag	LHX6
ace-dud-wag	GPC6
ace-dud-wag	NTN1
ace-dud-wag	TOX
ace-dud-wag	CD96
ace-dud-wag	EYA4
ace-dud-wag	PDGFD
ace-dud-wag	CDH4
ace-dud-wag	PAX6
ace-dud-wag	MME
ace-dud-wag	HS3ST4
ace-dud-wag	PCDH17
ace-dud-wag	COL12A1
ace-dud-wag	DPYD
ace-dud-wag	BRINP3
ace-dud-wag	ELAVL2
ace-dud-wag	GBX1
ace-dud-wag	DPF3
ace-dud-wag	TESPA1
ace-dud-wag	KIRREL3
ace-dud-wag	SEMA3E
ace-dud-wag	ARHGAP24
ace-dud-wag	XYLT1
ace-dud-wag	ZEB2
ace-dud-wag	CALCRL
ace-dud-wag	FAT4
ace-dud-wag	COL24A1
ace-dud-wag	PDE1C
ace-dud-wag	NDST4
ace-dud-wag	ADAM12
ace-dud-wag	SNTG2
ace-dud-wag	PRKCA
ace-dud-wag	IL1RAPL2
ace-dud-wag	SYT10
ace-dud-wag	GDA
ace-dud-wag	UTRN
ace-dud-wag	HS6ST3
ace-dud-wag	CHRM3
ace-dud-wag	ADCY2
ace-dud-wag	SLC17A8
ace-dud-wag	HCRTR2
ace-dud-wag	PLCE1
ace-dud-wag	DOCK10
ace-dud-wag	KCNT1
ace-dud-wag	LRP2
ace-dud-wag	DCC
ace-dud-wag	TAFA1
ace-dud-wag	ITGA9
ace-dud-wag	NKAIN3
ace-dud-wag	FOLH1
ace-dud-wag	ADCYAP1
ace-dud-wag	CCDC178
ace-dud-wag	PPP1R1B
ace-dud-wag	SPRED1
ace-dud-wag	RSPO2
ace-dud-wag	CDH11
ace-dud-wag	PCDH19
ace-dud-wag	RORB
ace-dud-wag	DRD2
ace-dud-wag	TNS1
ace-dud-wag	ETNPPL
ace-dud-wag	ADGRL4
ace-dud-wag	TRPC5
ace-dud-wag	PREX2
ace-dud-wag	NRG3
ace-dud-wag	KCNJ3
ace-dud-wag	FBN2
ace-dud-wag	BNC2
ace-dud-wag	ANO1
ace-dud-wag	CHST9
ace-dud-wag	RASGRF2
ace-dud-wag	PLEC
ace-dud-wag	MPPED1
ace-dud-wag	ETV5
ace-dud-wag	GAD2
ace-dud-wag	LDLRAD3
ace-dud-wag	PCSK1N
ace-dud-wag	PTPRS
ace-dud-wag	EDIL3
ace-dud-wag	SEPTIN7
ace-dud-wag	PMFBP1
ace-dud-wag	SPARC
ace-dud-wag	CACNA1A
ace-dud-wag	KCNB2
ace-dud-wag	ASIC4
ace-dud-wag	VWDE
ace-dud-wag	OLFM3
ace-dud-wag	MEIS1
ace-dud-wag	POU6F2
ace-dud-wag	COL25A1
ace-dud-wag	FOXP2
ace-dud-wag	GULP1
ace-dud-wag	COCH
ace-dud-wag	RBMS3
ace-dud-wag	PALM2AKAP2
ace-dud-wag	SATB2
ace-dud-wag	ST6GALNAC3
ace-dud-wag	SATB1
ace-dud-wag	UNC5D
ace-dud-wag	SLC35F1
ace-dud-wag	VEGFC
ace-dud-wag	TLL1
ace-dud-wag	VIP
ace-dud-wag	ADARB2
ace-dud-wag	CHAT
ace-dud-wag	PITX2
ace-dud-wag	ANGPT1
ace-dud-wag	KIAA1217
ace-dud-wag	SH3GL2
ace-dud-wag	CPNE8
ace-dud-wag	CPNE4
ace-dud-wag	SYT2
ace-dud-wag	PAX8
ace-dud-wag	RIMBP2
ace-dud-wag	HPCA
ace-dud-wag	SH3RF3
ace-dud-wag	GLI3
ace-dud-wag	ZNF429
ace-dud-wag	PRIMA1
ace-dud-wag	CA10
ace-dud-wag	PNO1
ace-dud-wag	UNC5C
ace-dud-wag	ZNF536
ace-dud-wag	CACNA1G
ace-dud-wag	ADAMTSL1
ace-dud-wag	MOXD1
ace-dud-wag	BMP6
ace-dud-wag	RNF220
ace-dud-wag	PRKD1
ace-dud-wag	HPCAL1
ace-dud-wag	RBM20
ace-dud-wag	MYO1B
ace-dud-wag	KCNH7
ace-dud-wag	ROR1
ace-dud-wag	MAML3
ace-dud-wag	DACH2
ace-dud-wag	RSPO3
ace-dud-wag	PDE3A
ace-dud-wag	TAC3
ace-dud-wag	FIGN
ace-dud-wag	CXCL14
ace-dud-wag	PTPRZ1
ace-dud-wag	CUX2
ace-dud-wag	CALY
ace-dud-wag	LMO4
ace-dud-wag	PROX1
ace-dud-wag	GSE1
ace-dud-wag	ZMAT4
ace-dud-wag	NWD2
ace-dud-wag	FGFR2
ace-dud-wag	GRIK1
ace-dud-wag	PRKG1
ace-dud-wag	KHDRBS2
ace-dud-wag	DMD
ace-dud-wag	B3GAT2
ace-dud-wag	KCNH8
ace-dud-wag	EPYC
ace-dud-wag	STXBP6
ace-dud-wag	EBF3
ace-dud-wag	TACR1
ace-dud-wag	DSCAM
ace-dud-wag	KLHL29
ace-dud-wag	SLC17A6
ace-dud-wag	VCAN
ace-dud-wag	DPP10
ace-dud-wag	ADGRV1
ace-dud-wag	TSHZ2
ace-dud-wag	PDZRN4
ace-dud-wag	CCDC3
ace-dud-wag	PTPRM
ace-dud-wag	ADAMTS18
ace-dud-wag	WDFY4
ace-dud-wag	GLRA3
ace-dud-wag	SOX6
ace-dud-wag	BMPR1B
ace-dud-wag	COL5A2
ace-dud-wag	STAC
ace-dud-wag	ZFPM2
ace-dud-wag	PARD3B
ace-dud-wag	ARPP21
ace-dud-wag	C1QL2
ace-dud-wag	GRIK3
ace-dud-wag	EBF1
ace-dud-wag	PLXDC2
ace-dud-wag	HCN1
ace-dud-wag	GALNT18
ace-dud-wag	MEIS2
ace-dud-wag	CALB2
ace-dud-wag	CDH13
ace-dud-wag	STK32B
ace-dud-wag	MEGF10
ace-dud-wag	NR2F2
ace-dud-wag	NXPH1
ace-dud-wag	LHX8
ace-dud-wag	PLD1
ace-dud-wag	TBR1
ace-dud-wag	CYB561
ace-dud-wag	HTR2C
ace-dud-wag	ONECUT1
ace-dud-wag	IL1R1
ace-dud-wag	KCTD8
ace-dud-wag	PTGDS
ace-dud-wag	DGKG
ace-dud-wag	NCKAP5
ace-dud-wag	TMEM132C
ace-dud-wag	SORCS2
ace-dud-wag	KCNIP1
ace-dud-wag	PCSK1
ace-dud-wag	LRMDA
ace-dud-wag	SMOC2
ace-dud-wag	L3MBTL4
ace-dud-wag	MDGA1
ace-dud-wag	NPY
ace-dud-wag	PECAM1
ace-dud-wag	CLDN5
ace-dud-wag	SPAG17
ace-dud-wag	GJA5
ace-dud-wag	Blank-0
ace-dud-wag	Blank-1
ace-dud-wag	Blank-2
ace-dud-wag	Blank-3
ace-dud-wag	Blank-4
ace-dud-wag	Blank-5
ace-dud-wag	Blank-6
ace-dud-wag	Blank-7
ace-dud-wag	Blank-8
ace-dud-wag	Blank-9
ace-dud-wag	Blank-10
ace-dud-wag	Blank-11
ace-dud-wag	Blank-12
ace-dud-wag	Blank-13
ace-dud-wag	Blank-14
ace-dud-war	Meis2
ace-dud-war	Neurod6
ace-dud-war	Nr2f2
ace-dud-war	Mef2c
ace-dud-war	Nfib
ace-dud-war	Nfix
ace-dud-war	Zeb2
ace-dud-war	Tcf7l2
ace-dud-war	Id4
ace-dud-war	Zic1
ace-dud-war	Neurod2
ace-dud-war	Sox5
ace-dud-war	Tbr1
ace-dud-war	Bhlhe22
ace-dud-war	Nr2f1
ace-dud-war	Foxg1
ace-dud-war	Bcl11b
ace-dud-war	Sox2
ace-dud-war	Satb1
ace-dud-war	Pou3f3
ace-dud-war	Zic2
ace-dud-war	Nr4a3
ace-dud-war	Dlx1
ace-dud-war	Etv5
ace-dud-war	Arx
ace-dud-war	Satb2
ace-dud-war	Jun
ace-dud-war	Tox
ace-dud-war	Rxrg
ace-dud-war	Tshz2
ace-dud-war	Tfap2b
ace-dud-war	Pbx3
ace-dud-war	Nr4a2
ace-dud-war	Isl1
ace-dud-war	Tfap2d
ace-dud-war	Zfhx3
ace-dud-war	Zfp521
ace-dud-war	Foxp2
ace-dud-war	Nhlh2
ace-dud-war	Lhx2
ace-dud-war	Zhx2
ace-dud-war	Pax6
ace-dud-war	Olig1
ace-dud-war	Shox2
ace-dud-war	Lhx6
ace-dud-war	Tox3
ace-dud-war	Zfhx4
ace-dud-war	Prox1
ace-dud-war	Meis1
ace-dud-war	Gbx2
ace-dud-war	En1
ace-dud-war	Eomes
ace-dud-war	Olig2
ace-dud-war	Etv1
ace-dud-war	Fosl2
ace-dud-war	Sall3
ace-dud-war	Insm1
ace-dud-war	Sp9
ace-dud-war	Foxp4
ace-dud-war	Zfp536
ace-dud-war	Plagl1
ace-dud-war	Irx2
ace-dud-war	St18
ace-dud-war	Sox21
ace-dud-war	Tox2
ace-dud-war	Rarb
ace-dud-war	Ets1
ace-dud-war	Otx2
ace-dud-war	Sox6
ace-dud-war	Lef1
ace-dud-war	Zbtb16
ace-dud-war	Irx1
ace-dud-war	En2
ace-dud-war	Nr3c2
ace-dud-war	Sp8
ace-dud-war	Tfap2a
ace-dud-war	Bcl6
ace-dud-war	Lhx1
ace-dud-war	Nr2e1
ace-dud-war	Hoxa5
ace-dud-war	Uncx
ace-dud-war	Pax3
ace-dud-war	Gata3
ace-dud-war	Dlx2
ace-dud-war	Otp
ace-dud-war	Six3
ace-dud-war	Lhx5
ace-dud-war	Ebf2
ace-dud-war	Prdm13
ace-dud-war	Irx5
ace-dud-war	Onecut1
ace-dud-war	Msx1
ace-dud-war	Barhl1
ace-dud-war	Sox10
ace-dud-war	Sp5
ace-dud-war	Gata2
ace-dud-war	Neurog2
ace-dud-war	Tal1
ace-dud-war	Pou4f2
ace-dud-war	Nkx2-2
ace-dud-war	Tfap2c
ace-dud-war	Nkx2-1
ace-dud-war	Bnc2
ace-dud-war	Lmx1b
ace-dud-war	Ikzf1
ace-dud-war	Thrb
ace-dud-war	Foxb1
ace-dud-war	Prdm16
ace-dud-war	Sim1
ace-dud-war	Dmbx1
ace-dud-war	Onecut3
ace-dud-war	Fezf1
ace-dud-war	Glis3
ace-dud-war	Irx3
ace-dud-war	Dbx2
ace-dud-war	Pax7
ace-dud-war	Nkx2-4
ace-dud-war	Lmx1a
ace-dud-war	Hoxc4
ace-dud-war	Six6
ace-dud-war	Nhlh1
ace-dud-war	Prdm12
ace-dud-war	Pax8
ace-dud-war	Tlx3
ace-dud-war	Gbx1
ace-dud-war	Pax2
ace-dud-war	Atoh1
ace-dud-war	Mkx
ace-dud-war	Sox14
ace-dud-war	Insm2
ace-dud-war	Foxa1
ace-dud-war	Pitx2
ace-dud-war	Nr5a2
ace-dud-war	Evx2
ace-dud-war	Hmx3
ace-dud-war	Hoxc5
ace-dud-war	Nkx6-2
ace-dud-war	Runx2
ace-dud-war	Barx2
ace-dud-war	Foxd3
ace-dud-war	Hmx2
ace-dud-war	Prdm6
ace-dud-war	Hoxb6
ace-dud-war	Lhx8
ace-dud-war	Lhx3
ace-dud-war	Lhx4
ace-dud-war	Cux2
ace-dud-war	Fezf2
ace-dud-war	Mafa
ace-dud-war	Phox2b
ace-dud-war	Rax
ace-dud-war	Tbx20
ace-dud-war	Ascl1
ace-dud-war	Slc18a3
ace-dud-war	Slc6a3
ace-dud-war	Slc6a4
ace-dud-war	Slc6a5
ace-dud-war	Slc32a1
ace-dud-war	Slc17a6
ace-dud-war	Slc17a7
ace-dud-war	Slc17a8
ace-dud-war	Slc6a2
ace-dud-war	Cacng4
ace-dud-war	Gja1
ace-dud-war	Gabbr2
ace-dud-war	Sst
ace-dud-war	Nts
ace-dud-war	Grin2b
ace-dud-war	Cck
ace-dud-war	Penk
ace-dud-war	Kcnma1
ace-dud-war	Cbln2
ace-dud-war	Grik3
ace-dud-war	Adgrg1
ace-dud-war	Cnr1
ace-dud-war	Adgrl3
ace-dud-war	Cbln1
ace-dud-war	Fxyd7
ace-dud-war	Fzd1
ace-dud-war	Cxcr4
ace-dud-war	Gpr17
ace-dud-war	Nxph4
ace-dud-war	Slc24a2
ace-dud-war	Igf1
ace-dud-war	Kcnb2
ace-dud-war	Sstr2
ace-dud-war	Prokr2
ace-dud-war	Chrm3
ace-dud-war	Lpar1
ace-dud-war	Kcnj6
ace-dud-war	Kcnc4
ace-dud-war	Kcnj2
ace-dud-war	Cacng5
ace-dud-war	Htr7
ace-dud-war	Grm1
ace-dud-war	Npy1r
ace-dud-war	Kcnn2
ace-dud-war	Tacr3
ace-dud-war	Trpc4
ace-dud-war	Kcnh5
ace-dud-war	Ackr3
ace-dud-war	Adcyap1
ace-dud-war	Agt
ace-dud-war	Grik4
ace-dud-war	Grp
ace-dud-war	Kcnh1
ace-dud-war	Hcrtr2
ace-dud-war	Nxph2
ace-dud-war	Stmn3
ace-dud-war	Crmp1
ace-dud-war	Dcx
ace-dud-war	Vim
ace-dud-war	Slc1a3
ace-dud-war	Ppp1r1b
ace-dud-war	Islr2
ace-dud-war	Fn1
ace-dud-war	Prkcb
ace-dud-war	Serpine2
ace-dud-war	Olfm3
ace-dud-war	Robo2
ace-dud-war	Efnb2
ace-dud-war	Shisa6
ace-dud-war	Ntrk2
ace-dud-war	Sparc
ace-dud-war	Ephb1
ace-dud-war	Tnc
ace-dud-war	Ccnd2
ace-dud-war	Dtx1
ace-dud-war	Nrp1
ace-dud-war	Aldoc
ace-dud-war	Shtn1
ace-dud-war	Ptprn2
ace-dud-war	Vstm2l
ace-dud-war	Pla2g7
ace-dud-war	Klhl13
ace-dud-war	Fat4
ace-dud-war	Pou3f2
ace-dud-war	Fat1
ace-dud-war	Zfp462
ace-dud-war	Pcdh10
ace-dud-war	Dusp4
ace-dud-war	Sema3a
ace-dud-war	Luzp2
ace-dud-war	Calb2
ace-dud-war	H19
ace-dud-war	Cdh4
ace-dud-war	Dab1
ace-dud-war	Lmo3
ace-dud-war	Runx1t1
ace-dud-war	Mpped2
ace-dud-war	Mpped1
ace-dud-war	Hs6st2
ace-dud-war	Gng4
ace-dud-war	Gad2
ace-dud-war	Nrgn
ace-dud-war	Hs6st3
ace-dud-war	Resp18
ace-dud-war	Ptprt
ace-dud-war	Nrp2
ace-dud-war	Cldn5
ace-dud-war	Ralyl
ace-dud-war	Vat1l
ace-dud-war	Sema3c
ace-dud-war	Slc4a4
ace-dud-war	Spon1
ace-dud-war	Mdk
ace-dud-war	Ptgds
ace-dud-war	Gad1
ace-dud-war	Nrcam
ace-dud-war	Sla
ace-dud-war	Cxxc5
ace-dud-war	Dpy19l1
ace-dud-war	Sez6l
ace-dud-war	Nefm
ace-dud-war	Camk1
ace-dud-war	Pde1a
ace-dud-war	Abca1
ace-dud-war	Cachd1
ace-dud-war	Cd9
ace-dud-war	Cdh8
ace-dud-war	Pcdh11x
ace-dud-war	Aldh1l1
ace-dud-war	Igsf21
ace-dud-war	Efna5
ace-dud-war	Dkk3
ace-dud-war	Nrn1
ace-dud-war	Mki67
ace-dud-war	Pdgfra
ace-dud-war	Crym
ace-dud-war	Dach1
ace-dud-war	Clstn2
ace-dud-war	Pcdh8
ace-dud-war	Tbc1d30
ace-dud-war	Lhfpl3
ace-dud-war	Spock3
ace-dud-war	Gda
ace-dud-war	AI593442
ace-dud-war	Prmt8
ace-dud-war	Pcsk2
ace-dud-war	Nos1
ace-dud-war	Pid1
ace-dud-war	Ntng2
ace-dud-war	Thsd7a
ace-dud-war	Rgs10
ace-dud-war	Nell1
ace-dud-war	Tnr
ace-dud-war	Unc5c
ace-dud-war	Tgfb2
ace-dud-war	Rgs8
ace-dud-war	Lamc1
ace-dud-war	Cntnap4
ace-dud-war	Tspan9
ace-dud-war	Dok5
ace-dud-war	Peg10
ace-dud-war	St6galnac5
ace-dud-war	Sox2ot
ace-dud-war	Shisa9
ace-dud-war	Spats2l
ace-dud-war	Adamts3
ace-dud-war	Cdh12
ace-dud-war	Mab21l1
ace-dud-war	Unc13c
ace-dud-war	Gpc4
ace-dud-war	Sulf1
ace-dud-war	Elmo1
ace-dud-war	Brinp3
ace-dud-war	Rprm
ace-dud-war	Tspan18
ace-dud-war	Ildr2
ace-dud-war	Mlc1
ace-dud-war	Tppp3
ace-dud-war	Mir100hg
ace-dud-war	Wnt7b
ace-dud-war	Mdga1
ace-dud-war	Cpne4
ace-dud-war	B230209E15Rik
ace-dud-war	Chd7
ace-dud-war	Cadps2
ace-dud-war	Dusp6
ace-dud-war	Smoc1
ace-dud-war	Ccna2
ace-dud-war	Lifr
ace-dud-war	Tafa2
ace-dud-war	Tmem163
ace-dud-war	Arhgap29
ace-dud-war	Hist1h1d
ace-dud-war	Ntng1
ace-dud-war	Tmem164
ace-dud-war	Samd5
ace-dud-war	Lrrtm3
ace-dud-war	Dscaml1
ace-dud-war	Sfrp2
ace-dud-war	Pdzrn3
ace-dud-war	Creg2
ace-dud-war	Fam210b
ace-dud-war	Gpc3
ace-dud-war	Dock4
ace-dud-war	Plce1
ace-dud-war	Cyb561
ace-dud-war	Rftn1
ace-dud-war	Sema5a
ace-dud-war	Jam2
ace-dud-war	Kirrel3
ace-dud-war	Pcbd1
ace-dud-war	Tafa1
ace-dud-war	Egfr
ace-dud-war	Fbln2
ace-dud-war	Kcnk9
ace-dud-war	Kif11
ace-dud-war	Pmepa1
ace-dud-war	Dio2
ace-dud-war	Tmem132d
ace-dud-war	Igsf11
ace-dud-war	Sorcs3
ace-dud-war	Mcm3
ace-dud-war	Galnt17
ace-dud-war	Slc2a13
ace-dud-war	Tmem200a
ace-dud-war	Myorg
ace-dud-war	Phlda1
ace-dud-war	9130024F11Rik
ace-dud-war	Vstm2b
ace-dud-war	Fam135b
ace-dud-war	Tiam2
ace-dud-war	Palmd
ace-dud-war	Fhit
ace-dud-war	Sdk1
ace-dud-war	Ccdc80
ace-dud-war	Cntn3
ace-dud-war	Pde1c
ace-dud-war	Cdh9
ace-dud-war	Pclaf
ace-dud-war	Lhfp
ace-dud-war	Tmtc1
ace-dud-war	Lpl
ace-dud-war	Lmo1
ace-dud-war	Dgkg
ace-dud-war	Slc43a2
ace-dud-war	Fgfr1
ace-dud-war	Asb4
ace-dud-war	Nbl1
ace-dud-war	Kctd8
ace-dud-war	Iqgap2
ace-dud-war	C1qa
ace-dud-war	Zmat4
ace-dud-war	Synpr
ace-dud-war	Slco1c1
ace-dud-war	Lypd6
ace-dud-war	Dll1
ace-dud-war	Galnt14
ace-dud-war	Rgs6
ace-dud-war	Rspo3
ace-dud-war	Mlf1
ace-dud-war	Fam107a
ace-dud-war	Angpt1
ace-dud-war	Pdlim4
ace-dud-war	Sncg
ace-dud-war	Thbs1
ace-dud-war	Prss12
ace-dud-war	Inhbb
ace-dud-war	Ptchd4
ace-dud-war	Rprml
ace-dud-war	C1qc
ace-dud-war	C1ql3
ace-dud-war	Cep112
ace-dud-war	Utrn
ace-dud-war	Rai14
ace-dud-war	Col25a1
ace-dud-war	Hs3st2
ace-dud-war	Naaa
ace-dud-war	Gas2l3
ace-dud-war	Laptm5
ace-dud-war	Parm1
ace-dud-war	Met
ace-dud-war	Slit3
ace-dud-war	Col18a1
ace-dud-war	Ostf1
ace-dud-war	Thsd7b
ace-dud-war	Cenpf
ace-dud-war	Gpc6
ace-dud-war	Ptpru
ace-dud-war	Cspg4
ace-dud-war	Slitrk6
ace-dud-war	Hmmr
ace-dud-war	Mgat4c
ace-dud-war	Fibcd1
ace-dud-war	Syndig1
ace-dud-war	Sdk2
ace-dud-war	Inhba
ace-dud-war	Ung
ace-dud-war	C1ql1
ace-dud-war	Cdca3
ace-dud-war	Eya2
ace-dud-war	Prr16
ace-dud-war	Ecrg4
ace-dud-war	Adamtsl3
ace-dud-war	C230072F16Rik
ace-dud-war	Thrsp
ace-dud-war	Rxfp1
ace-dud-war	Pld5
ace-dud-war	Tshr
ace-dud-war	Dpyd
ace-dud-war	Hs3st3a1
ace-dud-war	Arhgap6
ace-dud-war	Lhx9
ace-dud-war	Frem2
ace-dud-war	Spp1
ace-dud-war	Tbx3
ace-dud-war	Il1rapl2
ace-dud-war	Slc26a4
ace-dud-war	Rerg
ace-dud-war	Vsx2
ace-dud-war	Nkx6-1
ace-dud-war	Syt6
ace-dud-war	Pde7b
ace-dud-war	C1qb
ace-dud-war	Ccn3
ace-dud-war	Ccnb1
ace-dud-war	Rassf4
ace-dud-war	Cald1
ace-dud-war	Cdc20
ace-dud-war	Pxdc1
ace-dud-war	Irs4
ace-dud-war	Nrsn2
ace-dud-war	Dhrs3
ace-dud-war	Bmp7
ace-dud-war	Cenpa
ace-dud-war	Ecel1
ace-dud-war	Cdh20
ace-dud-war	Slc29a1
ace-dud-war	Vav3
ace-dud-war	Rnf112
ace-dud-war	Adcy8
ace-dud-war	Htra1
ace-dud-war	Ndst4
ace-dud-war	Cdca2
ace-dud-war	Crb2
ace-dud-war	Abtb2
ace-dud-war	Pde5a
ace-dud-war	Ankfn1
ace-dud-war	Blank-0
ace-dud-war	Blank-1
ace-dud-war	Blank-2
ace-dud-war	Blank-3
ace-dud-war	Blank-4
ace-dud-war	Blank-5
ace-dud-war	Blank-6
ace-dud-war	Blank-7
ace-dud-war	Blank-8
ace-dud-war	Blank-9
ace-dud-war	Blank-10
ace-dud-war	Blank-11
ace-dud-war	Blank-12
ace-dud-war	Blank-13
ace-dud-war	Blank-14
ace-dud-war	Blank-15
ace-dud-war	Blank-16
ace-dud-war	Blank-17
ace-dud-war	Blank-18
ace-dud-war	Blank-19
ace-dud-war	Blank-20
ace-dud-war	Blank-21
ace-dud-war	Blank-22
ace-dud-war	Blank-23
ace-dud-war	Blank-24
ace-dud-war	Blank-25
ace-dud-war	Blank-26
ace-dud-war	Blank-27
ace-dud-war	Blank-28
ace-dud-war	Blank-29
ace-dud-war	Blank-30
ace-dud-war	Blank-31
ace-dud-war	Blank-32
ace-dud-war	Blank-33
ace-dud-war	Blank-34
ace-dud-war	Blank-35
ace-dud-war	Blank-36
ace-dud-war	Blank-37
ace-dud-war	Blank-38
ace-dud-war	Blank-39
ace-dud-war	Blank-40
ace-dud-war	Blank-41
ace-dud-war	Blank-42
ace-dud-war	Blank-43
ace-dud-war	Blank-44
ace-dud-war	Blank-45
ace-dud-war	Blank-46
ace-dud-war	Blank-47
ace-dud-war	Blank-48
ace-dud-war	Blank-49
ace-dud-was	TCF7L2
ace-dud-was	NELL1
ace-dud-was	GPC5
ace-dud-was	NRP1
ace-dud-was	TAC1
ace-dud-was	MYO16
ace-dud-was	PTPRT
ace-dud-was	IRX2
ace-dud-was	NCAM2
ace-dud-was	RNF144B
ace-dud-was	TTN
ace-dud-was	ITGA4
ace-dud-was	PDE4D
ace-dud-was	OTX2
ace-dud-was	SYNPR
ace-dud-was	RAB34
ace-dud-was	TNC
ace-dud-was	F13A1
ace-dud-was	DDX3Y
ace-dud-was	GATA3
ace-dud-was	KCNT2
ace-dud-was	B2M
ace-dud-was	CHODL
ace-dud-was	CADPS2
ace-dud-was	MCHR2
ace-dud-was	SLC17A7
ace-dud-was	SLC9B1
ace-dud-was	FBXL7
ace-dud-was	PLA2R1
ace-dud-was	SLC35F4
ace-dud-was	CALCR
ace-dud-was	PDLIM5
ace-dud-was	EPHA3
ace-dud-was	CSGALNACT1
ace-dud-was	ZFHX4
ace-dud-was	SHC3
ace-dud-was	ABO
ace-dud-was	SNTB1
ace-dud-was	SGCZ
ace-dud-was	HS3ST5
ace-dud-was	NFIB
ace-dud-was	SYT9
ace-dud-was	C3
ace-dud-was	PCSK5
ace-dud-was	SLC18A2
ace-dud-was	ST6GALNAC5
ace-dud-was	KCND3
ace-dud-was	CNTN3
ace-dud-was	PENK
ace-dud-was	WDR49
ace-dud-was	DRD1
ace-dud-was	GALNTL6
ace-dud-was	SPON1
ace-dud-was	CALB1
ace-dud-was	TSHZ1
ace-dud-was	GLIS3
ace-dud-was	ESRRG
ace-dud-was	CNR1
ace-dud-was	GRIN3A
ace-dud-was	TAFA4
ace-dud-was	SULF1
ace-dud-was	SPHKAP
ace-dud-was	LUZP2
ace-dud-was	MORN5
ace-dud-was	MAML2
ace-dud-was	GFAP
ace-dud-was	ALCAM
ace-dud-was	HAPLN1
ace-dud-was	THSD7A
ace-dud-was	BACH2
ace-dud-was	ERBB4
ace-dud-was	RXFP1
ace-dud-was	SLC24A2
ace-dud-was	TRHDE
ace-dud-was	FHIT
ace-dud-was	ETV1
ace-dud-was	C9H10orf90
ace-dud-was	PDE4B
ace-dud-was	KCTD17
ace-dud-was	LAMP5
ace-dud-was	TRPC4
ace-dud-was	OSBPL3
ace-dud-was	SEMA3C
ace-dud-was	LHX6
ace-dud-was	GPC6
ace-dud-was	NTN1
ace-dud-was	TOX
ace-dud-was	CD96
ace-dud-was	EYA4
ace-dud-was	PDGFD
ace-dud-was	CDH4
ace-dud-was	PAX6
ace-dud-was	MME
ace-dud-was	HS3ST4
ace-dud-was	PCDH17
ace-dud-was	COL12A1
ace-dud-was	DPYD
ace-dud-was	BRINP3
ace-dud-was	ELAVL2
ace-dud-was	GBX1
ace-dud-was	DPF3
ace-dud-was	TESPA1
ace-dud-was	KIRREL3
ace-dud-was	SEMA3E
ace-dud-was	ARHGAP24
ace-dud-was	XYLT1
ace-dud-was	ZEB2
ace-dud-was	CALCRL
ace-dud-was	FAT4
ace-dud-was	COL24A1
ace-dud-was	PDE1C
ace-dud-was	NDST4
ace-dud-was	ADAM12
ace-dud-was	SNTG2
ace-dud-was	PRKCA
ace-dud-was	IL1RAPL2
ace-dud-was	SYT10
ace-dud-was	GDA
ace-dud-was	UTRN
ace-dud-was	HS6ST3
ace-dud-was	CHRM3
ace-dud-was	ADCY2
ace-dud-was	SLC17A8
ace-dud-was	HCRTR2
ace-dud-was	PLCE1
ace-dud-was	DOCK10
ace-dud-was	KCNT1
ace-dud-was	LRP2
ace-dud-was	DCC
ace-dud-was	TAFA1
ace-dud-was	ITGA9
ace-dud-was	NKAIN3
ace-dud-was	FOLH1
ace-dud-was	ADCYAP1
ace-dud-was	CCDC178
ace-dud-was	PPP1R1B
ace-dud-was	SPRED1
ace-dud-was	RSPO2
ace-dud-was	CDH11
ace-dud-was	PCDH19
ace-dud-was	RORB
ace-dud-was	DRD2
ace-dud-was	TNS1
ace-dud-was	ETNPPL
ace-dud-was	ADGRL4
ace-dud-was	TRPC5
ace-dud-was	PREX2
ace-dud-was	NRG3
ace-dud-was	KCNJ3
ace-dud-was	FBN2
ace-dud-was	BNC2
ace-dud-was	ANO1
ace-dud-was	CHST9
ace-dud-was	RASGRF2
ace-dud-was	PLEC
ace-dud-was	MPPED1
ace-dud-was	ETV5
ace-dud-was	GAD2
ace-dud-was	LDLRAD3
ace-dud-was	PCSK1N
ace-dud-was	PTPRS
ace-dud-was	EDIL3
ace-dud-was	SEPTIN7
ace-dud-was	PMFBP1
ace-dud-was	SPARC
ace-dud-was	CACNA1A
ace-dud-was	KCNB2
ace-dud-was	ASIC4
ace-dud-was	VWDE
ace-dud-was	OLFM3
ace-dud-was	MEIS1
ace-dud-was	POU6F2
ace-dud-was	COL25A1
ace-dud-was	FOXP2
ace-dud-was	GULP1
ace-dud-was	COCH
ace-dud-was	RBMS3
ace-dud-was	PALM2AKAP2
ace-dud-was	SATB2
ace-dud-was	ST6GALNAC3
ace-dud-was	SATB1
ace-dud-was	UNC5D
ace-dud-was	SLC35F1
ace-dud-was	VEGFC
ace-dud-was	TLL1
ace-dud-was	VIP
ace-dud-was	ADARB2
ace-dud-was	CHAT
ace-dud-was	PITX2
ace-dud-was	ANGPT1
ace-dud-was	KIAA1217
ace-dud-was	SH3GL2
ace-dud-was	CPNE8
ace-dud-was	CPNE4
ace-dud-was	SYT2
ace-dud-was	PAX8
ace-dud-was	RIMBP2
ace-dud-was	HPCA
ace-dud-was	SH3RF3
ace-dud-was	GLI3
ace-dud-was	ZNF429
ace-dud-was	PRIMA1
ace-dud-was	CA10
ace-dud-was	PNO1
ace-dud-was	UNC5C
ace-dud-was	ZNF536
ace-dud-was	CACNA1G
ace-dud-was	ADAMTSL1
ace-dud-was	MOXD1
ace-dud-was	BMP6
ace-dud-was	RNF220
ace-dud-was	PRKD1
ace-dud-was	HPCAL1
ace-dud-was	RBM20
ace-dud-was	MYO1B
ace-dud-was	KCNH7
ace-dud-was	ROR1
ace-dud-was	MAML3
ace-dud-was	DACH2
ace-dud-was	RSPO3
ace-dud-was	PDE3A
ace-dud-was	TAC3
ace-dud-was	FIGN
ace-dud-was	CXCL14
ace-dud-was	PTPRZ1
ace-dud-was	CUX2
ace-dud-was	CALY
ace-dud-was	LMO4
ace-dud-was	PROX1
ace-dud-was	GSE1
ace-dud-was	ZMAT4
ace-dud-was	NWD2
ace-dud-was	FGFR2
ace-dud-was	GRIK1
ace-dud-was	PRKG1
ace-dud-was	KHDRBS2
ace-dud-was	DMD
ace-dud-was	B3GAT2
ace-dud-was	KCNH8
ace-dud-was	EPYC
ace-dud-was	STXBP6
ace-dud-was	EBF3
ace-dud-was	TACR1
ace-dud-was	DSCAM
ace-dud-was	KLHL29
ace-dud-was	SLC17A6
ace-dud-was	VCAN
ace-dud-was	DPP10
ace-dud-was	ADGRV1
ace-dud-was	TSHZ2
ace-dud-was	PDZRN4
ace-dud-was	CCDC3
ace-dud-was	PTPRM
ace-dud-was	ADAMTS18
ace-dud-was	WDFY4
ace-dud-was	GLRA3
ace-dud-was	SOX6
ace-dud-was	BMPR1B
ace-dud-was	COL5A2
ace-dud-was	STAC
ace-dud-was	ZFPM2
ace-dud-was	PARD3B
ace-dud-was	ARPP21
ace-dud-was	C1QL2
ace-dud-was	GRIK3
ace-dud-was	EBF1
ace-dud-was	PLXDC2
ace-dud-was	HCN1
ace-dud-was	GALNT18
ace-dud-was	MEIS2
ace-dud-was	CALB2
ace-dud-was	CDH13
ace-dud-was	STK32B
ace-dud-was	MEGF10
ace-dud-was	NR2F2
ace-dud-was	NXPH1
ace-dud-was	LHX8
ace-dud-was	PLD1
ace-dud-was	TBR1
ace-dud-was	CYB561
ace-dud-was	HTR2C
ace-dud-was	ONECUT1
ace-dud-was	IL1R1
ace-dud-was	KCTD8
ace-dud-was	PTGDS
ace-dud-was	DGKG
ace-dud-was	NCKAP5
ace-dud-was	TMEM132C
ace-dud-was	SORCS2
ace-dud-was	KCNIP1
ace-dud-was	PCSK1
ace-dud-was	LRMDA
ace-dud-was	SMOC2
ace-dud-was	L3MBTL4
ace-dud-was	MDGA1
ace-dud-was	NPY
ace-dud-was	PECAM1
ace-dud-was	CLDN5
ace-dud-was	SPAG17
ace-dud-was	GJA5
ace-dud-was	Blank-0
ace-dud-was	Blank-1
ace-dud-was	Blank-2
ace-dud-was	Blank-3
ace-dud-was	Blank-4
ace-dud-was	Blank-5
ace-dud-was	Blank-6
ace-dud-was	Blank-7
ace-dud-was	Blank-8
ace-dud-was	Blank-9
ace-dud-was	Blank-10
ace-dud-was	Blank-11
ace-dud-was	Blank-12
ace-dud-was	Blank-13
ace-dud-was	Blank-14
ace-dug-fin	Scgn
ace-dug-fin	Trpc7
ace-dug-fin	Fgf10
ace-dug-fin	Igfbp6
ace-dug-fin	Lama1
ace-dug-fin	Cldn5
ace-dug-fin	Piezo2
ace-dug-fin	Cd24a
ace-dug-fin	Glra2
ace-dug-fin	Penk
ace-dug-fin	Hspg2
ace-dug-fin	Corin
ace-dug-fin	Rspo2
ace-dug-fin	Kif11
ace-dug-fin	Cidea
ace-dug-fin	Pdyn
ace-dug-fin	Slc17a6
ace-dug-fin	Lmo1
ace-dug-fin	Foxa1
ace-dug-fin	Kcnk9
ace-dug-fin	Igfbp2
ace-dug-fin	Gpr4
ace-dug-fin	Abi3bp
ace-dug-fin	Mog
ace-dug-fin	Oprk1
ace-dug-fin	Ebf2
ace-dug-fin	Htr1b
ace-dug-fin	Blank-31
ace-dug-fin	Blank-49
ace-dug-fin	Phox2b
ace-dug-fin	Cpne8
ace-dug-fin	Ngb
ace-dug-fin	Epha4
ace-dug-fin	Ramp3
ace-dug-fin	Onecut3
ace-dug-fin	Pou3f3
ace-dug-fin	Sp8
ace-dug-fin	Dach1
ace-dug-fin	Nptx2
ace-dug-fin	Barhl2
ace-dug-fin	Hoxb3
ace-dug-fin	Bmp4
ace-dug-fin	Galnt18
ace-dug-fin	A830036E02Rik
ace-dug-fin	Fign
ace-dug-fin	Myo5b
ace-dug-fin	Nwd2
ace-dug-fin	4930509J09Rik
ace-dug-fin	Hgf
ace-dug-fin	Gm30564
ace-dug-fin	Igfbpl1
ace-dug-fin	Mkx
ace-dug-fin	Nxph2
ace-dug-fin	Dcn
ace-dug-fin	Foxa2
ace-dug-fin	Glis3
ace-dug-fin	Lypd1
ace-dug-fin	Dlk1
ace-dug-fin	2900052N01Rik
ace-dug-fin	Htr3a
ace-dug-fin	Prkcq
ace-dug-fin	Ptprm
ace-dug-fin	Chst9
ace-dug-fin	Ust
ace-dug-fin	Nkx2-4
ace-dug-fin	A630012P03Rik
ace-dug-fin	Tcf7l2
ace-dug-fin	Tafa1
ace-dug-fin	Ccbe1
ace-dug-fin	Unc13c
ace-dug-fin	Slc17a8
ace-dug-fin	Chodl
ace-dug-fin	Clic6
ace-dug-fin	Vwa5b1
ace-dug-fin	Npsr1
ace-dug-fin	Cacng3
ace-dug-fin	Col8a1
ace-dug-fin	Blank-21
ace-dug-fin	Blank-36
ace-dug-fin	Cd34
ace-dug-fin	Pax8
ace-dug-fin	Fras1
ace-dug-fin	Pcp4l1
ace-dug-fin	Meis1
ace-dug-fin	Tcerg1l
ace-dug-fin	Mdga1
ace-dug-fin	Chrm2
ace-dug-fin	Tacr1
ace-dug-fin	Lrp4
ace-dug-fin	Irx2
ace-dug-fin	Drd2
ace-dug-fin	Hs3st4
ace-dug-fin	Mpped2
ace-dug-fin	Tmem132c
ace-dug-fin	Edaradd
ace-dug-fin	Blank-13
ace-dug-fin	Blank-50
ace-dug-fin	Syt10
ace-dug-fin	Tfap2d
ace-dug-fin	Ppp1r17
ace-dug-fin	Cdh20
ace-dug-fin	Bcl11b
ace-dug-fin	Pitx2
ace-dug-fin	Chrm3
ace-dug-fin	Blank-41
ace-dug-fin	Kcnab3
ace-dug-fin	Calb1
ace-dug-fin	Stac
ace-dug-fin	Spon1
ace-dug-fin	Lhfp
ace-dug-fin	Kl
ace-dug-fin	Syndig1l
ace-dug-fin	Ntng1
ace-dug-fin	Kcns3
ace-dug-fin	Oxtr
ace-dug-fin	Pou6f2
ace-dug-fin	Emx2
ace-dug-fin	Ntn1
ace-dug-fin	Cnih3
ace-dug-fin	Fibcd1
ace-dug-fin	Bmp3
ace-dug-fin	Htr2a
ace-dug-fin	Acta2
ace-dug-fin	Ckap2l
ace-dug-fin	Mab21l2
ace-dug-fin	Ighm
ace-dug-fin	Crhbp
ace-dug-fin	Cdh9
ace-dug-fin	Blank-43
ace-dug-fin	Ccnd2
ace-dug-fin	Th
ace-dug-fin	Slc7a10
ace-dug-fin	Rab3b
ace-dug-fin	Aqp1
ace-dug-fin	Slc1a3
ace-dug-fin	Kit
ace-dug-fin	Igfbp4
ace-dug-fin	Wif1
ace-dug-fin	Sntg2
ace-dug-fin	Otp
ace-dug-fin	Angpt1
ace-dug-fin	Fbn2
ace-dug-fin	Serpine2
ace-dug-fin	Rgs4
ace-dug-fin	Frzb
ace-dug-fin	Hdc
ace-dug-fin	Slc7a11
ace-dug-fin	Grik3
ace-dug-fin	Nr2f2
ace-dug-fin	Kcnj5
ace-dug-fin	Dscaml1
ace-dug-fin	Tgfbr2
ace-dug-fin	Col27a1
ace-dug-fin	Cdh6
ace-dug-fin	Sox5
ace-dug-fin	Dock5
ace-dug-fin	Egln3
ace-dug-fin	Ror1
ace-dug-fin	Tox
ace-dug-fin	Esyt3
ace-dug-fin	Svep1
ace-dug-fin	Pde3a
ace-dug-fin	Lgr6
ace-dug-fin	Elfn1
ace-dug-fin	Tmie
ace-dug-fin	Zfpm2
ace-dug-fin	Foxo1
ace-dug-fin	Stxbp6
ace-dug-fin	Oprd1
ace-dug-fin	Vwc2
ace-dug-fin	Agt
ace-dug-fin	Nfib
ace-dug-fin	Scn5a
ace-dug-fin	Gfap
ace-dug-fin	Gja1
ace-dug-fin	Synpr
ace-dug-fin	Cgnl1
ace-dug-fin	Hmcn1
ace-dug-fin	Pdzrn3
ace-dug-fin	Sorcs3
ace-dug-fin	Col18a1
ace-dug-fin	Sv2b
ace-dug-fin	Nr2f1
ace-dug-fin	Col11a1
ace-dug-fin	Igf1
ace-dug-fin	Moxd1
ace-dug-fin	Egflam
ace-dug-fin	Rprm
ace-dug-fin	Col23a1
ace-dug-fin	Bnc2
ace-dug-fin	Lpar1
ace-dug-fin	Syndig1
ace-dug-fin	Ltbp1
ace-dug-fin	Rorb
ace-dug-fin	Adamts9
ace-dug-fin	Fbln2
ace-dug-fin	Met
ace-dug-fin	Pde11a
ace-dug-fin	Cbln2
ace-dug-fin	Zfp536
ace-dug-fin	Zfhx4
ace-dug-fin	Prom1
ace-dug-fin	Fxyd6
ace-dug-fin	St3gal1
ace-dug-fin	Sox10
ace-dug-fin	Aqp4
ace-dug-fin	Blank-1
ace-dug-fin	Blank-22
ace-dug-fin	Blank-26
ace-dug-fin	Blank-29
ace-dug-fin	Pvalb
ace-dug-fin	Lpl
ace-dug-fin	Gad2
ace-dug-fin	Ctxn3
ace-dug-fin	Rasgrp1
ace-dug-fin	Pax5
ace-dug-fin	Mcm6
ace-dug-fin	Zbtb16
ace-dug-fin	Ramp1
ace-dug-fin	Gabrq
ace-dug-fin	Dchs2
ace-dug-fin	Cdkn1a
ace-dug-fin	Blank-16
ace-dug-fin	Fli1
ace-dug-fin	Nts
ace-dug-fin	Arhgap28
ace-dug-fin	Col5a1
ace-dug-fin	Tacr3
ace-dug-fin	Crym
ace-dug-fin	Tent5a
ace-dug-fin	Gsta4
ace-dug-fin	Isl1
ace-dug-fin	Fstl5
ace-dug-fin	St6galnac5
ace-dug-fin	Osr1
ace-dug-fin	Marcksl1
ace-dug-fin	Sema5a
ace-dug-fin	Ldb2
ace-dug-fin	En1
ace-dug-fin	Hs3st2
ace-dug-fin	Slc38a1
ace-dug-fin	Medag
ace-dug-fin	Samd5
ace-dug-fin	Lncenc1
ace-dug-fin	Osbpl3
ace-dug-fin	Skor1
ace-dug-fin	Adamtsl1
ace-dug-fin	Gfra1
ace-dug-fin	Adamts2
ace-dug-fin	Gpr39
ace-dug-fin	Htr7
ace-dug-fin	Zeb2
ace-dug-fin	Nhlh2
ace-dug-fin	Lhx8
ace-dug-fin	Qpct
ace-dug-fin	Zfp521
ace-dug-fin	Blank-19
ace-dug-fin	Blank-24
ace-dug-fin	Blank-42
ace-dug-fin	Rwdd2a
ace-dug-fin	Hoxb5
ace-dug-fin	Slc6a5
ace-dug-fin	Syt17
ace-dug-fin	Gda
ace-dug-fin	Gpr88
ace-dug-fin	Syt6
ace-dug-fin	Ctss
ace-dug-fin	Spock3
ace-dug-fin	Sla
ace-dug-fin	Blank-20
ace-dug-fin	Wnt7b
ace-dug-fin	Prlr
ace-dug-fin	Zic1
ace-dug-fin	Ndst4
ace-dug-fin	Slc6a3
ace-dug-fin	Npbwr1
ace-dug-fin	Rxfp3
ace-dug-fin	Eya2
ace-dug-fin	Arhgap25
ace-dug-fin	Shisa6
ace-dug-fin	Pif1
ace-dug-fin	Tac2
ace-dug-fin	Igf2
ace-dug-fin	Lhx2
ace-dug-fin	Glra3
ace-dug-fin	Evx2
ace-dug-fin	Prkd1
ace-dug-fin	Grin2c
ace-dug-fin	Calb2
ace-dug-fin	Man1a
ace-dug-fin	Ccn4
ace-dug-fin	Slc6a4
ace-dug-fin	Cxcl14
ace-dug-fin	Cartpt
ace-dug-fin	Ptk2b
ace-dug-fin	Aqp6
ace-dug-fin	Smoc2
ace-dug-fin	Clic5
ace-dug-fin	Galnt14
ace-dug-fin	Vit
ace-dug-fin	Kazald1
ace-dug-fin	Nrp1
ace-dug-fin	Tfap2b
ace-dug-fin	Pth2r
ace-dug-fin	Ccdc3
ace-dug-fin	Nr4a2
ace-dug-fin	Creb3l1
ace-dug-fin	Npy2r
ace-dug-fin	Col24a1
ace-dug-fin	Bmpr1b
ace-dug-fin	Tal1
ace-dug-fin	Rspo1
ace-dug-fin	Fosl2
ace-dug-fin	Vegfc
ace-dug-fin	Hpgd
ace-dug-fin	Gpr83
ace-dug-fin	Eomes
ace-dug-fin	Nrn1
ace-dug-fin	Zic5
ace-dug-fin	Kcnh8
ace-dug-fin	Tbcc
ace-dug-fin	Parm1
ace-dug-fin	Necab1
ace-dug-fin	Drd5
ace-dug-fin	Npnt
ace-dug-fin	Scn7a
ace-dug-fin	Slc32a1
ace-dug-fin	Egr2
ace-dug-fin	Spin2c
ace-dug-fin	Ccn3
ace-dug-fin	Cited1
ace-dug-fin	Hoxb8
ace-dug-fin	Adamts19
ace-dug-fin	Dmrt2
ace-dug-fin	Pou3f1
ace-dug-fin	Kctd8
ace-dug-fin	Ndnf
ace-dug-fin	Arhgap15
ace-dug-fin	Cnr1
ace-dug-fin	C1ql1
ace-dug-fin	Pdgfd
ace-dug-fin	Scn4b
ace-dug-fin	Crh
ace-dug-fin	C1ql3
ace-dug-fin	Trhde
ace-dug-fin	Gli2
ace-dug-fin	Casr
ace-dug-fin	Epha3
ace-dug-fin	Zic4
ace-dug-fin	Agtr1a
ace-dug-fin	Chn2
ace-dug-fin	Wls
ace-dug-fin	Gpc3
ace-dug-fin	Slit3
ace-dug-fin	Tnnt1
ace-dug-fin	Calcr
ace-dug-fin	Ethe1
ace-dug-fin	Mmel1
ace-dug-fin	Ebf1
ace-dug-fin	Gpx3
ace-dug-fin	Pappa
ace-dug-fin	Slc17a7
ace-dug-fin	Cbln4
ace-dug-fin	Ret
ace-dug-fin	Cntn6
ace-dug-fin	Fyb
ace-dug-fin	Hs3st3b1
ace-dug-fin	Whrn
ace-dug-fin	Nxph4
ace-dug-fin	Sox2
ace-dug-fin	Abcc9
ace-dug-fin	Prok2
ace-dug-fin	Pde1a
ace-dug-fin	Gata3
ace-dug-fin	Kitl
ace-dug-fin	Tnc
ace-dug-fin	Car4
ace-dug-fin	Mecom
ace-dug-fin	Maf
ace-dug-fin	Tshz2
ace-dug-fin	Vcan
ace-dug-fin	Tox3
ace-dug-fin	Nfix
ace-dug-fin	Gli3
ace-dug-fin	Pax6
ace-dug-fin	Caln1
ace-dug-fin	Rbp4
ace-dug-fin	Serpinb8
ace-dug-fin	Lypd6
ace-dug-fin	Shroom3
ace-dug-fin	Hopx
ace-dug-fin	Arhgap36
ace-dug-fin	Otx2
ace-dug-fin	Bcl11a
ace-dug-fin	Kcnmb2
ace-dug-fin	Tbx3
ace-dug-fin	Apela
ace-dug-fin	Ung
ace-dug-fin	Pou4f1
ace-dug-fin	Adra1b
ace-dug-fin	Lsp1
ace-dug-fin	Sulf2
ace-dug-fin	St18
ace-dug-fin	Reln
ace-dug-fin	Ecel1
ace-dug-fin	9330158H04Rik
ace-dug-fin	Sv2c
ace-dug-fin	Shox2
ace-dug-fin	Mrpl16
ace-dug-fin	Cd36
ace-dug-fin	Ebf3
ace-dug-fin	Cbln1
ace-dug-fin	Ttc6
ace-dug-fin	Dio3
ace-dug-fin	Tmem215
ace-dug-fin	Baiap3
ace-dug-fin	Rgs6
ace-dug-fin	Prrxl1
ace-dug-fin	Kcnj8
ace-dug-fin	Sox6
ace-dug-fin	Ankfn1
ace-dug-fin	Tafa2
ace-dug-fin	Adgrv1
ace-dug-fin	Pnoc
ace-dug-fin	Adgrf5
ace-dug-fin	Drd3
ace-dug-fin	Gal
ace-dug-fin	Blank-2
ace-dug-fin	Blank-7
ace-dug-fin	Blank-23
ace-dug-fin	Blank-27
ace-dug-fin	Blank-30
ace-dug-fin	Blank-32
ace-dug-fin	Blank-37
ace-dug-fin	Blank-39
ace-dug-fin	Blank-44
ace-dug-fin	Blank-46
ace-dug-fin	Blank-48
ace-dug-fin	Dbh
ace-dug-fin	Grm3
ace-dug-fin	Lhx1
ace-dug-fin	Vip
ace-dug-fin	Popdc3
ace-dug-fin	Adcy2
ace-dug-fin	Cd247
ace-dug-fin	Nr4a3
ace-dug-fin	Pax7
ace-dug-fin	Sema3c
ace-dug-fin	Slc30a3
ace-dug-fin	Calcb
ace-dug-fin	Trhr
ace-dug-fin	Grm1
ace-dug-fin	Cftr
ace-dug-fin	Ttc29
ace-dug-fin	Il31ra
ace-dug-fin	Lamp5
ace-dug-fin	Gpr101
ace-dug-fin	Gpr149
ace-dug-fin	Dsg2
ace-dug-fin	Nxph1
ace-dug-fin	Hcrtr2
ace-dug-fin	Adcyap1
ace-dug-fin	Galr1
ace-dug-fin	Tll1
ace-dug-fin	Irs4
ace-dug-fin	Megf11
ace-dug-fin	Lancl3
ace-dug-fin	Chat
ace-dug-fin	Foxb1
ace-dug-fin	Sema3e
ace-dug-fin	Kcng2
ace-dug-fin	Rxfp1
ace-dug-fin	Mctp2
ace-dug-fin	Lhfpl5
ace-dug-fin	Gpr139
ace-dug-fin	Tafa4
ace-dug-fin	Sp9
ace-dug-fin	Qrfpr
ace-dug-fin	Cntnap3
ace-dug-fin	Plpp4
ace-dug-fin	Slc5a7
ace-dug-fin	Grem1
ace-dug-fin	Klk6
ace-dug-fin	Kcng1
ace-dug-fin	Igsf1
ace-dug-fin	Grm8
ace-dug-fin	Egfem1
ace-dug-fin	Syt2
ace-dug-fin	Klhl14
ace-dug-fin	Barhl1
ace-dug-fin	Dmbx1
ace-dug-fin	C230014O12Rik
ace-dug-fin	Ddc
ace-dug-fin	Nos1
ace-dug-fin	Dgkk
ace-dug-fin	Adra1a
ace-dug-fin	Prkg2
ace-dug-fin	Lmo3
ace-dug-fin	Unc5d
ace-dug-fin	Vsx2
ace-dug-fin	Slit2
ace-dug-fin	Ptger3
ace-dug-fin	Grp
ace-dug-fin	Onecut2
ace-dug-fin	Nkx2-1
ace-dug-fin	B230323A14Rik
ace-dug-fin	Pparg
ace-dug-fin	Cyp26b1
ace-dug-fin	C030029H02Rik
ace-dug-fin	Drd1
ace-dug-fin	Grik1
ace-dug-fin	Blank-3
ace-dug-fin	Blank-5
ace-dug-fin	Blank-6
ace-dug-fin	Blank-8
ace-dug-fin	Blank-9
ace-dug-fin	Blank-12
ace-dug-fin	Blank-14
ace-dug-fin	Blank-17
ace-dug-fin	Blank-18
ace-dug-fin	Blank-25
ace-dug-fin	Blank-33
ace-dug-fin	Blank-34
ace-dug-fin	Blank-35
ace-dug-fin	Blank-40
ace-dug-fin	Blank-47
ace-dug-fin	Npas1
ace-dug-fin	Cpa6
ace-dug-fin	Otof
ace-dug-fin	Opalin
ace-dug-fin	Htr1d
ace-dug-fin	Kcnip1
ace-dug-fin	G630016G05Rik
ace-dug-fin	Rmst
ace-dug-fin	Blank-4
ace-dug-fin	Blank-15
ace-dug-fin	Blank-38
ace-dug-fin	Fam163a
ace-dug-fin	Grpr
ace-dug-fin	Vwc2l
ace-dug-fin	Sox14
ace-dug-fin	Chrnb3
ace-dug-fin	Six3
ace-dug-fin	D130079A08Rik
ace-dug-fin	D130009I18Rik
ace-dug-fin	Blank-10
ace-dug-fin	Blank-11
ace-dug-fin	Blank-28
ace-dug-fin	Lhx9
ace-dug-fin	Blank-45
ace-ear-dub	2900052N01Rik
ace-ear-dub	4930509J09Rik
ace-ear-dub	9330158H04Rik
ace-ear-dub	A630012P03Rik
ace-ear-dub	A830036E02Rik
ace-ear-dub	Abcc9
ace-ear-dub	Abi3bp
ace-ear-dub	Acta2
ace-ear-dub	Adamts19
ace-ear-dub	Adamts2
ace-ear-dub	Adamts9
ace-ear-dub	Adamtsl1
ace-ear-dub	Adcy2
ace-ear-dub	Adcyap1
ace-ear-dub	Adgrf5
ace-ear-dub	Adgrv1
ace-ear-dub	Adra1a
ace-ear-dub	Adra1b
ace-ear-dub	Agt
ace-ear-dub	Agtr1a
ace-ear-dub	Angpt1
ace-ear-dub	Ankfn1
ace-ear-dub	Apela
ace-ear-dub	Aqp1
ace-ear-dub	Aqp4
ace-ear-dub	Aqp6
ace-ear-dub	Arhgap15
ace-ear-dub	Arhgap25
ace-ear-dub	Arhgap28
ace-ear-dub	Arhgap36
ace-ear-dub	B230323A14Rik
ace-ear-dub	Baiap3
ace-ear-dub	Barhl1
ace-ear-dub	Barhl2
ace-ear-dub	Bcl11a
ace-ear-dub	Bcl11b
ace-ear-dub	Blank-1
ace-ear-dub	Blank-10
ace-ear-dub	Blank-11
ace-ear-dub	Blank-12
ace-ear-dub	Blank-13
ace-ear-dub	Blank-14
ace-ear-dub	Blank-15
ace-ear-dub	Blank-16
ace-ear-dub	Blank-17
ace-ear-dub	Blank-18
ace-ear-dub	Blank-19
ace-ear-dub	Blank-2
ace-ear-dub	Blank-20
ace-ear-dub	Blank-21
ace-ear-dub	Blank-22
ace-ear-dub	Blank-23
ace-ear-dub	Blank-24
ace-ear-dub	Blank-25
ace-ear-dub	Blank-26
ace-ear-dub	Blank-27
ace-ear-dub	Blank-28
ace-ear-dub	Blank-29
ace-ear-dub	Blank-3
ace-ear-dub	Blank-30
ace-ear-dub	Blank-31
ace-ear-dub	Blank-32
ace-ear-dub	Blank-33
ace-ear-dub	Blank-34
ace-ear-dub	Blank-35
ace-ear-dub	Blank-36
ace-ear-dub	Blank-37
ace-ear-dub	Blank-38
ace-ear-dub	Blank-39
ace-ear-dub	Blank-4
ace-ear-dub	Blank-40
ace-ear-dub	Blank-41
ace-ear-dub	Blank-42
ace-ear-dub	Blank-43
ace-ear-dub	Blank-44
ace-ear-dub	Blank-45
ace-ear-dub	Blank-46
ace-ear-dub	Blank-47
ace-ear-dub	Blank-48
ace-ear-dub	Blank-49
ace-ear-dub	Blank-5
ace-ear-dub	Blank-50
ace-ear-dub	Blank-6
ace-ear-dub	Blank-7
ace-ear-dub	Blank-8
ace-ear-dub	Blank-9
ace-ear-dub	Bmp3
ace-ear-dub	Bmp4
ace-ear-dub	Bmpr1b
ace-ear-dub	Bnc2
ace-ear-dub	C030029H02Rik
ace-ear-dub	C1ql1
ace-ear-dub	C1ql3
ace-ear-dub	C230014O12Rik
ace-ear-dub	Cacng3
ace-ear-dub	Calb1
ace-ear-dub	Calb2
ace-ear-dub	Calcb
ace-ear-dub	Calcr
ace-ear-dub	Caln1
ace-ear-dub	Car4
ace-ear-dub	Cartpt
ace-ear-dub	Casr
ace-ear-dub	Cbln1
ace-ear-dub	Cbln2
ace-ear-dub	Cbln4
ace-ear-dub	Ccbe1
ace-ear-dub	Ccdc3
ace-ear-dub	Ccn3
ace-ear-dub	Ccn4
ace-ear-dub	Ccnd2
ace-ear-dub	Cd247
ace-ear-dub	Cd24a
ace-ear-dub	Cd34
ace-ear-dub	Cd36
ace-ear-dub	Cdh20
ace-ear-dub	Cdh6
ace-ear-dub	Cdh9
ace-ear-dub	Cdkn1a
ace-ear-dub	Cftr
ace-ear-dub	Cgnl1
ace-ear-dub	Chat
ace-ear-dub	Chn2
ace-ear-dub	Chodl
ace-ear-dub	Chrm2
ace-ear-dub	Chrm3
ace-ear-dub	Chrnb3
ace-ear-dub	Chst9
ace-ear-dub	Cidea
ace-ear-dub	Cited1
ace-ear-dub	Ckap2l
ace-ear-dub	Cldn5
ace-ear-dub	Clic5
ace-ear-dub	Clic6
ace-ear-dub	Cnih3
ace-ear-dub	Cnr1
ace-ear-dub	Cntn6
ace-ear-dub	Cntnap3
ace-ear-dub	Col11a1
ace-ear-dub	Col18a1
ace-ear-dub	Col23a1
ace-ear-dub	Col24a1
ace-ear-dub	Col27a1
ace-ear-dub	Col5a1
ace-ear-dub	Col8a1
ace-ear-dub	Corin
ace-ear-dub	Cpa6
ace-ear-dub	Cpne8
ace-ear-dub	Creb3l1
ace-ear-dub	Crh
ace-ear-dub	Crhbp
ace-ear-dub	Crym
ace-ear-dub	Ctss
ace-ear-dub	Ctxn3
ace-ear-dub	Cxcl14
ace-ear-dub	Cyp26b1
ace-ear-dub	D130009I18Rik
ace-ear-dub	D130079A08Rik
ace-ear-dub	Dach1
ace-ear-dub	Dbh
ace-ear-dub	Dchs2
ace-ear-dub	Dcn
ace-ear-dub	Ddc
ace-ear-dub	Dgkk
ace-ear-dub	Dio3
ace-ear-dub	Dlk1
ace-ear-dub	Dmbx1
ace-ear-dub	Dmrt2
ace-ear-dub	Dock5
ace-ear-dub	Drd1
ace-ear-dub	Drd2
ace-ear-dub	Drd3
ace-ear-dub	Drd5
ace-ear-dub	Dscaml1
ace-ear-dub	Dsg2
ace-ear-dub	Ebf1
ace-ear-dub	Ebf2
ace-ear-dub	Ebf3
ace-ear-dub	Ecel1
ace-ear-dub	Edaradd
ace-ear-dub	Egfem1
ace-ear-dub	Egflam
ace-ear-dub	Egln3
ace-ear-dub	Egr2
ace-ear-dub	Elfn1
ace-ear-dub	Emx2
ace-ear-dub	En1
ace-ear-dub	Eomes
ace-ear-dub	Epha3
ace-ear-dub	Epha4
ace-ear-dub	Esyt3
ace-ear-dub	Ethe1
ace-ear-dub	Evx2
ace-ear-dub	Eya2
ace-ear-dub	Fam163a
ace-ear-dub	Fbln2
ace-ear-dub	Fbn2
ace-ear-dub	Fgf10
ace-ear-dub	Fibcd1
ace-ear-dub	Fign
ace-ear-dub	Fli1
ace-ear-dub	Fosl2
ace-ear-dub	Foxa1
ace-ear-dub	Foxa2
ace-ear-dub	Foxb1
ace-ear-dub	Foxo1
ace-ear-dub	Fras1
ace-ear-dub	Frzb
ace-ear-dub	Fstl5
ace-ear-dub	Fxyd6
ace-ear-dub	Fyb
ace-ear-dub	G630016G05Rik
ace-ear-dub	Gabrq
ace-ear-dub	Gad2
ace-ear-dub	Gal
ace-ear-dub	Galnt14
ace-ear-dub	Galnt18
ace-ear-dub	Galr1
ace-ear-dub	Gata3
ace-ear-dub	Gda
ace-ear-dub	Gfap
ace-ear-dub	Gfra1
ace-ear-dub	Gja1
ace-ear-dub	Gli2
ace-ear-dub	Gli3
ace-ear-dub	Glis3
ace-ear-dub	Glra2
ace-ear-dub	Glra3
ace-ear-dub	Gm30564
ace-ear-dub	Gpc3
ace-ear-dub	Gpr101
ace-ear-dub	Gpr139
ace-ear-dub	Gpr149
ace-ear-dub	Gpr39
ace-ear-dub	Gpr4
ace-ear-dub	Gpr83
ace-ear-dub	Gpr88
ace-ear-dub	Gpx3
ace-ear-dub	Grem1
ace-ear-dub	Grik1
ace-ear-dub	Grik3
ace-ear-dub	Grin2c
ace-ear-dub	Grm1
ace-ear-dub	Grm3
ace-ear-dub	Grm8
ace-ear-dub	Grp
ace-ear-dub	Grpr
ace-ear-dub	Gsta4
ace-ear-dub	Hcrtr2
ace-ear-dub	Hdc
ace-ear-dub	Hgf
ace-ear-dub	Hmcn1
ace-ear-dub	Hopx
ace-ear-dub	Hoxb3
ace-ear-dub	Hoxb5
ace-ear-dub	Hoxb8
ace-ear-dub	Hpgd
ace-ear-dub	Hs3st2
ace-ear-dub	Hs3st3b1
ace-ear-dub	Hs3st4
ace-ear-dub	Hspg2
ace-ear-dub	Htr1b
ace-ear-dub	Htr1d
ace-ear-dub	Htr2a
ace-ear-dub	Htr3a
ace-ear-dub	Htr7
ace-ear-dub	Igf1
ace-ear-dub	Igf2
ace-ear-dub	Igfbp2
ace-ear-dub	Igfbp4
ace-ear-dub	Igfbp6
ace-ear-dub	Igfbpl1
ace-ear-dub	Ighm
ace-ear-dub	Igsf1
ace-ear-dub	Il31ra
ace-ear-dub	Irs4
ace-ear-dub	Irx2
ace-ear-dub	Isl1
ace-ear-dub	Kazald1
ace-ear-dub	Kcnab3
ace-ear-dub	Kcng1
ace-ear-dub	Kcng2
ace-ear-dub	Kcnh8
ace-ear-dub	Kcnip1
ace-ear-dub	Kcnj5
ace-ear-dub	Kcnj8
ace-ear-dub	Kcnk9
ace-ear-dub	Kcnmb2
ace-ear-dub	Kcns3
ace-ear-dub	Kctd8
ace-ear-dub	Kif11
ace-ear-dub	Kit
ace-ear-dub	Kitl
ace-ear-dub	Kl
ace-ear-dub	Klhl14
ace-ear-dub	Klk6
ace-ear-dub	Lama1
ace-ear-dub	Lamp5
ace-ear-dub	Lancl3
ace-ear-dub	Ldb2
ace-ear-dub	Lgr6
ace-ear-dub	Lhfp
ace-ear-dub	Lhfpl5
ace-ear-dub	Lhx1
ace-ear-dub	Lhx2
ace-ear-dub	Lhx8
ace-ear-dub	Lhx9
ace-ear-dub	Lmo1
ace-ear-dub	Lmo3
ace-ear-dub	Lncenc1
ace-ear-dub	Lpar1
ace-ear-dub	Lpl
ace-ear-dub	Lrp4
ace-ear-dub	Lsp1
ace-ear-dub	Ltbp1
ace-ear-dub	Lypd1
ace-ear-dub	Lypd6
ace-ear-dub	Mab21l2
ace-ear-dub	Maf
ace-ear-dub	Man1a
ace-ear-dub	Marcksl1
ace-ear-dub	Mcm6
ace-ear-dub	Mctp2
ace-ear-dub	Mdga1
ace-ear-dub	Mecom
ace-ear-dub	Medag
ace-ear-dub	Megf11
ace-ear-dub	Meis1
ace-ear-dub	Met
ace-ear-dub	Mkx
ace-ear-dub	Mmel1
ace-ear-dub	Mog
ace-ear-dub	Moxd1
ace-ear-dub	Mpped2
ace-ear-dub	Mrpl16
ace-ear-dub	Myo5b
ace-ear-dub	Ndnf
ace-ear-dub	Ndst4
ace-ear-dub	Necab1
ace-ear-dub	Nfib
ace-ear-dub	Nfix
ace-ear-dub	Ngb
ace-ear-dub	Nhlh2
ace-ear-dub	Nkx2-1
ace-ear-dub	Nkx2-4
ace-ear-dub	Nos1
ace-ear-dub	Npas1
ace-ear-dub	Npbwr1
ace-ear-dub	Npnt
ace-ear-dub	Npsr1
ace-ear-dub	Nptx2
ace-ear-dub	Npy2r
ace-ear-dub	Nr2f1
ace-ear-dub	Nr2f2
ace-ear-dub	Nr4a2
ace-ear-dub	Nr4a3
ace-ear-dub	Nrn1
ace-ear-dub	Nrp1
ace-ear-dub	Ntn1
ace-ear-dub	Ntng1
ace-ear-dub	Nts
ace-ear-dub	Nwd2
ace-ear-dub	Nxph1
ace-ear-dub	Nxph2
ace-ear-dub	Nxph4
ace-ear-dub	Onecut2
ace-ear-dub	Onecut3
ace-ear-dub	Opalin
ace-ear-dub	Oprd1
ace-ear-dub	Oprk1
ace-ear-dub	Osbpl3
ace-ear-dub	Osr1
ace-ear-dub	Otof
ace-ear-dub	Otp
ace-ear-dub	Otx2
ace-ear-dub	Oxtr
ace-ear-dub	Pappa
ace-ear-dub	Parm1
ace-ear-dub	Pax5
ace-ear-dub	Pax6
ace-ear-dub	Pax7
ace-ear-dub	Pax8
ace-ear-dub	Pcp4l1
ace-ear-dub	Pde11a
ace-ear-dub	Pde1a
ace-ear-dub	Pde3a
ace-ear-dub	Pdgfd
ace-ear-dub	Pdyn
ace-ear-dub	Pdzrn3
ace-ear-dub	Penk
ace-ear-dub	Phox2b
ace-ear-dub	Piezo2
ace-ear-dub	Pif1
ace-ear-dub	Pitx2
ace-ear-dub	Plpp4
ace-ear-dub	Pnoc
ace-ear-dub	Popdc3
ace-ear-dub	Pou3f1
ace-ear-dub	Pou3f3
ace-ear-dub	Pou4f1
ace-ear-dub	Pou6f2
ace-ear-dub	Pparg
ace-ear-dub	Ppp1r17
ace-ear-dub	Prkcq
ace-ear-dub	Prkd1
ace-ear-dub	Prkg2
ace-ear-dub	Prlr
ace-ear-dub	Prok2
ace-ear-dub	Prom1
ace-ear-dub	Prrxl1
ace-ear-dub	Ptger3
ace-ear-dub	Pth2r
ace-ear-dub	Ptk2b
ace-ear-dub	Ptprm
ace-ear-dub	Pvalb
ace-ear-dub	Qpct
ace-ear-dub	Qrfpr
ace-ear-dub	Rab3b
ace-ear-dub	Ramp1
ace-ear-dub	Ramp3
ace-ear-dub	Rasgrp1
ace-ear-dub	Rbp4
ace-ear-dub	Reln
ace-ear-dub	Ret
ace-ear-dub	Rgs4
ace-ear-dub	Rgs6
ace-ear-dub	Rmst
ace-ear-dub	Ror1
ace-ear-dub	Rorb
ace-ear-dub	Rprm
ace-ear-dub	Rspo1
ace-ear-dub	Rspo2
ace-ear-dub	Rwdd2a
ace-ear-dub	Rxfp1
ace-ear-dub	Rxfp3
ace-ear-dub	Samd5
ace-ear-dub	Scgn
ace-ear-dub	Scn4b
ace-ear-dub	Scn5a
ace-ear-dub	Scn7a
ace-ear-dub	Sema3c
ace-ear-dub	Sema3e
ace-ear-dub	Sema5a
ace-ear-dub	Serpinb8
ace-ear-dub	Serpine2
ace-ear-dub	Shisa6
ace-ear-dub	Shox2
ace-ear-dub	Shroom3
ace-ear-dub	Six3
ace-ear-dub	Skor1
ace-ear-dub	Sla
ace-ear-dub	Slc17a6
ace-ear-dub	Slc17a7
ace-ear-dub	Slc17a8
ace-ear-dub	Slc1a3
ace-ear-dub	Slc30a3
ace-ear-dub	Slc32a1
ace-ear-dub	Slc38a1
ace-ear-dub	Slc5a7
ace-ear-dub	Slc6a3
ace-ear-dub	Slc6a4
ace-ear-dub	Slc6a5
ace-ear-dub	Slc7a10
ace-ear-dub	Slc7a11
ace-ear-dub	Slit2
ace-ear-dub	Slit3
ace-ear-dub	Smoc2
ace-ear-dub	Sntg2
ace-ear-dub	Sorcs3
ace-ear-dub	Sox10
ace-ear-dub	Sox14
ace-ear-dub	Sox2
ace-ear-dub	Sox5
ace-ear-dub	Sox6
ace-ear-dub	Sp8
ace-ear-dub	Sp9
ace-ear-dub	Spin2c
ace-ear-dub	Spock3
ace-ear-dub	Spon1
ace-ear-dub	St18
ace-ear-dub	St3gal1
ace-ear-dub	St6galnac5
ace-ear-dub	Stac
ace-ear-dub	Stxbp6
ace-ear-dub	Sulf2
ace-ear-dub	Sv2b
ace-ear-dub	Sv2c
ace-ear-dub	Svep1
ace-ear-dub	Syndig1
ace-ear-dub	Syndig1l
ace-ear-dub	Synpr
ace-ear-dub	Syt10
ace-ear-dub	Syt17
ace-ear-dub	Syt2
ace-ear-dub	Syt6
ace-ear-dub	Tac2
ace-ear-dub	Tacr1
ace-ear-dub	Tacr3
ace-ear-dub	Tafa1
ace-ear-dub	Tafa2
ace-ear-dub	Tafa4
ace-ear-dub	Tal1
ace-ear-dub	Tbcc
ace-ear-dub	Tbx3
ace-ear-dub	Tcerg1l
ace-ear-dub	Tcf7l2
ace-ear-dub	Tent5a
ace-ear-dub	Tfap2b
ace-ear-dub	Tfap2d
ace-ear-dub	Tgfbr2
ace-ear-dub	Th
ace-ear-dub	Tll1
ace-ear-dub	Tmem132c
ace-ear-dub	Tmem215
ace-ear-dub	Tmie
ace-ear-dub	Tnc
ace-ear-dub	Tnnt1
ace-ear-dub	Tox
ace-ear-dub	Tox3
ace-ear-dub	Trhde
ace-ear-dub	Trhr
ace-ear-dub	Trpc7
ace-ear-dub	Tshz2
ace-ear-dub	Ttc29
ace-ear-dub	Ttc6
ace-ear-dub	Unc13c
ace-ear-dub	Unc5d
ace-ear-dub	Ung
ace-ear-dub	Ust
ace-ear-dub	Vcan
ace-ear-dub	Vegfc
ace-ear-dub	Vip
ace-ear-dub	Vit
ace-ear-dub	Vsx2
ace-ear-dub	Vwa5b1
ace-ear-dub	Vwc2
ace-ear-dub	Vwc2l
ace-ear-dub	Whrn
ace-ear-dub	Wif1
ace-ear-dub	Wls
ace-ear-dub	Wnt7b
ace-ear-dub	Zbtb16
ace-ear-dub	Zeb2
ace-ear-dub	Zfhx4
ace-ear-dub	Zfp521
ace-ear-dub	Zfp536
ace-ear-dub	Zfpm2
ace-ear-dub	Zic1
ace-ear-dub	Zic4
ace-ear-dub	Zic5
ace-ear-dud	2900052N01Rik
ace-ear-dud	4930509J09Rik
ace-ear-dud	9330158H04Rik
ace-ear-dud	A630012P03Rik
ace-ear-dud	A830036E02Rik
ace-ear-dud	Abcc9
ace-ear-dud	Abi3bp
ace-ear-dud	Acta2
ace-ear-dud	Adamts19
ace-ear-dud	Adamts2
ace-ear-dud	Adamts9
ace-ear-dud	Adamtsl1
ace-ear-dud	Adcy2
ace-ear-dud	Adcyap1
ace-ear-dud	Adgrf5
ace-ear-dud	Adgrv1
ace-ear-dud	Adra1a
ace-ear-dud	Adra1b
ace-ear-dud	Agt
ace-ear-dud	Agtr1a
ace-ear-dud	Angpt1
ace-ear-dud	Ankfn1
ace-ear-dud	Apela
ace-ear-dud	Aqp1
ace-ear-dud	Aqp4
ace-ear-dud	Aqp6
ace-ear-dud	Arhgap15
ace-ear-dud	Arhgap25
ace-ear-dud	Arhgap28
ace-ear-dud	Arhgap36
ace-ear-dud	B230323A14Rik
ace-ear-dud	Baiap3
ace-ear-dud	Barhl1
ace-ear-dud	Barhl2
ace-ear-dud	Bcl11a
ace-ear-dud	Bcl11b
ace-ear-dud	Blank-1
ace-ear-dud	Blank-10
ace-ear-dud	Blank-11
ace-ear-dud	Blank-12
ace-ear-dud	Blank-13
ace-ear-dud	Blank-14
ace-ear-dud	Blank-15
ace-ear-dud	Blank-16
ace-ear-dud	Blank-17
ace-ear-dud	Blank-18
ace-ear-dud	Blank-19
ace-ear-dud	Blank-2
ace-ear-dud	Blank-20
ace-ear-dud	Blank-21
ace-ear-dud	Blank-22
ace-ear-dud	Blank-23
ace-ear-dud	Blank-24
ace-ear-dud	Blank-25
ace-ear-dud	Blank-26
ace-ear-dud	Blank-27
ace-ear-dud	Blank-28
ace-ear-dud	Blank-29
ace-ear-dud	Blank-3
ace-ear-dud	Blank-30
ace-ear-dud	Blank-31
ace-ear-dud	Blank-32
ace-ear-dud	Blank-33
ace-ear-dud	Blank-34
ace-ear-dud	Blank-35
ace-ear-dud	Blank-36
ace-ear-dud	Blank-37
ace-ear-dud	Blank-38
ace-ear-dud	Blank-39
ace-ear-dud	Blank-4
ace-ear-dud	Blank-40
ace-ear-dud	Blank-41
ace-ear-dud	Blank-42
ace-ear-dud	Blank-43
ace-ear-dud	Blank-44
ace-ear-dud	Blank-45
ace-ear-dud	Blank-46
ace-ear-dud	Blank-47
ace-ear-dud	Blank-48
ace-ear-dud	Blank-49
ace-ear-dud	Blank-5
ace-ear-dud	Blank-50
ace-ear-dud	Blank-6
ace-ear-dud	Blank-7
ace-ear-dud	Blank-8
ace-ear-dud	Blank-9
ace-ear-dud	Bmp3
ace-ear-dud	Bmp4
ace-ear-dud	Bmpr1b
ace-ear-dud	Bnc2
ace-ear-dud	C030029H02Rik
ace-ear-dud	C1ql1
ace-ear-dud	C1ql3
ace-ear-dud	C230014O12Rik
ace-ear-dud	Cacng3
ace-ear-dud	Calb1
ace-ear-dud	Calb2
ace-ear-dud	Calcb
ace-ear-dud	Calcr
ace-ear-dud	Caln1
ace-ear-dud	Car4
ace-ear-dud	Cartpt
ace-ear-dud	Casr
ace-ear-dud	Cbln1
ace-ear-dud	Cbln2
ace-ear-dud	Cbln4
ace-ear-dud	Ccbe1
ace-ear-dud	Ccdc3
ace-ear-dud	Ccn3
ace-ear-dud	Ccn4
ace-ear-dud	Ccnd2
ace-ear-dud	Cd247
ace-ear-dud	Cd24a
ace-ear-dud	Cd34
ace-ear-dud	Cd36
ace-ear-dud	Cdh20
ace-ear-dud	Cdh6
ace-ear-dud	Cdh9
ace-ear-dud	Cdkn1a
ace-ear-dud	Cftr
ace-ear-dud	Cgnl1
ace-ear-dud	Chat
ace-ear-dud	Chn2
ace-ear-dud	Chodl
ace-ear-dud	Chrm2
ace-ear-dud	Chrm3
ace-ear-dud	Chrnb3
ace-ear-dud	Chst9
ace-ear-dud	Cidea
ace-ear-dud	Cited1
ace-ear-dud	Ckap2l
ace-ear-dud	Cldn5
ace-ear-dud	Clic5
ace-ear-dud	Clic6
ace-ear-dud	Cnih3
ace-ear-dud	Cnr1
ace-ear-dud	Cntn6
ace-ear-dud	Cntnap3
ace-ear-dud	Col11a1
ace-ear-dud	Col18a1
ace-ear-dud	Col23a1
ace-ear-dud	Col24a1
ace-ear-dud	Col27a1
ace-ear-dud	Col5a1
ace-ear-dud	Col8a1
ace-ear-dud	Corin
ace-ear-dud	Cpa6
ace-ear-dud	Cpne8
ace-ear-dud	Creb3l1
ace-ear-dud	Crh
ace-ear-dud	Crhbp
ace-ear-dud	Crym
ace-ear-dud	Ctss
ace-ear-dud	Ctxn3
ace-ear-dud	Cxcl14
ace-ear-dud	Cyp26b1
ace-ear-dud	D130009I18Rik
ace-ear-dud	D130079A08Rik
ace-ear-dud	Dach1
ace-ear-dud	Dbh
ace-ear-dud	Dchs2
ace-ear-dud	Dcn
ace-ear-dud	Ddc
ace-ear-dud	Dgkk
ace-ear-dud	Dio3
ace-ear-dud	Dlk1
ace-ear-dud	Dmbx1
ace-ear-dud	Dmrt2
ace-ear-dud	Dock5
ace-ear-dud	Drd1
ace-ear-dud	Drd2
ace-ear-dud	Drd3
ace-ear-dud	Drd5
ace-ear-dud	Dscaml1
ace-ear-dud	Dsg2
ace-ear-dud	Ebf1
ace-ear-dud	Ebf2
ace-ear-dud	Ebf3
ace-ear-dud	Ecel1
ace-ear-dud	Edaradd
ace-ear-dud	Egfem1
ace-ear-dud	Egflam
ace-ear-dud	Egln3
ace-ear-dud	Egr2
ace-ear-dud	Elfn1
ace-ear-dud	Emx2
ace-ear-dud	En1
ace-ear-dud	Eomes
ace-ear-dud	Epha3
ace-ear-dud	Epha4
ace-ear-dud	Esyt3
ace-ear-dud	Ethe1
ace-ear-dud	Evx2
ace-ear-dud	Eya2
ace-ear-dud	Fam163a
ace-ear-dud	Fbln2
ace-ear-dud	Fbn2
ace-ear-dud	Fgf10
ace-ear-dud	Fibcd1
ace-ear-dud	Fign
ace-ear-dud	Fli1
ace-ear-dud	Fosl2
ace-ear-dud	Foxa1
ace-ear-dud	Foxa2
ace-ear-dud	Foxb1
ace-ear-dud	Foxo1
ace-ear-dud	Fras1
ace-ear-dud	Frzb
ace-ear-dud	Fstl5
ace-ear-dud	Fxyd6
ace-ear-dud	Fyb
ace-ear-dud	G630016G05Rik
ace-ear-dud	Gabrq
ace-ear-dud	Gad2
ace-ear-dud	Gal
ace-ear-dud	Galnt14
ace-ear-dud	Galnt18
ace-ear-dud	Galr1
ace-ear-dud	Gata3
ace-ear-dud	Gda
ace-ear-dud	Gfap
ace-ear-dud	Gfra1
ace-ear-dud	Gja1
ace-ear-dud	Gli2
ace-ear-dud	Gli3
ace-ear-dud	Glis3
ace-ear-dud	Glra2
ace-ear-dud	Glra3
ace-ear-dud	Gm30564
ace-ear-dud	Gpc3
ace-ear-dud	Gpr101
ace-ear-dud	Gpr139
ace-ear-dud	Gpr149
ace-ear-dud	Gpr39
ace-ear-dud	Gpr4
ace-ear-dud	Gpr83
ace-ear-dud	Gpr88
ace-ear-dud	Gpx3
ace-ear-dud	Grem1
ace-ear-dud	Grik1
ace-ear-dud	Grik3
ace-ear-dud	Grin2c
ace-ear-dud	Grm1
ace-ear-dud	Grm3
ace-ear-dud	Grm8
ace-ear-dud	Grp
ace-ear-dud	Grpr
ace-ear-dud	Gsta4
ace-ear-dud	Hcrtr2
ace-ear-dud	Hdc
ace-ear-dud	Hgf
ace-ear-dud	Hmcn1
ace-ear-dud	Hopx
ace-ear-dud	Hoxb3
ace-ear-dud	Hoxb5
ace-ear-dud	Hoxb8
ace-ear-dud	Hpgd
ace-ear-dud	Hs3st2
ace-ear-dud	Hs3st3b1
ace-ear-dud	Hs3st4
ace-ear-dud	Hspg2
ace-ear-dud	Htr1b
ace-ear-dud	Htr1d
ace-ear-dud	Htr2a
ace-ear-dud	Htr3a
ace-ear-dud	Htr7
ace-ear-dud	Igf1
ace-ear-dud	Igf2
ace-ear-dud	Igfbp2
ace-ear-dud	Igfbp4
ace-ear-dud	Igfbp6
ace-ear-dud	Igfbpl1
ace-ear-dud	Ighm
ace-ear-dud	Igsf1
ace-ear-dud	Il31ra
ace-ear-dud	Irs4
ace-ear-dud	Irx2
ace-ear-dud	Isl1
ace-ear-dud	Kazald1
ace-ear-dud	Kcnab3
ace-ear-dud	Kcng1
ace-ear-dud	Kcng2
ace-ear-dud	Kcnh8
ace-ear-dud	Kcnip1
ace-ear-dud	Kcnj5
ace-ear-dud	Kcnj8
ace-ear-dud	Kcnk9
ace-ear-dud	Kcnmb2
ace-ear-dud	Kcns3
ace-ear-dud	Kctd8
ace-ear-dud	Kif11
ace-ear-dud	Kit
ace-ear-dud	Kitl
ace-ear-dud	Kl
ace-ear-dud	Klhl14
ace-ear-dud	Klk6
ace-ear-dud	Lama1
ace-ear-dud	Lamp5
ace-ear-dud	Lancl3
ace-ear-dud	Ldb2
ace-ear-dud	Lgr6
ace-ear-dud	Lhfp
ace-ear-dud	Lhfpl5
ace-ear-dud	Lhx1
ace-ear-dud	Lhx2
ace-ear-dud	Lhx8
ace-ear-dud	Lhx9
ace-ear-dud	Lmo1
ace-ear-dud	Lmo3
ace-ear-dud	Lncenc1
ace-ear-dud	Lpar1
ace-ear-dud	Lpl
ace-ear-dud	Lrp4
ace-ear-dud	Lsp1
ace-ear-dud	Ltbp1
ace-ear-dud	Lypd1
ace-ear-dud	Lypd6
ace-ear-dud	Mab21l2
ace-ear-dud	Maf
ace-ear-dud	Man1a
ace-ear-dud	Marcksl1
ace-ear-dud	Mcm6
ace-ear-dud	Mctp2
ace-ear-dud	Mdga1
ace-ear-dud	Mecom
ace-ear-dud	Medag
ace-ear-dud	Megf11
ace-ear-dud	Meis1
ace-ear-dud	Met
ace-ear-dud	Mkx
ace-ear-dud	Mmel1
ace-ear-dud	Mog
ace-ear-dud	Moxd1
ace-ear-dud	Mpped2
ace-ear-dud	Mrpl16
ace-ear-dud	Myo5b
ace-ear-dud	Ndnf
ace-ear-dud	Ndst4
ace-ear-dud	Necab1
ace-ear-dud	Nfib
ace-ear-dud	Nfix
ace-ear-dud	Ngb
ace-ear-dud	Nhlh2
ace-ear-dud	Nkx2-1
ace-ear-dud	Nkx2-4
ace-ear-dud	Nos1
ace-ear-dud	Npas1
ace-ear-dud	Npbwr1
ace-ear-dud	Npnt
ace-ear-dud	Npsr1
ace-ear-dud	Nptx2
ace-ear-dud	Npy2r
ace-ear-dud	Nr2f1
ace-ear-dud	Nr2f2
ace-ear-dud	Nr4a2
ace-ear-dud	Nr4a3
ace-ear-dud	Nrn1
ace-ear-dud	Nrp1
ace-ear-dud	Ntn1
ace-ear-dud	Ntng1
ace-ear-dud	Nts
ace-ear-dud	Nwd2
ace-ear-dud	Nxph1
ace-ear-dud	Nxph2
ace-ear-dud	Nxph4
ace-ear-dud	Onecut2
ace-ear-dud	Onecut3
ace-ear-dud	Opalin
ace-ear-dud	Oprd1
ace-ear-dud	Oprk1
ace-ear-dud	Osbpl3
ace-ear-dud	Osr1
ace-ear-dud	Otof
ace-ear-dud	Otp
ace-ear-dud	Otx2
ace-ear-dud	Oxtr
ace-ear-dud	Pappa
ace-ear-dud	Parm1
ace-ear-dud	Pax5
ace-ear-dud	Pax6
ace-ear-dud	Pax7
ace-ear-dud	Pax8
ace-ear-dud	Pcp4l1
ace-ear-dud	Pde11a
ace-ear-dud	Pde1a
ace-ear-dud	Pde3a
ace-ear-dud	Pdgfd
ace-ear-dud	Pdyn
ace-ear-dud	Pdzrn3
ace-ear-dud	Penk
ace-ear-dud	Phox2b
ace-ear-dud	Piezo2
ace-ear-dud	Pif1
ace-ear-dud	Pitx2
ace-ear-dud	Plpp4
ace-ear-dud	Pnoc
ace-ear-dud	Popdc3
ace-ear-dud	Pou3f1
ace-ear-dud	Pou3f3
ace-ear-dud	Pou4f1
ace-ear-dud	Pou6f2
ace-ear-dud	Pparg
ace-ear-dud	Ppp1r17
ace-ear-dud	Prkcq
ace-ear-dud	Prkd1
ace-ear-dud	Prkg2
ace-ear-dud	Prlr
ace-ear-dud	Prok2
ace-ear-dud	Prom1
ace-ear-dud	Prrxl1
ace-ear-dud	Ptger3
ace-ear-dud	Pth2r
ace-ear-dud	Ptk2b
ace-ear-dud	Ptprm
ace-ear-dud	Pvalb
ace-ear-dud	Qpct
ace-ear-dud	Qrfpr
ace-ear-dud	Rab3b
ace-ear-dud	Ramp1
ace-ear-dud	Ramp3
ace-ear-dud	Rasgrp1
ace-ear-dud	Rbp4
ace-ear-dud	Reln
ace-ear-dud	Ret
ace-ear-dud	Rgs4
ace-ear-dud	Rgs6
ace-ear-dud	Rmst
ace-ear-dud	Ror1
ace-ear-dud	Rorb
ace-ear-dud	Rprm
ace-ear-dud	Rspo1
ace-ear-dud	Rspo2
ace-ear-dud	Rwdd2a
ace-ear-dud	Rxfp1
ace-ear-dud	Rxfp3
ace-ear-dud	Samd5
ace-ear-dud	Scgn
ace-ear-dud	Scn4b
ace-ear-dud	Scn5a
ace-ear-dud	Scn7a
ace-ear-dud	Sema3c
ace-ear-dud	Sema3e
ace-ear-dud	Sema5a
ace-ear-dud	Serpinb8
ace-ear-dud	Serpine2
ace-ear-dud	Shisa6
ace-ear-dud	Shox2
ace-ear-dud	Shroom3
ace-ear-dud	Six3
ace-ear-dud	Skor1
ace-ear-dud	Sla
ace-ear-dud	Slc17a6
ace-ear-dud	Slc17a7
ace-ear-dud	Slc17a8
ace-ear-dud	Slc1a3
ace-ear-dud	Slc30a3
ace-ear-dud	Slc32a1
ace-ear-dud	Slc38a1
ace-ear-dud	Slc5a7
ace-ear-dud	Slc6a3
ace-ear-dud	Slc6a4
ace-ear-dud	Slc6a5
ace-ear-dud	Slc7a10
ace-ear-dud	Slc7a11
ace-ear-dud	Slit2
ace-ear-dud	Slit3
ace-ear-dud	Smoc2
ace-ear-dud	Sntg2
ace-ear-dud	Sorcs3
ace-ear-dud	Sox10
ace-ear-dud	Sox14
ace-ear-dud	Sox2
ace-ear-dud	Sox5
ace-ear-dud	Sox6
ace-ear-dud	Sp8
ace-ear-dud	Sp9
ace-ear-dud	Spin2c
ace-ear-dud	Spock3
ace-ear-dud	Spon1
ace-ear-dud	St18
ace-ear-dud	St3gal1
ace-ear-dud	St6galnac5
ace-ear-dud	Stac
ace-ear-dud	Stxbp6
ace-ear-dud	Sulf2
ace-ear-dud	Sv2b
ace-ear-dud	Sv2c
ace-ear-dud	Svep1
ace-ear-dud	Syndig1
ace-ear-dud	Syndig1l
ace-ear-dud	Synpr
ace-ear-dud	Syt10
ace-ear-dud	Syt17
ace-ear-dud	Syt2
ace-ear-dud	Syt6
ace-ear-dud	Tac2
ace-ear-dud	Tacr1
ace-ear-dud	Tacr3
ace-ear-dud	Tafa1
ace-ear-dud	Tafa2
ace-ear-dud	Tafa4
ace-ear-dud	Tal1
ace-ear-dud	Tbcc
ace-ear-dud	Tbx3
ace-ear-dud	Tcerg1l
ace-ear-dud	Tcf7l2
ace-ear-dud	Tent5a
ace-ear-dud	Tfap2b
ace-ear-dud	Tfap2d
ace-ear-dud	Tgfbr2
ace-ear-dud	Th
ace-ear-dud	Tll1
ace-ear-dud	Tmem132c
ace-ear-dud	Tmem215
ace-ear-dud	Tmie
ace-ear-dud	Tnc
ace-ear-dud	Tnnt1
ace-ear-dud	Tox
ace-ear-dud	Tox3
ace-ear-dud	Trhde
ace-ear-dud	Trhr
ace-ear-dud	Trpc7
ace-ear-dud	Tshz2
ace-ear-dud	Ttc29
ace-ear-dud	Ttc6
ace-ear-dud	Unc13c
ace-ear-dud	Unc5d
ace-ear-dud	Ung
ace-ear-dud	Ust
ace-ear-dud	Vcan
ace-ear-dud	Vegfc
ace-ear-dud	Vip
ace-ear-dud	Vit
ace-ear-dud	Vsx2
ace-ear-dud	Vwa5b1
ace-ear-dud	Vwc2
ace-ear-dud	Vwc2l
ace-ear-dud	Whrn
ace-ear-dud	Wif1
ace-ear-dud	Wls
ace-ear-dud	Wnt7b
ace-ear-dud	Zbtb16
ace-ear-dud	Zeb2
ace-ear-dud	Zfhx4
ace-ear-dud	Zfp521
ace-ear-dud	Zfp536
ace-ear-dud	Zfpm2
ace-ear-dud	Zic1
ace-ear-dud	Zic4
ace-ear-dud	Zic5
ace-jig-eel	Igf2
ace-jig-eel	Ccnd2
ace-jig-eel	Th
ace-jig-eel	Lhx2
ace-jig-eel	Glra3
ace-jig-eel	Dbh
ace-jig-eel	Slc7a10
ace-jig-eel	Evx2
ace-jig-eel	Npas1
ace-jig-eel	Prkd1
ace-jig-eel	Grin2c
ace-jig-eel	Rab3b
ace-jig-eel	Calb2
ace-jig-eel	Man1a
ace-jig-eel	Grm3
ace-jig-eel	Aqp1
ace-jig-eel	Ccn4
ace-jig-eel	Slc1a3
ace-jig-eel	Kit
ace-jig-eel	Pvalb
ace-jig-eel	Kif11
ace-jig-eel	Phox2b
ace-jig-eel	Pax5
ace-jig-eel	Cpne8
ace-jig-eel	Fam163a
ace-jig-eel	Lpl
ace-jig-eel	Fli1
ace-jig-eel	Cd34
ace-jig-eel	Igfbp4
ace-jig-eel	Kcnab3
ace-jig-eel	Lhx1
ace-jig-eel	Vip
ace-jig-eel	Popdc3
ace-jig-eel	Nts
ace-jig-eel	Slc17a8
ace-jig-eel	Wif1
ace-jig-eel	Sntg2
ace-jig-eel	Slc6a4
ace-jig-eel	Ntn1
ace-jig-eel	Ngb
ace-jig-eel	Scgn
ace-jig-eel	Cxcl14
ace-jig-eel	Adcy2
ace-jig-eel	Trpc7
ace-jig-eel	Slc6a3
ace-jig-eel	Cartpt
ace-jig-eel	Otp
ace-jig-eel	Fgf10
ace-jig-eel	Ptk2b
ace-jig-eel	Angpt1
ace-jig-eel	Chodl
ace-jig-eel	Clic6
ace-jig-eel	Aqp6
ace-jig-eel	Igfbp6
ace-jig-eel	Smoc2
ace-jig-eel	Clic5
ace-jig-eel	Arhgap28
ace-jig-eel	Galnt14
ace-jig-eel	Vit
ace-jig-eel	Cidea
ace-jig-eel	Fbn2
ace-jig-eel	Kazald1
ace-jig-eel	Tac2
ace-jig-eel	Nrp1
ace-jig-eel	Tfap2b
ace-jig-eel	Pth2r
ace-jig-eel	Epha4
ace-jig-eel	Serpine2
ace-jig-eel	Mcm6
ace-jig-eel	Cnih3
ace-jig-eel	Cd247
ace-jig-eel	Ccdc3
ace-jig-eel	Rgs4
ace-jig-eel	Prkcq
ace-jig-eel	Gad2
ace-jig-eel	Nr4a2
ace-jig-eel	Fibcd1
ace-jig-eel	Col5a1
ace-jig-eel	Pax8
ace-jig-eel	Frzb
ace-jig-eel	Creb3l1
ace-jig-eel	Lrp4
ace-jig-eel	Hdc
ace-jig-eel	Pdyn
ace-jig-eel	Slc7a11
ace-jig-eel	Syt10
ace-jig-eel	Npy2r
ace-jig-eel	Tacr3
ace-jig-eel	Col24a1
ace-jig-eel	Calb1
ace-jig-eel	Bmpr1b
ace-jig-eel	Nr4a3
ace-jig-eel	Tal1
ace-jig-eel	Pax7
ace-jig-eel	Vwa5b1
ace-jig-eel	Sema3c
ace-jig-eel	Grik3
ace-jig-eel	Rspo1
ace-jig-eel	Fosl2
ace-jig-eel	Slc30a3
ace-jig-eel	Bmp3
ace-jig-eel	Slc17a6
ace-jig-eel	Nr2f2
ace-jig-eel	Calcb
ace-jig-eel	Crym
ace-jig-eel	Grpr
ace-jig-eel	Vegfc
ace-jig-eel	Hpgd
ace-jig-eel	Gpr83
ace-jig-eel	Kcnj5
ace-jig-eel	Dscaml1
ace-jig-eel	Tent5a
ace-jig-eel	Gsta4
ace-jig-eel	Zic1
ace-jig-eel	Rwdd2a
ace-jig-eel	Tgfbr2
ace-jig-eel	Eomes
ace-jig-eel	Stac
ace-jig-eel	Lama1
ace-jig-eel	Cpa6
ace-jig-eel	Fras1
ace-jig-eel	Isl1
ace-jig-eel	Col27a1
ace-jig-eel	Cdh6
ace-jig-eel	Htr2a
ace-jig-eel	Lmo1
ace-jig-eel	Tfap2d
ace-jig-eel	Nrn1
ace-jig-eel	Ptprm
ace-jig-eel	Fstl5
ace-jig-eel	Sox5
ace-jig-eel	Trhr
ace-jig-eel	Zic5
ace-jig-eel	Dock5
ace-jig-eel	Kcnh8
ace-jig-eel	Egln3
ace-jig-eel	Ror1
ace-jig-eel	Acta2
ace-jig-eel	Tox
ace-jig-eel	Tbcc
ace-jig-eel	Parm1
ace-jig-eel	Necab1
ace-jig-eel	Drd5
ace-jig-eel	Esyt3
ace-jig-eel	Npnt
ace-jig-eel	Scn7a
ace-jig-eel	Svep1
ace-jig-eel	Pde3a
ace-jig-eel	Cldn5
ace-jig-eel	Npbwr1
ace-jig-eel	St6galnac5
ace-jig-eel	Igfbpl1
ace-jig-eel	Grm1
ace-jig-eel	Foxa1
ace-jig-eel	Kcnk9
ace-jig-eel	Lgr6
ace-jig-eel	Ramp3
ace-jig-eel	Cftr
ace-jig-eel	Slc32a1
ace-jig-eel	Spon1
ace-jig-eel	Lhx9
ace-jig-eel	Igfbp2
ace-jig-eel	Piezo2
ace-jig-eel	Egr2
ace-jig-eel	Hoxb5
ace-jig-eel	Ttc29
ace-jig-eel	Spin2c
ace-jig-eel	Ccn3
ace-jig-eel	Elfn1
ace-jig-eel	Cited1
ace-jig-eel	Tmie
ace-jig-eel	Il31ra
ace-jig-eel	Onecut3
ace-jig-eel	Hoxb8
ace-jig-eel	Ckap2l
ace-jig-eel	Ppp1r17
ace-jig-eel	Adamts19
ace-jig-eel	Chst9
ace-jig-eel	Dmrt2
ace-jig-eel	Oxtr
ace-jig-eel	Zfpm2
ace-jig-eel	Pou3f1
ace-jig-eel	Foxo1
ace-jig-eel	Stxbp6
ace-jig-eel	Vwc2l
ace-jig-eel	Kctd8
ace-jig-eel	Ndnf
ace-jig-eel	Sox14
ace-jig-eel	Pou3f3
ace-jig-eel	Arhgap15
ace-jig-eel	Oprd1
ace-jig-eel	Vwc2
ace-jig-eel	Slc6a5
ace-jig-eel	Osr1
ace-jig-eel	Cnr1
ace-jig-eel	Lamp5
ace-jig-eel	Gpr101
ace-jig-eel	C1ql1
ace-jig-eel	Rxfp3
ace-jig-eel	Gpr149
ace-jig-eel	Pdgfd
ace-jig-eel	Cd24a
ace-jig-eel	Glra2
ace-jig-eel	Lhfp
ace-jig-eel	Npsr1
ace-jig-eel	Dsg2
ace-jig-eel	Scn4b
ace-jig-eel	Gpr4
ace-jig-eel	Nxph1
ace-jig-eel	Chrnb3
ace-jig-eel	Crh
ace-jig-eel	C1ql3
ace-jig-eel	Ust
ace-jig-eel	Trhde
ace-jig-eel	Marcksl1
ace-jig-eel	Gli2
ace-jig-eel	Cdh20
ace-jig-eel	Hcrtr2
ace-jig-eel	Agt
ace-jig-eel	Eya2
ace-jig-eel	Casr
ace-jig-eel	Sp8
ace-jig-eel	Epha3
ace-jig-eel	Nfib
ace-jig-eel	Adcyap1
ace-jig-eel	Scn5a
ace-jig-eel	Galr1
ace-jig-eel	Bcl11b
ace-jig-eel	Tll1
ace-jig-eel	Zic4
ace-jig-eel	Agtr1a
ace-jig-eel	Nkx2-4
ace-jig-eel	Gfap
ace-jig-eel	Sema5a
ace-jig-eel	Chn2
ace-jig-eel	Irs4
ace-jig-eel	A630012P03Rik
ace-jig-eel	Gja1
ace-jig-eel	Wls
ace-jig-eel	Megf11
ace-jig-eel	Dach1
ace-jig-eel	Gpc3
ace-jig-eel	Lancl3
ace-jig-eel	Slit3
ace-jig-eel	Chat
ace-jig-eel	Synpr
ace-jig-eel	Penk
ace-jig-eel	Ldb2
ace-jig-eel	Foxb1
ace-jig-eel	Nptx2
ace-jig-eel	Tnnt1
ace-jig-eel	Cgnl1
ace-jig-eel	Sema3e
ace-jig-eel	Otof
ace-jig-eel	Irx2
ace-jig-eel	Hmcn1
ace-jig-eel	Calcr
ace-jig-eel	Drd2
ace-jig-eel	Pdzrn3
ace-jig-eel	Ethe1
ace-jig-eel	Mab21l2
ace-jig-eel	Kcng2
ace-jig-eel	Rxfp1
ace-jig-eel	Kl
ace-jig-eel	Sorcs3
ace-jig-eel	Mctp2
ace-jig-eel	En1
ace-jig-eel	Mkx
ace-jig-eel	Mmel1
ace-jig-eel	Lhfpl5
ace-jig-eel	Ebf1
ace-jig-eel	Syt17
ace-jig-eel	Col18a1
ace-jig-eel	Gpx3
ace-jig-eel	Pappa
ace-jig-eel	Cacng3
ace-jig-eel	Hs3st2
ace-jig-eel	Gpr139
ace-jig-eel	Sv2b
ace-jig-eel	Slc17a7
ace-jig-eel	Barhl2
ace-jig-eel	Opalin
ace-jig-eel	Gda
ace-jig-eel	Cbln4
ace-jig-eel	Slc38a1
ace-jig-eel	Htr1d
ace-jig-eel	Ret
ace-jig-eel	Cntn6
ace-jig-eel	Tafa4
ace-jig-eel	Col8a1
ace-jig-eel	Fyb
ace-jig-eel	Gpr88
ace-jig-eel	Syt6
ace-jig-eel	Sp9
ace-jig-eel	Qrfpr
ace-jig-eel	Nr2f1
ace-jig-eel	Cntnap3
ace-jig-eel	Ctxn3
ace-jig-eel	Col11a1
ace-jig-eel	Medag
ace-jig-eel	Zbtb16
ace-jig-eel	Hoxb3
ace-jig-eel	Plpp4
ace-jig-eel	Hs3st3b1
ace-jig-eel	Whrn
ace-jig-eel	Nxph4
ace-jig-eel	Igf1
ace-jig-eel	Syndig1l
ace-jig-eel	Slc5a7
ace-jig-eel	Moxd1
ace-jig-eel	Abi3bp
ace-jig-eel	Egflam
ace-jig-eel	Ramp1
ace-jig-eel	Sox2
ace-jig-eel	Grem1
ace-jig-eel	Samd5
ace-jig-eel	Rprm
ace-jig-eel	Bmp4
ace-jig-eel	Abcc9
ace-jig-eel	Prok2
ace-jig-eel	Arhgap25
ace-jig-eel	Kcnip1
ace-jig-eel	Rasgrp1
ace-jig-eel	Pde1a
ace-jig-eel	Mog
ace-jig-eel	Col23a1
ace-jig-eel	Bnc2
ace-jig-eel	Nxph2
ace-jig-eel	Gata3
ace-jig-eel	Ighm
ace-jig-eel	Kitl
ace-jig-eel	Dcn
ace-jig-eel	Hs3st4
ace-jig-eel	Galnt18
ace-jig-eel	Tnc
ace-jig-eel	Lpar1
ace-jig-eel	Klk6
ace-jig-eel	Car4
ace-jig-eel	Mecom
ace-jig-eel	Maf
ace-jig-eel	Tshz2
ace-jig-eel	Kcng1
ace-jig-eel	Wnt7b
ace-jig-eel	Lncenc1
ace-jig-eel	Vcan
ace-jig-eel	Tox3
ace-jig-eel	Nfix
ace-jig-eel	Syndig1
ace-jig-eel	Foxa2
ace-jig-eel	Gli3
ace-jig-eel	Mpped2
ace-jig-eel	Pax6
ace-jig-eel	Caln1
ace-jig-eel	Pcp4l1
ace-jig-eel	Tcf7l2
ace-jig-eel	Rbp4
ace-jig-eel	Ltbp1
ace-jig-eel	Serpinb8
ace-jig-eel	Lypd6
ace-jig-eel	Rorb
ace-jig-eel	Shroom3
ace-jig-eel	Adamts9
ace-jig-eel	Hopx
ace-jig-eel	Fbln2
ace-jig-eel	Osbpl3
ace-jig-eel	Gabrq
ace-jig-eel	Igsf1
ace-jig-eel	Arhgap36
ace-jig-eel	Grm8
ace-jig-eel	Met
ace-jig-eel	Ctss
ace-jig-eel	Skor1
ace-jig-eel	Otx2
ace-jig-eel	Meis1
ace-jig-eel	Bcl11a
ace-jig-eel	Tmem132c
ace-jig-eel	Spock3
ace-jig-eel	Kcnmb2
ace-jig-eel	Egfem1
ace-jig-eel	Adamtsl1
ace-jig-eel	Tbx3
ace-jig-eel	Syt2
ace-jig-eel	Tafa1
ace-jig-eel	Klhl14
ace-jig-eel	Shisa6
ace-jig-eel	Barhl1
ace-jig-eel	Dmbx1
ace-jig-eel	Prlr
ace-jig-eel	Apela
ace-jig-eel	Pde11a
ace-jig-eel	A830036E02Rik
ace-jig-eel	Gfra1
ace-jig-eel	Ccbe1
ace-jig-eel	Fign
ace-jig-eel	Ntng1
ace-jig-eel	C230014O12Rik
ace-jig-eel	Pif1
ace-jig-eel	Ddc
ace-jig-eel	Ung
ace-jig-eel	Pou6f2
ace-jig-eel	Pou4f1
ace-jig-eel	Adra1b
ace-jig-eel	Lsp1
ace-jig-eel	Adamts2
ace-jig-eel	Nos1
ace-jig-eel	Dgkk
ace-jig-eel	Myo5b
ace-jig-eel	Sulf2
ace-jig-eel	St18
ace-jig-eel	G630016G05Rik
ace-jig-eel	Hspg2
ace-jig-eel	Gpr39
ace-jig-eel	Adra1a
ace-jig-eel	Tcerg1l
ace-jig-eel	Oprk1
ace-jig-eel	Reln
ace-jig-eel	Ecel1
ace-jig-eel	9330158H04Rik
ace-jig-eel	Sv2c
ace-jig-eel	Prkg2
ace-jig-eel	Glis3
ace-jig-eel	Shox2
ace-jig-eel	Nwd2
ace-jig-eel	Lmo3
ace-jig-eel	Lypd1
ace-jig-eel	Sla
ace-jig-eel	Htr7
ace-jig-eel	Mrpl16
ace-jig-eel	Corin
ace-jig-eel	Unc5d
ace-jig-eel	Cd36
ace-jig-eel	Cbln2
ace-jig-eel	Ebf3
ace-jig-eel	Cbln1
ace-jig-eel	Vsx2
ace-jig-eel	Mdga1
ace-jig-eel	Chrm2
ace-jig-eel	Ttc6
ace-jig-eel	Dio3
ace-jig-eel	Slit2
ace-jig-eel	Ptger3
ace-jig-eel	Dlk1
ace-jig-eel	Ndst4
ace-jig-eel	Grp
ace-jig-eel	Emx2
ace-jig-eel	Pitx2
ace-jig-eel	Six3
ace-jig-eel	Onecut2
ace-jig-eel	Zfp536
ace-jig-eel	Ebf2
ace-jig-eel	Zfhx4
ace-jig-eel	Zeb2
ace-jig-eel	Nkx2-1
ace-jig-eel	Edaradd
ace-jig-eel	Tmem215
ace-jig-eel	B230323A14Rik
ace-jig-eel	Baiap3
ace-jig-eel	Htr1b
ace-jig-eel	Unc13c
ace-jig-eel	Rgs6
ace-jig-eel	Chrm3
ace-jig-eel	Prrxl1
ace-jig-eel	2900052N01Rik
ace-jig-eel	Dchs2
ace-jig-eel	4930509J09Rik
ace-jig-eel	Nhlh2
ace-jig-eel	Prom1
ace-jig-eel	Hgf
ace-jig-eel	Pparg
ace-jig-eel	Tacr1
ace-jig-eel	Kcnj8
ace-jig-eel	Cyp26b1
ace-jig-eel	Lhx8
ace-jig-eel	Sox6
ace-jig-eel	Ankfn1
ace-jig-eel	C030029H02Rik
ace-jig-eel	Htr3a
ace-jig-eel	Fxyd6
ace-jig-eel	Kcns3
ace-jig-eel	Rmst
ace-jig-eel	Tafa2
ace-jig-eel	Crhbp
ace-jig-eel	Drd1
ace-jig-eel	Adgrv1
ace-jig-eel	Pnoc
ace-jig-eel	Adgrf5
ace-jig-eel	Rspo2
ace-jig-eel	D130079A08Rik
ace-jig-eel	Grik1
ace-jig-eel	Cdh9
ace-jig-eel	D130009I18Rik
ace-jig-eel	St3gal1
ace-jig-eel	Gm30564
ace-jig-eel	Drd3
ace-jig-eel	Sox10
ace-jig-eel	Cdkn1a
ace-jig-eel	Qpct
ace-jig-eel	Zfp521
ace-jig-eel	Gal
ace-jig-eel	Aqp4
ace-jig-eel	Blank-1
ace-jig-eel	Blank-2
ace-jig-eel	Blank-3
ace-jig-eel	Blank-4
ace-jig-eel	Blank-5
ace-jig-eel	Blank-6
ace-jig-eel	Blank-7
ace-jig-eel	Blank-8
ace-jig-eel	Blank-9
ace-jig-eel	Blank-10
ace-jig-eel	Blank-11
ace-jig-eel	Blank-12
ace-jig-eel	Blank-13
ace-jig-eel	Blank-14
ace-jig-eel	Blank-15
ace-jig-eel	Blank-16
ace-jig-eel	Blank-17
ace-jig-eel	Blank-18
ace-jig-eel	Blank-19
ace-jig-eel	Blank-20
ace-jig-eel	Blank-21
ace-jig-eel	Blank-22
ace-jig-eel	Blank-23
ace-jig-eel	Blank-24
ace-jig-eel	Blank-25
ace-jig-eel	Blank-26
ace-jig-eel	Blank-27
ace-jig-eel	Blank-28
ace-jig-eel	Blank-29
ace-jig-eel	Blank-30
ace-jig-eel	Blank-31
ace-jig-eel	Blank-32
ace-jig-eel	Blank-33
ace-jig-eel	Blank-34
ace-jig-eel	Blank-35
ace-jig-eel	Blank-36
ace-jig-eel	Blank-37
ace-jig-eel	Blank-38
ace-jig-eel	Blank-39
ace-jig-eel	Blank-40
ace-jig-eel	Blank-41
ace-jig-eel	Blank-42
ace-jig-eel	Blank-43
ace-jig-eel	Blank-44
ace-jig-eel	Blank-45
ace-jig-eel	Blank-46
ace-jig-eel	Blank-47
ace-jig-eel	Blank-48
ace-jig-eel	Blank-49
ace-jig-eel	Blank-50
ace-let-law	Meis2
ace-let-law	Neurod6
ace-let-law	Nr2f2
ace-let-law	Mef2c
ace-let-law	Nfib
ace-let-law	Nfix
ace-let-law	Zeb2
ace-let-law	Tcf7l2
ace-let-law	Id4
ace-let-law	Zic1
ace-let-law	Neurod2
ace-let-law	Sox5
ace-let-law	Tbr1
ace-let-law	Bhlhe22
ace-let-law	Nr2f1
ace-let-law	Foxg1
ace-let-law	Bcl11b
ace-let-law	Sox2
ace-let-law	Satb1
ace-let-law	Pou3f3
ace-let-law	Zic2
ace-let-law	Nr4a3
ace-let-law	Dlx1
ace-let-law	Etv5
ace-let-law	Arx
ace-let-law	Satb2
ace-let-law	Jun
ace-let-law	Tox
ace-let-law	Rxrg
ace-let-law	Tshz2
ace-let-law	Tfap2b
ace-let-law	Pbx3
ace-let-law	Nr4a2
ace-let-law	Isl1
ace-let-law	Tfap2d
ace-let-law	Zfhx3
ace-let-law	Zfp521
ace-let-law	Foxp2
ace-let-law	Nhlh2
ace-let-law	Lhx2
ace-let-law	Zhx2
ace-let-law	Pax6
ace-let-law	Olig1
ace-let-law	Shox2
ace-let-law	Lhx6
ace-let-law	Tox3
ace-let-law	Zfhx4
ace-let-law	Prox1
ace-let-law	Meis1
ace-let-law	Gbx2
ace-let-law	En1
ace-let-law	Eomes
ace-let-law	Olig2
ace-let-law	Etv1
ace-let-law	Fosl2
ace-let-law	Sall3
ace-let-law	Insm1
ace-let-law	Sp9
ace-let-law	Foxp4
ace-let-law	Zfp536
ace-let-law	Plagl1
ace-let-law	Irx2
ace-let-law	St18
ace-let-law	Sox21
ace-let-law	Tox2
ace-let-law	Rarb
ace-let-law	Ets1
ace-let-law	Otx2
ace-let-law	Sox6
ace-let-law	Lef1
ace-let-law	Zbtb16
ace-let-law	Irx1
ace-let-law	En2
ace-let-law	Nr3c2
ace-let-law	Sp8
ace-let-law	Tfap2a
ace-let-law	Bcl6
ace-let-law	Lhx1
ace-let-law	Nr2e1
ace-let-law	Hoxa5
ace-let-law	Uncx
ace-let-law	Pax3
ace-let-law	Gata3
ace-let-law	Dlx2
ace-let-law	Otp
ace-let-law	Six3
ace-let-law	Lhx5
ace-let-law	Ebf2
ace-let-law	Prdm13
ace-let-law	Irx5
ace-let-law	Onecut1
ace-let-law	Msx1
ace-let-law	Barhl1
ace-let-law	Sox10
ace-let-law	Sp5
ace-let-law	Gata2
ace-let-law	Neurog2
ace-let-law	Tal1
ace-let-law	Pou4f2
ace-let-law	Nkx2-2
ace-let-law	Tfap2c
ace-let-law	Nkx2-1
ace-let-law	Bnc2
ace-let-law	Lmx1b
ace-let-law	Ikzf1
ace-let-law	Thrb
ace-let-law	Foxb1
ace-let-law	Prdm16
ace-let-law	Sim1
ace-let-law	Dmbx1
ace-let-law	Onecut3
ace-let-law	Fezf1
ace-let-law	Glis3
ace-let-law	Irx3
ace-let-law	Dbx2
ace-let-law	Pax7
ace-let-law	Nkx2-4
ace-let-law	Lmx1a
ace-let-law	Hoxc4
ace-let-law	Six6
ace-let-law	Nhlh1
ace-let-law	Prdm12
ace-let-law	Pax8
ace-let-law	Tlx3
ace-let-law	Gbx1
ace-let-law	Pax2
ace-let-law	Atoh1
ace-let-law	Mkx
ace-let-law	Sox14
ace-let-law	Insm2
ace-let-law	Foxa1
ace-let-law	Pitx2
ace-let-law	Nr5a2
ace-let-law	Evx2
ace-let-law	Hmx3
ace-let-law	Hoxc5
ace-let-law	Nkx6-2
ace-let-law	Runx2
ace-let-law	Barx2
ace-let-law	Foxd3
ace-let-law	Hmx2
ace-let-law	Prdm6
ace-let-law	Hoxb6
ace-let-law	Lhx8
ace-let-law	Lhx3
ace-let-law	Lhx4
ace-let-law	Cux2
ace-let-law	Fezf2
ace-let-law	Mafa
ace-let-law	Phox2b
ace-let-law	Rax
ace-let-law	Tbx20
ace-let-law	Ascl1
ace-let-law	Slc18a3
ace-let-law	Slc6a3
ace-let-law	Slc6a4
ace-let-law	Slc6a5
ace-let-law	Slc32a1
ace-let-law	Slc17a6
ace-let-law	Slc17a7
ace-let-law	Slc17a8
ace-let-law	Slc6a2
ace-let-law	Cacng4
ace-let-law	Gja1
ace-let-law	Gabbr2
ace-let-law	Sst
ace-let-law	Nts
ace-let-law	Grin2b
ace-let-law	Cck
ace-let-law	Penk
ace-let-law	Kcnma1
ace-let-law	Cbln2
ace-let-law	Grik3
ace-let-law	Adgrg1
ace-let-law	Cnr1
ace-let-law	Adgrl3
ace-let-law	Cbln1
ace-let-law	Fxyd7
ace-let-law	Fzd1
ace-let-law	Cxcr4
ace-let-law	Gpr17
ace-let-law	Nxph4
ace-let-law	Slc24a2
ace-let-law	Igf1
ace-let-law	Kcnb2
ace-let-law	Sstr2
ace-let-law	Prokr2
ace-let-law	Chrm3
ace-let-law	Lpar1
ace-let-law	Kcnj6
ace-let-law	Kcnc4
ace-let-law	Kcnj2
ace-let-law	Cacng5
ace-let-law	Htr7
ace-let-law	Grm1
ace-let-law	Npy1r
ace-let-law	Kcnn2
ace-let-law	Tacr3
ace-let-law	Trpc4
ace-let-law	Kcnh5
ace-let-law	Ackr3
ace-let-law	Adcyap1
ace-let-law	Agt
ace-let-law	Grik4
ace-let-law	Grp
ace-let-law	Kcnh1
ace-let-law	Hcrtr2
ace-let-law	Nxph2
ace-let-law	Stmn3
ace-let-law	Crmp1
ace-let-law	Dcx
ace-let-law	Vim
ace-let-law	Slc1a3
ace-let-law	Ppp1r1b
ace-let-law	Islr2
ace-let-law	Fn1
ace-let-law	Prkcb
ace-let-law	Serpine2
ace-let-law	Olfm3
ace-let-law	Robo2
ace-let-law	Efnb2
ace-let-law	Shisa6
ace-let-law	Ntrk2
ace-let-law	Sparc
ace-let-law	Ephb1
ace-let-law	Tnc
ace-let-law	Ccnd2
ace-let-law	Dtx1
ace-let-law	Nrp1
ace-let-law	Aldoc
ace-let-law	Shtn1
ace-let-law	Ptprn2
ace-let-law	Vstm2l
ace-let-law	Pla2g7
ace-let-law	Klhl13
ace-let-law	Fat4
ace-let-law	Pou3f2
ace-let-law	Fat1
ace-let-law	Zfp462
ace-let-law	Pcdh10
ace-let-law	Dusp4
ace-let-law	Sema3a
ace-let-law	Luzp2
ace-let-law	Calb2
ace-let-law	H19
ace-let-law	Cdh4
ace-let-law	Dab1
ace-let-law	Lmo3
ace-let-law	Runx1t1
ace-let-law	Mpped2
ace-let-law	Mpped1
ace-let-law	Hs6st2
ace-let-law	Gng4
ace-let-law	Gad2
ace-let-law	Nrgn
ace-let-law	Hs6st3
ace-let-law	Resp18
ace-let-law	Ptprt
ace-let-law	Nrp2
ace-let-law	Cldn5
ace-let-law	Ralyl
ace-let-law	Vat1l
ace-let-law	Sema3c
ace-let-law	Slc4a4
ace-let-law	Spon1
ace-let-law	Mdk
ace-let-law	Ptgds
ace-let-law	Gad1
ace-let-law	Nrcam
ace-let-law	Sla
ace-let-law	Cxxc5
ace-let-law	Dpy19l1
ace-let-law	Sez6l
ace-let-law	Nefm
ace-let-law	Camk1
ace-let-law	Pde1a
ace-let-law	Abca1
ace-let-law	Cachd1
ace-let-law	Cd9
ace-let-law	Cdh8
ace-let-law	Pcdh11x
ace-let-law	Aldh1l1
ace-let-law	Igsf21
ace-let-law	Efna5
ace-let-law	Dkk3
ace-let-law	Nrn1
ace-let-law	Mki67
ace-let-law	Pdgfra
ace-let-law	Crym
ace-let-law	Dach1
ace-let-law	Clstn2
ace-let-law	Pcdh8
ace-let-law	Tbc1d30
ace-let-law	Lhfpl3
ace-let-law	Spock3
ace-let-law	Gda
ace-let-law	AI593442
ace-let-law	Prmt8
ace-let-law	Pcsk2
ace-let-law	Nos1
ace-let-law	Pid1
ace-let-law	Ntng2
ace-let-law	Thsd7a
ace-let-law	Rgs10
ace-let-law	Nell1
ace-let-law	Tnr
ace-let-law	Unc5c
ace-let-law	Tgfb2
ace-let-law	Rgs8
ace-let-law	Lamc1
ace-let-law	Cntnap4
ace-let-law	Tspan9
ace-let-law	Dok5
ace-let-law	Peg10
ace-let-law	St6galnac5
ace-let-law	Sox2ot
ace-let-law	Shisa9
ace-let-law	Spats2l
ace-let-law	Adamts3
ace-let-law	Cdh12
ace-let-law	Mab21l1
ace-let-law	Unc13c
ace-let-law	Gpc4
ace-let-law	Sulf1
ace-let-law	Elmo1
ace-let-law	Brinp3
ace-let-law	Rprm
ace-let-law	Tspan18
ace-let-law	Ildr2
ace-let-law	Mlc1
ace-let-law	Tppp3
ace-let-law	Mir100hg
ace-let-law	Wnt7b
ace-let-law	Mdga1
ace-let-law	Cpne4
ace-let-law	B230209E15Rik
ace-let-law	Chd7
ace-let-law	Cadps2
ace-let-law	Dusp6
ace-let-law	Smoc1
ace-let-law	Ccna2
ace-let-law	Lifr
ace-let-law	Tafa2
ace-let-law	Tmem163
ace-let-law	Arhgap29
ace-let-law	Hist1h1d
ace-let-law	Ntng1
ace-let-law	Tmem164
ace-let-law	Samd5
ace-let-law	Lrrtm3
ace-let-law	Dscaml1
ace-let-law	Sfrp2
ace-let-law	Pdzrn3
ace-let-law	Creg2
ace-let-law	Fam210b
ace-let-law	Gpc3
ace-let-law	Dock4
ace-let-law	Plce1
ace-let-law	Cyb561
ace-let-law	Rftn1
ace-let-law	Sema5a
ace-let-law	Jam2
ace-let-law	Kirrel3
ace-let-law	Pcbd1
ace-let-law	Tafa1
ace-let-law	Egfr
ace-let-law	Fbln2
ace-let-law	Kcnk9
ace-let-law	Kif11
ace-let-law	Pmepa1
ace-let-law	Dio2
ace-let-law	Tmem132d
ace-let-law	Igsf11
ace-let-law	Sorcs3
ace-let-law	Mcm3
ace-let-law	Galnt17
ace-let-law	Slc2a13
ace-let-law	Tmem200a
ace-let-law	Myorg
ace-let-law	Phlda1
ace-let-law	9130024F11Rik
ace-let-law	Vstm2b
ace-let-law	Fam135b
ace-let-law	Tiam2
ace-let-law	Palmd
ace-let-law	Fhit
ace-let-law	Sdk1
ace-let-law	Ccdc80
ace-let-law	Cntn3
ace-let-law	Pde1c
ace-let-law	Cdh9
ace-let-law	Pclaf
ace-let-law	Lhfp
ace-let-law	Tmtc1
ace-let-law	Lpl
ace-let-law	Lmo1
ace-let-law	Dgkg
ace-let-law	Slc43a2
ace-let-law	Fgfr1
ace-let-law	Asb4
ace-let-law	Nbl1
ace-let-law	Kctd8
ace-let-law	Iqgap2
ace-let-law	C1qa
ace-let-law	Zmat4
ace-let-law	Synpr
ace-let-law	Slco1c1
ace-let-law	Lypd6
ace-let-law	Dll1
ace-let-law	Galnt14
ace-let-law	Rgs6
ace-let-law	Rspo3
ace-let-law	Mlf1
ace-let-law	Fam107a
ace-let-law	Angpt1
ace-let-law	Pdlim4
ace-let-law	Sncg
ace-let-law	Thbs1
ace-let-law	Prss12
ace-let-law	Inhbb
ace-let-law	Ptchd4
ace-let-law	Rprml
ace-let-law	C1qc
ace-let-law	C1ql3
ace-let-law	Cep112
ace-let-law	Utrn
ace-let-law	Rai14
ace-let-law	Col25a1
ace-let-law	Hs3st2
ace-let-law	Naaa
ace-let-law	Gas2l3
ace-let-law	Laptm5
ace-let-law	Parm1
ace-let-law	Met
ace-let-law	Slit3
ace-let-law	Col18a1
ace-let-law	Ostf1
ace-let-law	Thsd7b
ace-let-law	Cenpf
ace-let-law	Gpc6
ace-let-law	Ptpru
ace-let-law	Cspg4
ace-let-law	Slitrk6
ace-let-law	Hmmr
ace-let-law	Mgat4c
ace-let-law	Fibcd1
ace-let-law	Syndig1
ace-let-law	Sdk2
ace-let-law	Inhba
ace-let-law	Ung
ace-let-law	C1ql1
ace-let-law	Cdca3
ace-let-law	Eya2
ace-let-law	Prr16
ace-let-law	Ecrg4
ace-let-law	Adamtsl3
ace-let-law	C230072F16Rik
ace-let-law	Thrsp
ace-let-law	Rxfp1
ace-let-law	Pld5
ace-let-law	Tshr
ace-let-law	Dpyd
ace-let-law	Hs3st3a1
ace-let-law	Arhgap6
ace-let-law	Lhx9
ace-let-law	Frem2
ace-let-law	Spp1
ace-let-law	Tbx3
ace-let-law	Il1rapl2
ace-let-law	Slc26a4
ace-let-law	Rerg
ace-let-law	Vsx2
ace-let-law	Nkx6-1
ace-let-law	Syt6
ace-let-law	Pde7b
ace-let-law	C1qb
ace-let-law	Ccn3
ace-let-law	Ccnb1
ace-let-law	Rassf4
ace-let-law	Cald1
ace-let-law	Cdc20
ace-let-law	Pxdc1
ace-let-law	Irs4
ace-let-law	Nrsn2
ace-let-law	Dhrs3
ace-let-law	Bmp7
ace-let-law	Cenpa
ace-let-law	Ecel1
ace-let-law	Cdh20
ace-let-law	Slc29a1
ace-let-law	Vav3
ace-let-law	Rnf112
ace-let-law	Adcy8
ace-let-law	Htra1
ace-let-law	Ndst4
ace-let-law	Cdca2
ace-let-law	Crb2
ace-let-law	Abtb2
ace-let-law	Pde5a
ace-let-law	Ankfn1
ace-let-law	Blank-0
ace-let-law	Blank-1
ace-let-law	Blank-2
ace-let-law	Blank-3
ace-let-law	Blank-4
ace-let-law	Blank-5
ace-let-law	Blank-6
ace-let-law	Blank-7
ace-let-law	Blank-8
ace-let-law	Blank-9
ace-let-law	Blank-10
ace-let-law	Blank-11
ace-let-law	Blank-12
ace-let-law	Blank-13
ace-let-law	Blank-14
ace-let-law	Blank-15
ace-let-law	Blank-16
ace-let-law	Blank-17
ace-let-law	Blank-18
ace-let-law	Blank-19
ace-let-law	Blank-20
ace-let-law	Blank-21
ace-let-law	Blank-22
ace-let-law	Blank-23
ace-let-law	Blank-24
ace-let-law	Blank-25
ace-let-law	Blank-26
ace-let-law	Blank-27
ace-let-law	Blank-28
ace-let-law	Blank-29
ace-let-law	Blank-30
ace-let-law	Blank-31
ace-let-law	Blank-32
ace-let-law	Blank-33
ace-let-law	Blank-34
ace-let-law	Blank-35
ace-let-law	Blank-36
ace-let-law	Blank-37
ace-let-law	Blank-38
ace-let-law	Blank-39
ace-let-law	Blank-40
ace-let-law	Blank-41
ace-let-law	Blank-42
ace-let-law	Blank-43
ace-let-law	Blank-44
ace-let-law	Blank-45
ace-let-law	Blank-46
ace-let-law	Blank-47
ace-let-law	Blank-48
ace-let-law	Blank-49
ace-let-lax	Meis2
ace-let-lax	Neurod6
ace-let-lax	Nr2f2
ace-let-lax	Mef2c
ace-let-lax	Nfib
ace-let-lax	Nfix
ace-let-lax	Zeb2
ace-let-lax	Tcf7l2
ace-let-lax	Id4
ace-let-lax	Zic1
ace-let-lax	Neurod2
ace-let-lax	Sox5
ace-let-lax	Tbr1
ace-let-lax	Bhlhe22
ace-let-lax	Nr2f1
ace-let-lax	Foxg1
ace-let-lax	Bcl11b
ace-let-lax	Sox2
ace-let-lax	Satb1
ace-let-lax	Pou3f3
ace-let-lax	Zic2
ace-let-lax	Nr4a3
ace-let-lax	Dlx1
ace-let-lax	Etv5
ace-let-lax	Arx
ace-let-lax	Satb2
ace-let-lax	Jun
ace-let-lax	Tox
ace-let-lax	Rxrg
ace-let-lax	Tshz2
ace-let-lax	Tfap2b
ace-let-lax	Pbx3
ace-let-lax	Nr4a2
ace-let-lax	Isl1
ace-let-lax	Tfap2d
ace-let-lax	Zfhx3
ace-let-lax	Zfp521
ace-let-lax	Foxp2
ace-let-lax	Nhlh2
ace-let-lax	Lhx2
ace-let-lax	Zhx2
ace-let-lax	Pax6
ace-let-lax	Olig1
ace-let-lax	Shox2
ace-let-lax	Lhx6
ace-let-lax	Tox3
ace-let-lax	Zfhx4
ace-let-lax	Prox1
ace-let-lax	Meis1
ace-let-lax	Gbx2
ace-let-lax	En1
ace-let-lax	Eomes
ace-let-lax	Olig2
ace-let-lax	Etv1
ace-let-lax	Fosl2
ace-let-lax	Sall3
ace-let-lax	Insm1
ace-let-lax	Sp9
ace-let-lax	Foxp4
ace-let-lax	Zfp536
ace-let-lax	Plagl1
ace-let-lax	Irx2
ace-let-lax	St18
ace-let-lax	Sox21
ace-let-lax	Tox2
ace-let-lax	Rarb
ace-let-lax	Ets1
ace-let-lax	Otx2
ace-let-lax	Sox6
ace-let-lax	Lef1
ace-let-lax	Zbtb16
ace-let-lax	Irx1
ace-let-lax	En2
ace-let-lax	Nr3c2
ace-let-lax	Sp8
ace-let-lax	Tfap2a
ace-let-lax	Bcl6
ace-let-lax	Lhx1
ace-let-lax	Nr2e1
ace-let-lax	Hoxa5
ace-let-lax	Uncx
ace-let-lax	Pax3
ace-let-lax	Gata3
ace-let-lax	Dlx2
ace-let-lax	Otp
ace-let-lax	Six3
ace-let-lax	Lhx5
ace-let-lax	Ebf2
ace-let-lax	Prdm13
ace-let-lax	Irx5
ace-let-lax	Onecut1
ace-let-lax	Msx1
ace-let-lax	Barhl1
ace-let-lax	Sox10
ace-let-lax	Sp5
ace-let-lax	Gata2
ace-let-lax	Neurog2
ace-let-lax	Tal1
ace-let-lax	Pou4f2
ace-let-lax	Nkx2-2
ace-let-lax	Tfap2c
ace-let-lax	Nkx2-1
ace-let-lax	Bnc2
ace-let-lax	Lmx1b
ace-let-lax	Ikzf1
ace-let-lax	Thrb
ace-let-lax	Foxb1
ace-let-lax	Prdm16
ace-let-lax	Sim1
ace-let-lax	Dmbx1
ace-let-lax	Onecut3
ace-let-lax	Fezf1
ace-let-lax	Glis3
ace-let-lax	Irx3
ace-let-lax	Dbx2
ace-let-lax	Pax7
ace-let-lax	Nkx2-4
ace-let-lax	Lmx1a
ace-let-lax	Hoxc4
ace-let-lax	Six6
ace-let-lax	Nhlh1
ace-let-lax	Prdm12
ace-let-lax	Pax8
ace-let-lax	Tlx3
ace-let-lax	Gbx1
ace-let-lax	Pax2
ace-let-lax	Atoh1
ace-let-lax	Mkx
ace-let-lax	Sox14
ace-let-lax	Insm2
ace-let-lax	Foxa1
ace-let-lax	Pitx2
ace-let-lax	Nr5a2
ace-let-lax	Evx2
ace-let-lax	Hmx3
ace-let-lax	Hoxc5
ace-let-lax	Nkx6-2
ace-let-lax	Runx2
ace-let-lax	Barx2
ace-let-lax	Foxd3
ace-let-lax	Hmx2
ace-let-lax	Prdm6
ace-let-lax	Hoxb6
ace-let-lax	Lhx8
ace-let-lax	Lhx3
ace-let-lax	Lhx4
ace-let-lax	Cux2
ace-let-lax	Fezf2
ace-let-lax	Mafa
ace-let-lax	Phox2b
ace-let-lax	Rax
ace-let-lax	Tbx20
ace-let-lax	Ascl1
ace-let-lax	Slc18a3
ace-let-lax	Slc6a3
ace-let-lax	Slc6a4
ace-let-lax	Slc6a5
ace-let-lax	Slc32a1
ace-let-lax	Slc17a6
ace-let-lax	Slc17a7
ace-let-lax	Slc17a8
ace-let-lax	Slc6a2
ace-let-lax	Cacng4
ace-let-lax	Gja1
ace-let-lax	Gabbr2
ace-let-lax	Sst
ace-let-lax	Nts
ace-let-lax	Grin2b
ace-let-lax	Cck
ace-let-lax	Penk
ace-let-lax	Kcnma1
ace-let-lax	Cbln2
ace-let-lax	Grik3
ace-let-lax	Adgrg1
ace-let-lax	Cnr1
ace-let-lax	Adgrl3
ace-let-lax	Cbln1
ace-let-lax	Fxyd7
ace-let-lax	Fzd1
ace-let-lax	Cxcr4
ace-let-lax	Gpr17
ace-let-lax	Nxph4
ace-let-lax	Slc24a2
ace-let-lax	Igf1
ace-let-lax	Kcnb2
ace-let-lax	Sstr2
ace-let-lax	Prokr2
ace-let-lax	Chrm3
ace-let-lax	Lpar1
ace-let-lax	Kcnj6
ace-let-lax	Kcnc4
ace-let-lax	Kcnj2
ace-let-lax	Cacng5
ace-let-lax	Htr7
ace-let-lax	Grm1
ace-let-lax	Npy1r
ace-let-lax	Kcnn2
ace-let-lax	Tacr3
ace-let-lax	Trpc4
ace-let-lax	Kcnh5
ace-let-lax	Ackr3
ace-let-lax	Adcyap1
ace-let-lax	Agt
ace-let-lax	Grik4
ace-let-lax	Grp
ace-let-lax	Kcnh1
ace-let-lax	Hcrtr2
ace-let-lax	Nxph2
ace-let-lax	Stmn3
ace-let-lax	Crmp1
ace-let-lax	Dcx
ace-let-lax	Vim
ace-let-lax	Slc1a3
ace-let-lax	Ppp1r1b
ace-let-lax	Islr2
ace-let-lax	Fn1
ace-let-lax	Prkcb
ace-let-lax	Serpine2
ace-let-lax	Olfm3
ace-let-lax	Robo2
ace-let-lax	Efnb2
ace-let-lax	Shisa6
ace-let-lax	Ntrk2
ace-let-lax	Sparc
ace-let-lax	Ephb1
ace-let-lax	Tnc
ace-let-lax	Ccnd2
ace-let-lax	Dtx1
ace-let-lax	Nrp1
ace-let-lax	Aldoc
ace-let-lax	Shtn1
ace-let-lax	Ptprn2
ace-let-lax	Vstm2l
ace-let-lax	Pla2g7
ace-let-lax	Klhl13
ace-let-lax	Fat4
ace-let-lax	Pou3f2
ace-let-lax	Fat1
ace-let-lax	Zfp462
ace-let-lax	Pcdh10
ace-let-lax	Dusp4
ace-let-lax	Sema3a
ace-let-lax	Luzp2
ace-let-lax	Calb2
ace-let-lax	H19
ace-let-lax	Cdh4
ace-let-lax	Dab1
ace-let-lax	Lmo3
ace-let-lax	Runx1t1
ace-let-lax	Mpped2
ace-let-lax	Mpped1
ace-let-lax	Hs6st2
ace-let-lax	Gng4
ace-let-lax	Gad2
ace-let-lax	Nrgn
ace-let-lax	Hs6st3
ace-let-lax	Resp18
ace-let-lax	Ptprt
ace-let-lax	Nrp2
ace-let-lax	Cldn5
ace-let-lax	Ralyl
ace-let-lax	Vat1l
ace-let-lax	Sema3c
ace-let-lax	Slc4a4
ace-let-lax	Spon1
ace-let-lax	Mdk
ace-let-lax	Ptgds
ace-let-lax	Gad1
ace-let-lax	Nrcam
ace-let-lax	Sla
ace-let-lax	Cxxc5
ace-let-lax	Dpy19l1
ace-let-lax	Sez6l
ace-let-lax	Nefm
ace-let-lax	Camk1
ace-let-lax	Pde1a
ace-let-lax	Abca1
ace-let-lax	Cachd1
ace-let-lax	Cd9
ace-let-lax	Cdh8
ace-let-lax	Pcdh11x
ace-let-lax	Aldh1l1
ace-let-lax	Igsf21
ace-let-lax	Efna5
ace-let-lax	Dkk3
ace-let-lax	Nrn1
ace-let-lax	Mki67
ace-let-lax	Pdgfra
ace-let-lax	Crym
ace-let-lax	Dach1
ace-let-lax	Clstn2
ace-let-lax	Pcdh8
ace-let-lax	Tbc1d30
ace-let-lax	Lhfpl3
ace-let-lax	Spock3
ace-let-lax	Gda
ace-let-lax	AI593442
ace-let-lax	Prmt8
ace-let-lax	Pcsk2
ace-let-lax	Nos1
ace-let-lax	Pid1
ace-let-lax	Ntng2
ace-let-lax	Thsd7a
ace-let-lax	Rgs10
ace-let-lax	Nell1
ace-let-lax	Tnr
ace-let-lax	Unc5c
ace-let-lax	Tgfb2
ace-let-lax	Rgs8
ace-let-lax	Lamc1
ace-let-lax	Cntnap4
ace-let-lax	Tspan9
ace-let-lax	Dok5
ace-let-lax	Peg10
ace-let-lax	St6galnac5
ace-let-lax	Sox2ot
ace-let-lax	Shisa9
ace-let-lax	Spats2l
ace-let-lax	Adamts3
ace-let-lax	Cdh12
ace-let-lax	Mab21l1
ace-let-lax	Unc13c
ace-let-lax	Gpc4
ace-let-lax	Sulf1
ace-let-lax	Elmo1
ace-let-lax	Brinp3
ace-let-lax	Rprm
ace-let-lax	Tspan18
ace-let-lax	Ildr2
ace-let-lax	Mlc1
ace-let-lax	Tppp3
ace-let-lax	Mir100hg
ace-let-lax	Wnt7b
ace-let-lax	Mdga1
ace-let-lax	Cpne4
ace-let-lax	B230209E15Rik
ace-let-lax	Chd7
ace-let-lax	Cadps2
ace-let-lax	Dusp6
ace-let-lax	Smoc1
ace-let-lax	Ccna2
ace-let-lax	Lifr
ace-let-lax	Tafa2
ace-let-lax	Tmem163
ace-let-lax	Arhgap29
ace-let-lax	Hist1h1d
ace-let-lax	Ntng1
ace-let-lax	Tmem164
ace-let-lax	Samd5
ace-let-lax	Lrrtm3
ace-let-lax	Dscaml1
ace-let-lax	Sfrp2
ace-let-lax	Pdzrn3
ace-let-lax	Creg2
ace-let-lax	Fam210b
ace-let-lax	Gpc3
ace-let-lax	Dock4
ace-let-lax	Plce1
ace-let-lax	Cyb561
ace-let-lax	Rftn1
ace-let-lax	Sema5a
ace-let-lax	Jam2
ace-let-lax	Kirrel3
ace-let-lax	Pcbd1
ace-let-lax	Tafa1
ace-let-lax	Egfr
ace-let-lax	Fbln2
ace-let-lax	Kcnk9
ace-let-lax	Kif11
ace-let-lax	Pmepa1
ace-let-lax	Dio2
ace-let-lax	Tmem132d
ace-let-lax	Igsf11
ace-let-lax	Sorcs3
ace-let-lax	Mcm3
ace-let-lax	Galnt17
ace-let-lax	Slc2a13
ace-let-lax	Tmem200a
ace-let-lax	Myorg
ace-let-lax	Phlda1
ace-let-lax	9130024F11Rik
ace-let-lax	Vstm2b
ace-let-lax	Fam135b
ace-let-lax	Tiam2
ace-let-lax	Palmd
ace-let-lax	Fhit
ace-let-lax	Sdk1
ace-let-lax	Ccdc80
ace-let-lax	Cntn3
ace-let-lax	Pde1c
ace-let-lax	Cdh9
ace-let-lax	Pclaf
ace-let-lax	Lhfp
ace-let-lax	Tmtc1
ace-let-lax	Lpl
ace-let-lax	Lmo1
ace-let-lax	Dgkg
ace-let-lax	Slc43a2
ace-let-lax	Fgfr1
ace-let-lax	Asb4
ace-let-lax	Nbl1
ace-let-lax	Kctd8
ace-let-lax	Iqgap2
ace-let-lax	C1qa
ace-let-lax	Zmat4
ace-let-lax	Synpr
ace-let-lax	Slco1c1
ace-let-lax	Lypd6
ace-let-lax	Dll1
ace-let-lax	Galnt14
ace-let-lax	Rgs6
ace-let-lax	Rspo3
ace-let-lax	Mlf1
ace-let-lax	Fam107a
ace-let-lax	Angpt1
ace-let-lax	Pdlim4
ace-let-lax	Sncg
ace-let-lax	Thbs1
ace-let-lax	Prss12
ace-let-lax	Inhbb
ace-let-lax	Ptchd4
ace-let-lax	Rprml
ace-let-lax	C1qc
ace-let-lax	C1ql3
ace-let-lax	Cep112
ace-let-lax	Utrn
ace-let-lax	Rai14
ace-let-lax	Col25a1
ace-let-lax	Hs3st2
ace-let-lax	Naaa
ace-let-lax	Gas2l3
ace-let-lax	Laptm5
ace-let-lax	Parm1
ace-let-lax	Met
ace-let-lax	Slit3
ace-let-lax	Col18a1
ace-let-lax	Ostf1
ace-let-lax	Thsd7b
ace-let-lax	Cenpf
ace-let-lax	Gpc6
ace-let-lax	Ptpru
ace-let-lax	Cspg4
ace-let-lax	Slitrk6
ace-let-lax	Hmmr
ace-let-lax	Mgat4c
ace-let-lax	Fibcd1
ace-let-lax	Syndig1
ace-let-lax	Sdk2
ace-let-lax	Inhba
ace-let-lax	Ung
ace-let-lax	C1ql1
ace-let-lax	Cdca3
ace-let-lax	Eya2
ace-let-lax	Prr16
ace-let-lax	Ecrg4
ace-let-lax	Adamtsl3
ace-let-lax	C230072F16Rik
ace-let-lax	Thrsp
ace-let-lax	Rxfp1
ace-let-lax	Pld5
ace-let-lax	Tshr
ace-let-lax	Dpyd
ace-let-lax	Hs3st3a1
ace-let-lax	Arhgap6
ace-let-lax	Lhx9
ace-let-lax	Frem2
ace-let-lax	Spp1
ace-let-lax	Tbx3
ace-let-lax	Il1rapl2
ace-let-lax	Slc26a4
ace-let-lax	Rerg
ace-let-lax	Vsx2
ace-let-lax	Nkx6-1
ace-let-lax	Syt6
ace-let-lax	Pde7b
ace-let-lax	C1qb
ace-let-lax	Ccn3
ace-let-lax	Ccnb1
ace-let-lax	Rassf4
ace-let-lax	Cald1
ace-let-lax	Cdc20
ace-let-lax	Pxdc1
ace-let-lax	Irs4
ace-let-lax	Nrsn2
ace-let-lax	Dhrs3
ace-let-lax	Bmp7
ace-let-lax	Cenpa
ace-let-lax	Ecel1
ace-let-lax	Cdh20
ace-let-lax	Slc29a1
ace-let-lax	Vav3
ace-let-lax	Rnf112
ace-let-lax	Adcy8
ace-let-lax	Htra1
ace-let-lax	Ndst4
ace-let-lax	Cdca2
ace-let-lax	Crb2
ace-let-lax	Abtb2
ace-let-lax	Pde5a
ace-let-lax	Ankfn1
ace-let-lax	Blank-0
ace-let-lax	Blank-1
ace-let-lax	Blank-2
ace-let-lax	Blank-3
ace-let-lax	Blank-4
ace-let-lax	Blank-5
ace-let-lax	Blank-6
ace-let-lax	Blank-7
ace-let-lax	Blank-8
ace-let-lax	Blank-9
ace-let-lax	Blank-10
ace-let-lax	Blank-11
ace-let-lax	Blank-12
ace-let-lax	Blank-13
ace-let-lax	Blank-14
ace-let-lax	Blank-15
ace-let-lax	Blank-16
ace-let-lax	Blank-17
ace-let-lax	Blank-18
ace-let-lax	Blank-19
ace-let-lax	Blank-20
ace-let-lax	Blank-21
ace-let-lax	Blank-22
ace-let-lax	Blank-23
ace-let-lax	Blank-24
ace-let-lax	Blank-25
ace-let-lax	Blank-26
ace-let-lax	Blank-27
ace-let-lax	Blank-28
ace-let-lax	Blank-29
ace-let-lax	Blank-30
ace-let-lax	Blank-31
ace-let-lax	Blank-32
ace-let-lax	Blank-33
ace-let-lax	Blank-34
ace-let-lax	Blank-35
ace-let-lax	Blank-36
ace-let-lax	Blank-37
ace-let-lax	Blank-38
ace-let-lax	Blank-39
ace-let-lax	Blank-40
ace-let-lax	Blank-41
ace-let-lax	Blank-42
ace-let-lax	Blank-43
ace-let-lax	Blank-44
ace-let-lax	Blank-45
ace-let-lax	Blank-46
ace-let-lax	Blank-47
ace-let-lax	Blank-48
ace-let-lax	Blank-49
ace-let-lay	Meis2
ace-let-lay	Neurod6
ace-let-lay	Nr2f2
ace-let-lay	Mef2c
ace-let-lay	Nfib
ace-let-lay	Nfix
ace-let-lay	Zeb2
ace-let-lay	Tcf7l2
ace-let-lay	Id4
ace-let-lay	Zic1
ace-let-lay	Neurod2
ace-let-lay	Sox5
ace-let-lay	Tbr1
ace-let-lay	Bhlhe22
ace-let-lay	Nr2f1
ace-let-lay	Foxg1
ace-let-lay	Bcl11b
ace-let-lay	Sox2
ace-let-lay	Satb1
ace-let-lay	Pou3f3
ace-let-lay	Zic2
ace-let-lay	Nr4a3
ace-let-lay	Dlx1
ace-let-lay	Etv5
ace-let-lay	Arx
ace-let-lay	Satb2
ace-let-lay	Jun
ace-let-lay	Tox
ace-let-lay	Rxrg
ace-let-lay	Tshz2
ace-let-lay	Tfap2b
ace-let-lay	Pbx3
ace-let-lay	Nr4a2
ace-let-lay	Isl1
ace-let-lay	Tfap2d
ace-let-lay	Zfhx3
ace-let-lay	Zfp521
ace-let-lay	Foxp2
ace-let-lay	Nhlh2
ace-let-lay	Lhx2
ace-let-lay	Zhx2
ace-let-lay	Pax6
ace-let-lay	Olig1
ace-let-lay	Shox2
ace-let-lay	Lhx6
ace-let-lay	Tox3
ace-let-lay	Zfhx4
ace-let-lay	Prox1
ace-let-lay	Meis1
ace-let-lay	Gbx2
ace-let-lay	En1
ace-let-lay	Eomes
ace-let-lay	Olig2
ace-let-lay	Etv1
ace-let-lay	Fosl2
ace-let-lay	Sall3
ace-let-lay	Insm1
ace-let-lay	Sp9
ace-let-lay	Foxp4
ace-let-lay	Zfp536
ace-let-lay	Plagl1
ace-let-lay	Irx2
ace-let-lay	St18
ace-let-lay	Sox21
ace-let-lay	Tox2
ace-let-lay	Rarb
ace-let-lay	Ets1
ace-let-lay	Otx2
ace-let-lay	Sox6
ace-let-lay	Lef1
ace-let-lay	Zbtb16
ace-let-lay	Irx1
ace-let-lay	En2
ace-let-lay	Nr3c2
ace-let-lay	Sp8
ace-let-lay	Tfap2a
ace-let-lay	Bcl6
ace-let-lay	Lhx1
ace-let-lay	Nr2e1
ace-let-lay	Hoxa5
ace-let-lay	Uncx
ace-let-lay	Pax3
ace-let-lay	Gata3
ace-let-lay	Dlx2
ace-let-lay	Otp
ace-let-lay	Six3
ace-let-lay	Lhx5
ace-let-lay	Ebf2
ace-let-lay	Prdm13
ace-let-lay	Irx5
ace-let-lay	Onecut1
ace-let-lay	Msx1
ace-let-lay	Barhl1
ace-let-lay	Sox10
ace-let-lay	Sp5
ace-let-lay	Gata2
ace-let-lay	Neurog2
ace-let-lay	Tal1
ace-let-lay	Pou4f2
ace-let-lay	Nkx2-2
ace-let-lay	Tfap2c
ace-let-lay	Nkx2-1
ace-let-lay	Bnc2
ace-let-lay	Lmx1b
ace-let-lay	Ikzf1
ace-let-lay	Thrb
ace-let-lay	Foxb1
ace-let-lay	Prdm16
ace-let-lay	Sim1
ace-let-lay	Dmbx1
ace-let-lay	Onecut3
ace-let-lay	Fezf1
ace-let-lay	Glis3
ace-let-lay	Irx3
ace-let-lay	Dbx2
ace-let-lay	Pax7
ace-let-lay	Nkx2-4
ace-let-lay	Lmx1a
ace-let-lay	Hoxc4
ace-let-lay	Six6
ace-let-lay	Nhlh1
ace-let-lay	Prdm12
ace-let-lay	Pax8
ace-let-lay	Tlx3
ace-let-lay	Gbx1
ace-let-lay	Pax2
ace-let-lay	Atoh1
ace-let-lay	Mkx
ace-let-lay	Sox14
ace-let-lay	Insm2
ace-let-lay	Foxa1
ace-let-lay	Pitx2
ace-let-lay	Nr5a2
ace-let-lay	Evx2
ace-let-lay	Hmx3
ace-let-lay	Hoxc5
ace-let-lay	Nkx6-2
ace-let-lay	Runx2
ace-let-lay	Barx2
ace-let-lay	Foxd3
ace-let-lay	Hmx2
ace-let-lay	Prdm6
ace-let-lay	Hoxb6
ace-let-lay	Lhx8
ace-let-lay	Lhx3
ace-let-lay	Lhx4
ace-let-lay	Cux2
ace-let-lay	Fezf2
ace-let-lay	Mafa
ace-let-lay	Phox2b
ace-let-lay	Rax
ace-let-lay	Tbx20
ace-let-lay	Ascl1
ace-let-lay	Slc18a3
ace-let-lay	Slc6a3
ace-let-lay	Slc6a4
ace-let-lay	Slc6a5
ace-let-lay	Slc32a1
ace-let-lay	Slc17a6
ace-let-lay	Slc17a7
ace-let-lay	Slc17a8
ace-let-lay	Slc6a2
ace-let-lay	Cacng4
ace-let-lay	Gja1
ace-let-lay	Gabbr2
ace-let-lay	Sst
ace-let-lay	Nts
ace-let-lay	Grin2b
ace-let-lay	Cck
ace-let-lay	Penk
ace-let-lay	Kcnma1
ace-let-lay	Cbln2
ace-let-lay	Grik3
ace-let-lay	Adgrg1
ace-let-lay	Cnr1
ace-let-lay	Adgrl3
ace-let-lay	Cbln1
ace-let-lay	Fxyd7
ace-let-lay	Fzd1
ace-let-lay	Cxcr4
ace-let-lay	Gpr17
ace-let-lay	Nxph4
ace-let-lay	Slc24a2
ace-let-lay	Igf1
ace-let-lay	Kcnb2
ace-let-lay	Sstr2
ace-let-lay	Prokr2
ace-let-lay	Chrm3
ace-let-lay	Lpar1
ace-let-lay	Kcnj6
ace-let-lay	Kcnc4
ace-let-lay	Kcnj2
ace-let-lay	Cacng5
ace-let-lay	Htr7
ace-let-lay	Grm1
ace-let-lay	Npy1r
ace-let-lay	Kcnn2
ace-let-lay	Tacr3
ace-let-lay	Trpc4
ace-let-lay	Kcnh5
ace-let-lay	Ackr3
ace-let-lay	Adcyap1
ace-let-lay	Agt
ace-let-lay	Grik4
ace-let-lay	Grp
ace-let-lay	Kcnh1
ace-let-lay	Hcrtr2
ace-let-lay	Nxph2
ace-let-lay	Stmn3
ace-let-lay	Crmp1
ace-let-lay	Dcx
ace-let-lay	Vim
ace-let-lay	Slc1a3
ace-let-lay	Ppp1r1b
ace-let-lay	Islr2
ace-let-lay	Fn1
ace-let-lay	Prkcb
ace-let-lay	Serpine2
ace-let-lay	Olfm3
ace-let-lay	Robo2
ace-let-lay	Efnb2
ace-let-lay	Shisa6
ace-let-lay	Ntrk2
ace-let-lay	Sparc
ace-let-lay	Ephb1
ace-let-lay	Tnc
ace-let-lay	Ccnd2
ace-let-lay	Dtx1
ace-let-lay	Nrp1
ace-let-lay	Aldoc
ace-let-lay	Shtn1
ace-let-lay	Ptprn2
ace-let-lay	Vstm2l
ace-let-lay	Pla2g7
ace-let-lay	Klhl13
ace-let-lay	Fat4
ace-let-lay	Pou3f2
ace-let-lay	Fat1
ace-let-lay	Zfp462
ace-let-lay	Pcdh10
ace-let-lay	Dusp4
ace-let-lay	Sema3a
ace-let-lay	Luzp2
ace-let-lay	Calb2
ace-let-lay	H19
ace-let-lay	Cdh4
ace-let-lay	Dab1
ace-let-lay	Lmo3
ace-let-lay	Runx1t1
ace-let-lay	Mpped2
ace-let-lay	Mpped1
ace-let-lay	Hs6st2
ace-let-lay	Gng4
ace-let-lay	Gad2
ace-let-lay	Nrgn
ace-let-lay	Hs6st3
ace-let-lay	Resp18
ace-let-lay	Ptprt
ace-let-lay	Nrp2
ace-let-lay	Cldn5
ace-let-lay	Ralyl
ace-let-lay	Vat1l
ace-let-lay	Sema3c
ace-let-lay	Slc4a4
ace-let-lay	Spon1
ace-let-lay	Mdk
ace-let-lay	Ptgds
ace-let-lay	Gad1
ace-let-lay	Nrcam
ace-let-lay	Sla
ace-let-lay	Cxxc5
ace-let-lay	Dpy19l1
ace-let-lay	Sez6l
ace-let-lay	Nefm
ace-let-lay	Camk1
ace-let-lay	Pde1a
ace-let-lay	Abca1
ace-let-lay	Cachd1
ace-let-lay	Cd9
ace-let-lay	Cdh8
ace-let-lay	Pcdh11x
ace-let-lay	Aldh1l1
ace-let-lay	Igsf21
ace-let-lay	Efna5
ace-let-lay	Dkk3
ace-let-lay	Nrn1
ace-let-lay	Mki67
ace-let-lay	Pdgfra
ace-let-lay	Crym
ace-let-lay	Dach1
ace-let-lay	Clstn2
ace-let-lay	Pcdh8
ace-let-lay	Tbc1d30
ace-let-lay	Lhfpl3
ace-let-lay	Spock3
ace-let-lay	Gda
ace-let-lay	AI593442
ace-let-lay	Prmt8
ace-let-lay	Pcsk2
ace-let-lay	Nos1
ace-let-lay	Pid1
ace-let-lay	Ntng2
ace-let-lay	Thsd7a
ace-let-lay	Rgs10
ace-let-lay	Nell1
ace-let-lay	Tnr
ace-let-lay	Unc5c
ace-let-lay	Tgfb2
ace-let-lay	Rgs8
ace-let-lay	Lamc1
ace-let-lay	Cntnap4
ace-let-lay	Tspan9
ace-let-lay	Dok5
ace-let-lay	Peg10
ace-let-lay	St6galnac5
ace-let-lay	Sox2ot
ace-let-lay	Shisa9
ace-let-lay	Spats2l
ace-let-lay	Adamts3
ace-let-lay	Cdh12
ace-let-lay	Mab21l1
ace-let-lay	Unc13c
ace-let-lay	Gpc4
ace-let-lay	Sulf1
ace-let-lay	Elmo1
ace-let-lay	Brinp3
ace-let-lay	Rprm
ace-let-lay	Tspan18
ace-let-lay	Ildr2
ace-let-lay	Mlc1
ace-let-lay	Tppp3
ace-let-lay	Mir100hg
ace-let-lay	Wnt7b
ace-let-lay	Mdga1
ace-let-lay	Cpne4
ace-let-lay	B230209E15Rik
ace-let-lay	Chd7
ace-let-lay	Cadps2
ace-let-lay	Dusp6
ace-let-lay	Smoc1
ace-let-lay	Ccna2
ace-let-lay	Lifr
ace-let-lay	Tafa2
ace-let-lay	Tmem163
ace-let-lay	Arhgap29
ace-let-lay	Hist1h1d
ace-let-lay	Ntng1
ace-let-lay	Tmem164
ace-let-lay	Samd5
ace-let-lay	Lrrtm3
ace-let-lay	Dscaml1
ace-let-lay	Sfrp2
ace-let-lay	Pdzrn3
ace-let-lay	Creg2
ace-let-lay	Fam210b
ace-let-lay	Gpc3
ace-let-lay	Dock4
ace-let-lay	Plce1
ace-let-lay	Cyb561
ace-let-lay	Rftn1
ace-let-lay	Sema5a
ace-let-lay	Jam2
ace-let-lay	Kirrel3
ace-let-lay	Pcbd1
ace-let-lay	Tafa1
ace-let-lay	Egfr
ace-let-lay	Fbln2
ace-let-lay	Kcnk9
ace-let-lay	Kif11
ace-let-lay	Pmepa1
ace-let-lay	Dio2
ace-let-lay	Tmem132d
ace-let-lay	Igsf11
ace-let-lay	Sorcs3
ace-let-lay	Mcm3
ace-let-lay	Galnt17
ace-let-lay	Slc2a13
ace-let-lay	Tmem200a
ace-let-lay	Myorg
ace-let-lay	Phlda1
ace-let-lay	9130024F11Rik
ace-let-lay	Vstm2b
ace-let-lay	Fam135b
ace-let-lay	Tiam2
ace-let-lay	Palmd
ace-let-lay	Fhit
ace-let-lay	Sdk1
ace-let-lay	Ccdc80
ace-let-lay	Cntn3
ace-let-lay	Pde1c
ace-let-lay	Cdh9
ace-let-lay	Pclaf
ace-let-lay	Lhfp
ace-let-lay	Tmtc1
ace-let-lay	Lpl
ace-let-lay	Lmo1
ace-let-lay	Dgkg
ace-let-lay	Slc43a2
ace-let-lay	Fgfr1
ace-let-lay	Asb4
ace-let-lay	Nbl1
ace-let-lay	Kctd8
ace-let-lay	Iqgap2
ace-let-lay	C1qa
ace-let-lay	Zmat4
ace-let-lay	Synpr
ace-let-lay	Slco1c1
ace-let-lay	Lypd6
ace-let-lay	Dll1
ace-let-lay	Galnt14
ace-let-lay	Rgs6
ace-let-lay	Rspo3
ace-let-lay	Mlf1
ace-let-lay	Fam107a
ace-let-lay	Angpt1
ace-let-lay	Pdlim4
ace-let-lay	Sncg
ace-let-lay	Thbs1
ace-let-lay	Prss12
ace-let-lay	Inhbb
ace-let-lay	Ptchd4
ace-let-lay	Rprml
ace-let-lay	C1qc
ace-let-lay	C1ql3
ace-let-lay	Cep112
ace-let-lay	Utrn
ace-let-lay	Rai14
ace-let-lay	Col25a1
ace-let-lay	Hs3st2
ace-let-lay	Naaa
ace-let-lay	Gas2l3
ace-let-lay	Laptm5
ace-let-lay	Parm1
ace-let-lay	Met
ace-let-lay	Slit3
ace-let-lay	Col18a1
ace-let-lay	Ostf1
ace-let-lay	Thsd7b
ace-let-lay	Cenpf
ace-let-lay	Gpc6
ace-let-lay	Ptpru
ace-let-lay	Cspg4
ace-let-lay	Slitrk6
ace-let-lay	Hmmr
ace-let-lay	Mgat4c
ace-let-lay	Fibcd1
ace-let-lay	Syndig1
ace-let-lay	Sdk2
ace-let-lay	Inhba
ace-let-lay	Ung
ace-let-lay	C1ql1
ace-let-lay	Cdca3
ace-let-lay	Eya2
ace-let-lay	Prr16
ace-let-lay	Ecrg4
ace-let-lay	Adamtsl3
ace-let-lay	C230072F16Rik
ace-let-lay	Thrsp
ace-let-lay	Rxfp1
ace-let-lay	Pld5
ace-let-lay	Tshr
ace-let-lay	Dpyd
ace-let-lay	Hs3st3a1
ace-let-lay	Arhgap6
ace-let-lay	Lhx9
ace-let-lay	Frem2
ace-let-lay	Spp1
ace-let-lay	Tbx3
ace-let-lay	Il1rapl2
ace-let-lay	Slc26a4
ace-let-lay	Rerg
ace-let-lay	Vsx2
ace-let-lay	Nkx6-1
ace-let-lay	Syt6
ace-let-lay	Pde7b
ace-let-lay	C1qb
ace-let-lay	Ccn3
ace-let-lay	Ccnb1
ace-let-lay	Rassf4
ace-let-lay	Cald1
ace-let-lay	Cdc20
ace-let-lay	Pxdc1
ace-let-lay	Irs4
ace-let-lay	Nrsn2
ace-let-lay	Dhrs3
ace-let-lay	Bmp7
ace-let-lay	Cenpa
ace-let-lay	Ecel1
ace-let-lay	Cdh20
ace-let-lay	Slc29a1
ace-let-lay	Vav3
ace-let-lay	Rnf112
ace-let-lay	Adcy8
ace-let-lay	Htra1
ace-let-lay	Ndst4
ace-let-lay	Cdca2
ace-let-lay	Crb2
ace-let-lay	Abtb2
ace-let-lay	Pde5a
ace-let-lay	Ankfn1
ace-let-lay	Blank-0
ace-let-lay	Blank-1
ace-let-lay	Blank-2
ace-let-lay	Blank-3
ace-let-lay	Blank-4
ace-let-lay	Blank-5
ace-let-lay	Blank-6
ace-let-lay	Blank-7
ace-let-lay	Blank-8
ace-let-lay	Blank-9
ace-let-lay	Blank-10
ace-let-lay	Blank-11
ace-let-lay	Blank-12
ace-let-lay	Blank-13
ace-let-lay	Blank-14
ace-let-lay	Blank-15
ace-let-lay	Blank-16
ace-let-lay	Blank-17
ace-let-lay	Blank-18
ace-let-lay	Blank-19
ace-let-lay	Blank-20
ace-let-lay	Blank-21
ace-let-lay	Blank-22
ace-let-lay	Blank-23
ace-let-lay	Blank-24
ace-let-lay	Blank-25
ace-let-lay	Blank-26
ace-let-lay	Blank-27
ace-let-lay	Blank-28
ace-let-lay	Blank-29
ace-let-lay	Blank-30
ace-let-lay	Blank-31
ace-let-lay	Blank-32
ace-let-lay	Blank-33
ace-let-lay	Blank-34
ace-let-lay	Blank-35
ace-let-lay	Blank-36
ace-let-lay	Blank-37
ace-let-lay	Blank-38
ace-let-lay	Blank-39
ace-let-lay	Blank-40
ace-let-lay	Blank-41
ace-let-lay	Blank-42
ace-let-lay	Blank-43
ace-let-lay	Blank-44
ace-let-lay	Blank-45
ace-let-lay	Blank-46
ace-let-lay	Blank-47
ace-let-lay	Blank-48
ace-let-lay	Blank-49
ace-met-war	Meis2
ace-met-war	Neurod6
ace-met-war	Nr2f2
ace-met-war	Mef2c
ace-met-war	Nfib
ace-met-war	Nfix
ace-met-war	Zeb2
ace-met-war	Tcf7l2
ace-met-war	Id4
ace-met-war	Zic1
ace-met-war	Neurod2
ace-met-war	Sox5
ace-met-war	Tbr1
ace-met-war	Bhlhe22
ace-met-war	Nr2f1
ace-met-war	Foxg1
ace-met-war	Bcl11b
ace-met-war	Sox2
ace-met-war	Satb1
ace-met-war	Pou3f3
ace-met-war	Zic2
ace-met-war	Nr4a3
ace-met-war	Dlx1
ace-met-war	Etv5
ace-met-war	Arx
ace-met-war	Satb2
ace-met-war	Jun
ace-met-war	Tox
ace-met-war	Rxrg
ace-met-war	Tshz2
ace-met-war	Tfap2b
ace-met-war	Pbx3
ace-met-war	Nr4a2
ace-met-war	Isl1
ace-met-war	Tfap2d
ace-met-war	Zfhx3
ace-met-war	Zfp521
ace-met-war	Foxp2
ace-met-war	Nhlh2
ace-met-war	Lhx2
ace-met-war	Zhx2
ace-met-war	Pax6
ace-met-war	Olig1
ace-met-war	Shox2
ace-met-war	Lhx6
ace-met-war	Tox3
ace-met-war	Zfhx4
ace-met-war	Prox1
ace-met-war	Meis1
ace-met-war	Gbx2
ace-met-war	En1
ace-met-war	Eomes
ace-met-war	Olig2
ace-met-war	Etv1
ace-met-war	Fosl2
ace-met-war	Sall3
ace-met-war	Insm1
ace-met-war	Sp9
ace-met-war	Foxp4
ace-met-war	Zfp536
ace-met-war	Plagl1
ace-met-war	Irx2
ace-met-war	St18
ace-met-war	Sox21
ace-met-war	Tox2
ace-met-war	Rarb
ace-met-war	Ets1
ace-met-war	Otx2
ace-met-war	Sox6
ace-met-war	Lef1
ace-met-war	Zbtb16
ace-met-war	Irx1
ace-met-war	En2
ace-met-war	Nr3c2
ace-met-war	Sp8
ace-met-war	Tfap2a
ace-met-war	Bcl6
ace-met-war	Lhx1
ace-met-war	Nr2e1
ace-met-war	Hoxa5
ace-met-war	Uncx
ace-met-war	Pax3
ace-met-war	Gata3
ace-met-war	Dlx2
ace-met-war	Otp
ace-met-war	Six3
ace-met-war	Lhx5
ace-met-war	Ebf2
ace-met-war	Prdm13
ace-met-war	Irx5
ace-met-war	Onecut1
ace-met-war	Msx1
ace-met-war	Barhl1
ace-met-war	Sox10
ace-met-war	Sp5
ace-met-war	Gata2
ace-met-war	Neurog2
ace-met-war	Tal1
ace-met-war	Pou4f2
ace-met-war	Nkx2-2
ace-met-war	Tfap2c
ace-met-war	Nkx2-1
ace-met-war	Bnc2
ace-met-war	Lmx1b
ace-met-war	Ikzf1
ace-met-war	Thrb
ace-met-war	Foxb1
ace-met-war	Prdm16
ace-met-war	Sim1
ace-met-war	Dmbx1
ace-met-war	Onecut3
ace-met-war	Fezf1
ace-met-war	Glis3
ace-met-war	Irx3
ace-met-war	Dbx2
ace-met-war	Pax7
ace-met-war	Nkx2-4
ace-met-war	Lmx1a
ace-met-war	Hoxc4
ace-met-war	Six6
ace-met-war	Nhlh1
ace-met-war	Prdm12
ace-met-war	Pax8
ace-met-war	Tlx3
ace-met-war	Gbx1
ace-met-war	Pax2
ace-met-war	Atoh1
ace-met-war	Mkx
ace-met-war	Sox14
ace-met-war	Insm2
ace-met-war	Foxa1
ace-met-war	Pitx2
ace-met-war	Nr5a2
ace-met-war	Evx2
ace-met-war	Hmx3
ace-met-war	Hoxc5
ace-met-war	Nkx6-2
ace-met-war	Runx2
ace-met-war	Barx2
ace-met-war	Foxd3
ace-met-war	Hmx2
ace-met-war	Prdm6
ace-met-war	Hoxb6
ace-met-war	Lhx8
ace-met-war	Lhx3
ace-met-war	Lhx4
ace-met-war	Cux2
ace-met-war	Fezf2
ace-met-war	Mafa
ace-met-war	Phox2b
ace-met-war	Rax
ace-met-war	Tbx20
ace-met-war	Ascl1
ace-met-war	Slc18a3
ace-met-war	Slc6a3
ace-met-war	Slc6a4
ace-met-war	Slc6a5
ace-met-war	Slc32a1
ace-met-war	Slc17a6
ace-met-war	Slc17a7
ace-met-war	Slc17a8
ace-met-war	Slc6a2
ace-met-war	Cacng4
ace-met-war	Gja1
ace-met-war	Gabbr2
ace-met-war	Sst
ace-met-war	Nts
ace-met-war	Grin2b
ace-met-war	Cck
ace-met-war	Penk
ace-met-war	Kcnma1
ace-met-war	Cbln2
ace-met-war	Grik3
ace-met-war	Adgrg1
ace-met-war	Cnr1
ace-met-war	Adgrl3
ace-met-war	Cbln1
ace-met-war	Fxyd7
ace-met-war	Fzd1
ace-met-war	Cxcr4
ace-met-war	Gpr17
ace-met-war	Nxph4
ace-met-war	Slc24a2
ace-met-war	Igf1
ace-met-war	Kcnb2
ace-met-war	Sstr2
ace-met-war	Prokr2
ace-met-war	Chrm3
ace-met-war	Lpar1
ace-met-war	Kcnj6
ace-met-war	Kcnc4
ace-met-war	Kcnj2
ace-met-war	Cacng5
ace-met-war	Htr7
ace-met-war	Grm1
ace-met-war	Npy1r
ace-met-war	Kcnn2
ace-met-war	Tacr3
ace-met-war	Trpc4
ace-met-war	Kcnh5
ace-met-war	Ackr3
ace-met-war	Adcyap1
ace-met-war	Agt
ace-met-war	Grik4
ace-met-war	Grp
ace-met-war	Kcnh1
ace-met-war	Hcrtr2
ace-met-war	Nxph2
ace-met-war	Stmn3
ace-met-war	Crmp1
ace-met-war	Dcx
ace-met-war	Vim
ace-met-war	Slc1a3
ace-met-war	Ppp1r1b
ace-met-war	Islr2
ace-met-war	Fn1
ace-met-war	Prkcb
ace-met-war	Serpine2
ace-met-war	Olfm3
ace-met-war	Robo2
ace-met-war	Efnb2
ace-met-war	Shisa6
ace-met-war	Ntrk2
ace-met-war	Sparc
ace-met-war	Ephb1
ace-met-war	Tnc
ace-met-war	Ccnd2
ace-met-war	Dtx1
ace-met-war	Nrp1
ace-met-war	Aldoc
ace-met-war	Shtn1
ace-met-war	Ptprn2
ace-met-war	Vstm2l
ace-met-war	Pla2g7
ace-met-war	Klhl13
ace-met-war	Fat4
ace-met-war	Pou3f2
ace-met-war	Fat1
ace-met-war	Zfp462
ace-met-war	Pcdh10
ace-met-war	Dusp4
ace-met-war	Sema3a
ace-met-war	Luzp2
ace-met-war	Calb2
ace-met-war	H19
ace-met-war	Cdh4
ace-met-war	Dab1
ace-met-war	Lmo3
ace-met-war	Runx1t1
ace-met-war	Mpped2
ace-met-war	Mpped1
ace-met-war	Hs6st2
ace-met-war	Gng4
ace-met-war	Gad2
ace-met-war	Nrgn
ace-met-war	Hs6st3
ace-met-war	Resp18
ace-met-war	Ptprt
ace-met-war	Nrp2
ace-met-war	Cldn5
ace-met-war	Ralyl
ace-met-war	Vat1l
ace-met-war	Sema3c
ace-met-war	Slc4a4
ace-met-war	Spon1
ace-met-war	Mdk
ace-met-war	Ptgds
ace-met-war	Gad1
ace-met-war	Nrcam
ace-met-war	Sla
ace-met-war	Cxxc5
ace-met-war	Dpy19l1
ace-met-war	Sez6l
ace-met-war	Nefm
ace-met-war	Camk1
ace-met-war	Pde1a
ace-met-war	Abca1
ace-met-war	Cachd1
ace-met-war	Cd9
ace-met-war	Cdh8
ace-met-war	Pcdh11x
ace-met-war	Aldh1l1
ace-met-war	Igsf21
ace-met-war	Efna5
ace-met-war	Dkk3
ace-met-war	Nrn1
ace-met-war	Mki67
ace-met-war	Pdgfra
ace-met-war	Crym
ace-met-war	Dach1
ace-met-war	Clstn2
ace-met-war	Pcdh8
ace-met-war	Tbc1d30
ace-met-war	Lhfpl3
ace-met-war	Spock3
ace-met-war	Gda
ace-met-war	AI593442
ace-met-war	Prmt8
ace-met-war	Pcsk2
ace-met-war	Nos1
ace-met-war	Pid1
ace-met-war	Ntng2
ace-met-war	Thsd7a
ace-met-war	Rgs10
ace-met-war	Nell1
ace-met-war	Tnr
ace-met-war	Unc5c
ace-met-war	Tgfb2
ace-met-war	Rgs8
ace-met-war	Lamc1
ace-met-war	Cntnap4
ace-met-war	Tspan9
ace-met-war	Dok5
ace-met-war	Peg10
ace-met-war	St6galnac5
ace-met-war	Sox2ot
ace-met-war	Shisa9
ace-met-war	Spats2l
ace-met-war	Adamts3
ace-met-war	Cdh12
ace-met-war	Mab21l1
ace-met-war	Unc13c
ace-met-war	Gpc4
ace-met-war	Sulf1
ace-met-war	Elmo1
ace-met-war	Brinp3
ace-met-war	Rprm
ace-met-war	Tspan18
ace-met-war	Ildr2
ace-met-war	Mlc1
ace-met-war	Tppp3
ace-met-war	Mir100hg
ace-met-war	Wnt7b
ace-met-war	Mdga1
ace-met-war	Cpne4
ace-met-war	B230209E15Rik
ace-met-war	Chd7
ace-met-war	Cadps2
ace-met-war	Dusp6
ace-met-war	Smoc1
ace-met-war	Ccna2
ace-met-war	Lifr
ace-met-war	Tafa2
ace-met-war	Tmem163
ace-met-war	Arhgap29
ace-met-war	Hist1h1d
ace-met-war	Ntng1
ace-met-war	Tmem164
ace-met-war	Samd5
ace-met-war	Lrrtm3
ace-met-war	Dscaml1
ace-met-war	Sfrp2
ace-met-war	Pdzrn3
ace-met-war	Creg2
ace-met-war	Fam210b
ace-met-war	Gpc3
ace-met-war	Dock4
ace-met-war	Plce1
ace-met-war	Cyb561
ace-met-war	Rftn1
ace-met-war	Sema5a
ace-met-war	Jam2
ace-met-war	Kirrel3
ace-met-war	Pcbd1
ace-met-war	Tafa1
ace-met-war	Egfr
ace-met-war	Fbln2
ace-met-war	Kcnk9
ace-met-war	Kif11
ace-met-war	Pmepa1
ace-met-war	Dio2
ace-met-war	Tmem132d
ace-met-war	Igsf11
ace-met-war	Sorcs3
ace-met-war	Mcm3
ace-met-war	Galnt17
ace-met-war	Slc2a13
ace-met-war	Tmem200a
ace-met-war	Myorg
ace-met-war	Phlda1
ace-met-war	9130024F11Rik
ace-met-war	Vstm2b
ace-met-war	Fam135b
ace-met-war	Tiam2
ace-met-war	Palmd
ace-met-war	Fhit
ace-met-war	Sdk1
ace-met-war	Ccdc80
ace-met-war	Cntn3
ace-met-war	Pde1c
ace-met-war	Cdh9
ace-met-war	Pclaf
ace-met-war	Lhfp
ace-met-war	Tmtc1
ace-met-war	Lpl
ace-met-war	Lmo1
ace-met-war	Dgkg
ace-met-war	Slc43a2
ace-met-war	Fgfr1
ace-met-war	Asb4
ace-met-war	Nbl1
ace-met-war	Kctd8
ace-met-war	Iqgap2
ace-met-war	C1qa
ace-met-war	Zmat4
ace-met-war	Synpr
ace-met-war	Slco1c1
ace-met-war	Lypd6
ace-met-war	Dll1
ace-met-war	Galnt14
ace-met-war	Rgs6
ace-met-war	Rspo3
ace-met-war	Mlf1
ace-met-war	Fam107a
ace-met-war	Angpt1
ace-met-war	Pdlim4
ace-met-war	Sncg
ace-met-war	Thbs1
ace-met-war	Prss12
ace-met-war	Inhbb
ace-met-war	Ptchd4
ace-met-war	Rprml
ace-met-war	C1qc
ace-met-war	C1ql3
ace-met-war	Cep112
ace-met-war	Utrn
ace-met-war	Rai14
ace-met-war	Col25a1
ace-met-war	Hs3st2
ace-met-war	Naaa
ace-met-war	Gas2l3
ace-met-war	Laptm5
ace-met-war	Parm1
ace-met-war	Met
ace-met-war	Slit3
ace-met-war	Col18a1
ace-met-war	Ostf1
ace-met-war	Thsd7b
ace-met-war	Cenpf
ace-met-war	Gpc6
ace-met-war	Ptpru
ace-met-war	Cspg4
ace-met-war	Slitrk6
ace-met-war	Hmmr
ace-met-war	Mgat4c
ace-met-war	Fibcd1
ace-met-war	Syndig1
ace-met-war	Sdk2
ace-met-war	Inhba
ace-met-war	Ung
ace-met-war	C1ql1
ace-met-war	Cdca3
ace-met-war	Eya2
ace-met-war	Prr16
ace-met-war	Ecrg4
ace-met-war	Adamtsl3
ace-met-war	C230072F16Rik
ace-met-war	Thrsp
ace-met-war	Rxfp1
ace-met-war	Pld5
ace-met-war	Tshr
ace-met-war	Dpyd
ace-met-war	Hs3st3a1
ace-met-war	Arhgap6
ace-met-war	Lhx9
ace-met-war	Frem2
ace-met-war	Spp1
ace-met-war	Tbx3
ace-met-war	Il1rapl2
ace-met-war	Slc26a4
ace-met-war	Rerg
ace-met-war	Vsx2
ace-met-war	Nkx6-1
ace-met-war	Syt6
ace-met-war	Pde7b
ace-met-war	C1qb
ace-met-war	Ccn3
ace-met-war	Ccnb1
ace-met-war	Rassf4
ace-met-war	Cald1
ace-met-war	Cdc20
ace-met-war	Pxdc1
ace-met-war	Irs4
ace-met-war	Nrsn2
ace-met-war	Dhrs3
ace-met-war	Bmp7
ace-met-war	Cenpa
ace-met-war	Ecel1
ace-met-war	Cdh20
ace-met-war	Slc29a1
ace-met-war	Vav3
ace-met-war	Rnf112
ace-met-war	Adcy8
ace-met-war	Htra1
ace-met-war	Ndst4
ace-met-war	Cdca2
ace-met-war	Crb2
ace-met-war	Abtb2
ace-met-war	Pde5a
ace-met-war	Ankfn1
ace-met-war	Blank-0
ace-met-war	Blank-1
ace-met-war	Blank-2
ace-met-war	Blank-3
ace-met-war	Blank-4
ace-met-war	Blank-5
ace-met-war	Blank-6
ace-met-war	Blank-7
ace-met-war	Blank-8
ace-met-war	Blank-9
ace-met-war	Blank-10
ace-met-war	Blank-11
ace-met-war	Blank-12
ace-met-war	Blank-13
ace-met-war	Blank-14
ace-met-war	Blank-15
ace-met-war	Blank-16
ace-met-war	Blank-17
ace-met-war	Blank-18
ace-met-war	Blank-19
ace-met-war	Blank-20
ace-met-war	Blank-21
ace-met-war	Blank-22
ace-met-war	Blank-23
ace-met-war	Blank-24
ace-met-war	Blank-25
ace-met-war	Blank-26
ace-met-war	Blank-27
ace-met-war	Blank-28
ace-met-war	Blank-29
ace-met-war	Blank-30
ace-met-war	Blank-31
ace-met-war	Blank-32
ace-met-war	Blank-33
ace-met-war	Blank-34
ace-met-war	Blank-35
ace-met-war	Blank-36
ace-met-war	Blank-37
ace-met-war	Blank-38
ace-met-war	Blank-39
ace-met-war	Blank-40
ace-met-war	Blank-41
ace-met-war	Blank-42
ace-met-war	Blank-43
ace-met-war	Blank-44
ace-met-war	Blank-45
ace-met-war	Blank-46
ace-met-war	Blank-47
ace-met-war	Blank-48
ace-met-war	Blank-49
